timestamp,date,hour,line_id,total_stations,shift,weekday,planned_work,stations_down,packers_scheduled,packers_available,avg_units_per_packer,building_extra_packers,other_line_capacity,added_packers,packers_available_after_support,work_diverted_out,scaled_back_work,net_incoming_volume,intervention_type,active_stations,available_work,needed_packers,packers_assigned,reassigned_packers,line_capacity,units_packed,backlog_units,utilization_rate,capacity_shortfall,bottleneck_flag,next_hour_backlog,next_hour_backlog_risk
2026-04-01 00:00:00,2026-04-01,0,PACK-LINE-01,18,night,Wednesday,1071,2,10,10,82,2,90,0,10,0,0,1071,none,16,1071,14,10,0,820,820,251,1.0,251,1,584.0,0
2026-04-01 01:00:00,2026-04-01,1,PACK-LINE-01,18,night,Wednesday,1153,0,10,10,82,5,5,0,10,0,0,1153,none,18,1404,18,10,0,820,820,584,1.0,584,1,641.0,0
2026-04-01 02:00:00,2026-04-01,2,PACK-LINE-01,18,night,Wednesday,761,0,10,8,88,0,107,0,8,0,0,761,none,18,1345,16,8,0,704,704,641,1.0,641,1,1129.0,1
2026-04-01 03:00:00,2026-04-01,3,PACK-LINE-01,18,night,Wednesday,1152,2,10,8,83,0,106,0,8,0,0,1152,none,16,1793,22,8,0,664,664,1129,1.0,1129,1,783.0,1
2026-04-01 04:00:00,2026-04-01,4,PACK-LINE-01,18,night,Wednesday,804,2,10,7,90,4,301,4,11,160,0,644,added_packers_and_work_diverted,16,1773,20,11,0,990,990,783,1.0,783,1,1051.0,1
2026-04-01 05:00:00,2026-04-01,5,PACK-LINE-01,18,night,Wednesday,1135,0,10,8,80,0,232,0,8,227,0,908,work_diverted,18,1691,22,8,0,640,640,1051,1.0,1051,1,1023.0,1
2026-04-01 06:00:00,2026-04-01,6,PACK-LINE-01,18,day,Wednesday,1705,0,18,18,80,5,293,0,18,293,0,1412,work_diverted,18,2463,31,18,0,1440,1440,1023,1.0,1023,1,874.0,1
2026-04-01 07:00:00,2026-04-01,7,PACK-LINE-01,18,day,Wednesday,1533,0,18,17,86,1,134,1,18,134,0,1399,added_packers_and_work_diverted,18,2422,29,18,0,1548,1548,874,1.0,874,1,900.0,1
2026-04-01 08:00:00,2026-04-01,8,PACK-LINE-01,18,day,Wednesday,1525,0,18,16,79,0,235,0,16,235,0,1290,work_diverted,18,2164,28,16,0,1264,1264,900,1.0,900,1,1052.0,1
2026-04-01 09:00:00,2026-04-01,9,PACK-LINE-01,18,day,Wednesday,1770,1,18,18,77,5,309,0,18,309,0,1461,work_diverted,17,2361,31,17,1,1309,1309,1052,1.0,1052,1,1523.0,1
2026-04-01 10:00:00,2026-04-01,10,PACK-LINE-01,18,day,Wednesday,2012,2,18,18,84,4,197,0,18,197,0,1815,work_diverted,16,2867,35,16,2,1344,1344,1523,1.0,1523,1,2003.0,1
2026-04-01 11:00:00,2026-04-01,11,PACK-LINE-01,18,day,Wednesday,2207,0,18,18,80,1,287,0,18,287,0,1920,work_diverted,18,3443,44,18,0,1440,1440,2003,1.0,2003,1,2055.0,1
2026-04-01 12:00:00,2026-04-01,12,PACK-LINE-01,18,day,Wednesday,1673,2,18,16,86,3,245,0,16,245,0,1428,work_diverted,16,3431,40,16,0,1376,1376,2055,1.0,2055,1,2240.0,1
2026-04-01 13:00:00,2026-04-01,13,PACK-LINE-01,18,day,Wednesday,1436,3,18,18,77,0,96,0,18,96,0,1340,work_diverted,15,3395,45,15,3,1155,1155,2240,1.0,2240,1,2020.0,1
2026-04-01 14:00:00,2026-04-01,14,PACK-LINE-01,18,swing,Wednesday,1125,0,16,14,80,0,349,0,14,225,0,900,work_diverted,18,3140,40,14,0,1120,1120,2020,1.0,2020,1,2690.0,1
2026-04-01 15:00:00,2026-04-01,15,PACK-LINE-01,18,swing,Wednesday,2259,4,16,13,90,2,329,1,14,329,0,1930,added_packers_and_work_diverted,14,3950,44,14,0,1260,1260,2690,1.0,2690,1,2819.0,1
2026-04-01 16:00:00,2026-04-01,16,PACK-LINE-01,18,swing,Wednesday,1965,0,16,14,89,3,323,3,17,323,0,1642,added_packers_and_work_diverted,18,4332,49,17,0,1513,1513,2819,1.0,2819,1,2857.0,1
2026-04-01 17:00:00,2026-04-01,17,PACK-LINE-01,18,swing,Wednesday,1285,4,16,13,80,3,127,1,14,127,0,1158,added_packers_and_work_diverted,14,3977,50,14,0,1120,1120,2857,1.0,2857,1,2310.0,1
2026-04-01 18:00:00,2026-04-01,18,PACK-LINE-01,18,swing,Wednesday,1016,0,16,16,85,0,251,0,16,203,0,813,work_diverted,18,3670,44,16,0,1360,1360,2310,1.0,2310,1,2550.0,1
2026-04-01 19:00:00,2026-04-01,19,PACK-LINE-01,18,swing,Wednesday,1697,2,16,15,87,5,65,1,16,65,0,1632,added_packers_and_work_diverted,16,3942,46,16,0,1392,1392,2550,1.0,2550,1,2513.0,1
2026-04-01 20:00:00,2026-04-01,20,PACK-LINE-01,18,swing,Wednesday,1570,0,16,14,83,3,196,3,17,196,0,1374,added_packers_and_work_diverted,18,3924,48,17,0,1411,1411,2513,1.0,2513,1,2493.0,1
2026-04-01 21:00:00,2026-04-01,21,PACK-LINE-01,18,swing,Wednesday,1799,0,16,16,87,3,253,2,18,253,0,1546,added_packers_and_work_diverted,18,4059,47,18,0,1566,1566,2493,1.0,2493,1,2428.0,1
2026-04-01 22:00:00,2026-04-01,22,PACK-LINE-01,18,night,Wednesday,1040,2,10,9,85,3,85,3,12,85,0,955,added_packers_and_work_diverted,16,3448,41,12,0,1020,1020,2428,1.0,2428,1,2138.0,1
2026-04-01 23:00:00,2026-04-01,23,PACK-LINE-01,18,night,Wednesday,1177,0,10,9,88,5,241,5,14,235,0,942,added_packers_and_work_diverted,18,3370,39,14,0,1232,1232,2138,1.0,2138,1,2873.0,1
2026-04-02 00:00:00,2026-04-02,0,PACK-LINE-01,18,night,Thursday,1542,0,10,8,78,2,27,2,10,27,0,1515,added_packers_and_work_diverted,18,3653,47,10,0,780,780,2873,1.0,2873,1,2854.0,1
2026-04-02 01:00:00,2026-04-02,1,PACK-LINE-01,18,night,Thursday,1057,2,10,8,84,4,68,4,12,68,0,989,added_packers_and_work_diverted,16,3862,46,12,0,1008,1008,2854,1.0,2854,1,3345.0,1
2026-04-02 02:00:00,2026-04-02,2,PACK-LINE-01,18,night,Thursday,1321,1,10,7,92,0,186,0,7,186,0,1135,work_diverted,17,3989,44,7,0,644,644,3345,1.0,3345,1,3900.0,1
2026-04-02 03:00:00,2026-04-02,3,PACK-LINE-01,18,night,Thursday,1261,2,10,7,80,1,66,1,8,66,0,1195,added_packers_and_work_diverted,16,4540,57,8,0,640,640,3900,1.0,3900,1,3734.0,1
2026-04-02 04:00:00,2026-04-02,4,PACK-LINE-01,18,night,Thursday,988,3,10,9,87,2,339,2,11,197,0,791,added_packers_and_work_diverted,15,4691,54,11,0,957,957,3734,1.0,3734,1,4382.0,1
2026-04-02 05:00:00,2026-04-02,5,PACK-LINE-01,18,night,Thursday,1471,0,10,8,84,1,67,1,9,67,0,1404,added_packers_and_work_diverted,18,5138,62,9,0,756,756,4382,1.0,4382,1,4617.0,1
2026-04-02 06:00:00,2026-04-02,6,PACK-LINE-01,18,day,Thursday,1851,0,18,17,88,0,120,0,17,120,0,1731,work_diverted,18,6113,70,17,0,1496,1496,4617,1.0,4617,1,4115.0,1
2026-04-02 07:00:00,2026-04-02,7,PACK-LINE-01,18,day,Thursday,1285,1,18,16,90,2,286,1,17,257,0,1028,added_packers_and_work_diverted,17,5645,63,17,0,1530,1530,4115,1.0,4115,1,3673.0,1
2026-04-02 08:00:00,2026-04-02,8,PACK-LINE-01,18,day,Thursday,1260,2,18,18,94,5,198,0,18,198,0,1062,work_diverted,16,5177,56,16,2,1504,1504,3673,1.0,3673,1,3744.0,1
2026-04-02 09:00:00,2026-04-02,9,PACK-LINE-01,18,day,Thursday,1588,1,18,15,82,0,287,0,15,287,0,1301,work_diverted,17,4974,61,15,0,1230,1230,3744,1.0,3744,1,4616.0,1
2026-04-02 10:00:00,2026-04-02,10,PACK-LINE-01,18,day,Thursday,2542,0,18,18,88,5,86,0,18,86,0,2456,work_diverted,18,6200,71,18,0,1584,1584,4616,1.0,4616,1,5868.0,1
2026-04-02 11:00:00,2026-04-02,11,PACK-LINE-01,18,day,Thursday,2637,2,18,17,86,5,9,0,17,9,0,2628,work_diverted,16,7244,85,16,1,1376,1376,5868,1.0,5868,1,5938.0,1
2026-04-02 12:00:00,2026-04-02,12,PACK-LINE-01,18,day,Thursday,1873,2,18,17,95,4,283,0,17,283,0,1590,work_diverted,16,7458,79,16,1,1520,1520,5938,1.0,5938,1,6640.0,1
2026-04-02 13:00:00,2026-04-02,13,PACK-LINE-01,18,day,Thursday,2049,3,18,18,74,4,237,0,18,237,0,1812,work_diverted,15,7750,105,15,3,1110,1110,6640,1.0,6640,1,7094.0,1
2026-04-02 14:00:00,2026-04-02,14,PACK-LINE-01,18,swing,Thursday,1540,4,16,13,77,5,8,1,14,8,0,1532,added_packers_and_work_diverted,14,8172,107,14,0,1078,1078,7094,1.0,7094,1,7937.0,1
2026-04-02 15:00:00,2026-04-02,15,PACK-LINE-01,18,swing,Thursday,2197,0,16,13,88,1,122,1,14,122,0,2075,added_packers_and_work_diverted,18,9169,105,14,0,1232,1232,7937,1.0,7937,1,8849.0,1
2026-04-02 16:00:00,2026-04-02,16,PACK-LINE-01,18,swing,Thursday,2262,0,16,13,79,4,7,4,17,7,0,2255,added_packers_and_work_diverted,18,10192,130,17,0,1343,1343,8849,1.0,8849,1,9719.0,1
2026-04-02 17:00:00,2026-04-02,17,PACK-LINE-01,18,swing,Thursday,2530,0,16,15,84,5,148,3,18,148,0,2382,added_packers_and_work_diverted,18,11231,134,18,0,1512,1512,9719,1.0,9719,1,9725.0,1
2026-04-02 18:00:00,2026-04-02,18,PACK-LINE-01,18,swing,Thursday,1658,0,16,15,94,0,242,0,15,242,0,1416,work_diverted,18,11135,119,15,0,1410,1410,9725,1.0,9725,1,9712.0,1
2026-04-02 19:00:00,2026-04-02,19,PACK-LINE-01,18,swing,Thursday,1703,0,16,13,88,4,220,4,17,220,0,1483,added_packers_and_work_diverted,18,11208,128,17,0,1496,1496,9712,1.0,9712,1,10089.0,1
2026-04-02 20:00:00,2026-04-02,20,PACK-LINE-01,18,swing,Thursday,1792,2,16,13,82,1,267,1,14,267,0,1525,added_packers_and_work_diverted,16,11237,138,14,0,1148,1148,10089,1.0,10089,1,9866.0,1
2026-04-02 21:00:00,2026-04-02,21,PACK-LINE-01,18,swing,Thursday,1377,0,16,13,79,5,178,5,18,178,0,1199,added_packers_and_work_diverted,18,11288,143,18,0,1422,1422,9866,1.0,9866,1,9505.0,1
2026-04-02 22:00:00,2026-04-02,22,PACK-LINE-01,18,night,Thursday,814,1,10,10,81,3,122,3,13,122,0,692,added_packers_and_work_diverted,17,10558,131,13,0,1053,1053,9505,1.0,9505,1,9738.0,1
2026-04-02 23:00:00,2026-04-02,23,PACK-LINE-01,18,night,Thursday,1440,3,10,8,82,4,223,4,12,223,0,1217,added_packers_and_work_diverted,15,10722,131,12,0,984,984,9738,1.0,9738,1,9513.0,1
2026-04-03 00:00:00,2026-04-03,0,PACK-LINE-01,18,night,Friday,942,2,10,10,83,3,88,3,13,88,0,854,added_packers_and_work_diverted,16,10592,128,13,0,1079,1079,9513,1.0,9513,1,9630.0,1
2026-04-03 01:00:00,2026-04-03,1,PACK-LINE-01,18,night,Friday,1542,0,10,10,83,5,180,5,15,180,0,1362,added_packers_and_work_diverted,18,10875,132,15,0,1245,1245,9630,1.0,9630,1,9751.0,1
2026-04-03 02:00:00,2026-04-03,2,PACK-LINE-01,18,night,Friday,1016,2,10,10,85,0,45,0,10,45,0,971,work_diverted,16,10601,125,10,0,850,850,9751,1.0,9751,1,9433.0,1
2026-04-03 03:00:00,2026-04-03,3,PACK-LINE-01,18,night,Friday,1000,4,10,9,86,4,274,4,13,200,0,800,added_packers_and_work_diverted,14,10551,123,13,0,1118,1118,9433,1.0,9433,1,9547.0,1
2026-04-03 04:00:00,2026-04-03,4,PACK-LINE-01,18,night,Friday,1044,2,10,8,86,1,156,1,9,156,0,888,added_packers_and_work_diverted,16,10321,121,9,0,774,774,9547,1.0,9547,1,9940.0,1
2026-04-03 05:00:00,2026-04-03,5,PACK-LINE-01,18,night,Friday,1614,1,10,7,82,4,319,4,11,319,0,1295,added_packers_and_work_diverted,17,10842,133,11,0,902,902,9940,1.0,9940,1,10477.0,1
2026-04-03 06:00:00,2026-04-03,6,PACK-LINE-01,18,day,Friday,2030,0,18,15,88,1,85,1,16,85,0,1945,added_packers_and_work_diverted,18,11885,136,16,0,1408,1408,10477,1.0,10477,1,10444.0,1
2026-04-03 07:00:00,2026-04-03,7,PACK-LINE-01,18,day,Friday,1908,0,18,16,95,1,326,1,17,326,0,1582,added_packers_and_work_diverted,18,12059,127,17,0,1615,1615,10444,1.0,10444,1,10729.0,1
2026-04-03 08:00:00,2026-04-03,8,PACK-LINE-01,18,day,Friday,1921,1,18,18,88,2,140,0,18,140,0,1781,work_diverted,17,12225,139,17,1,1496,1496,10729,1.0,10729,1,11239.0,1
2026-04-03 09:00:00,2026-04-03,9,PACK-LINE-01,18,day,Friday,2002,3,18,17,85,3,217,0,17,217,0,1785,work_diverted,15,12514,148,15,2,1275,1275,11239,1.0,11239,1,11988.0,1
2026-04-03 10:00:00,2026-04-03,10,PACK-LINE-01,18,day,Friday,2268,2,18,18,80,0,239,0,18,239,0,2029,work_diverted,16,13268,166,16,2,1280,1280,11988,1.0,11988,1,12789.0,1
2026-04-03 11:00:00,2026-04-03,11,PACK-LINE-01,18,day,Friday,2244,2,18,16,88,3,35,0,16,35,0,2209,work_diverted,16,14197,162,16,0,1408,1408,12789,1.0,12789,1,13195.0,1
2026-04-03 12:00:00,2026-04-03,12,PACK-LINE-01,18,day,Friday,1766,2,18,17,82,5,48,0,17,48,0,1718,work_diverted,16,14507,177,16,1,1312,1312,13195,1.0,13195,1,13766.0,1
2026-04-03 13:00:00,2026-04-03,13,PACK-LINE-01,18,day,Friday,1918,4,18,17,78,5,255,0,17,255,0,1663,work_diverted,14,14858,191,14,3,1092,1092,13766,1.0,13766,1,13480.0,1
2026-04-03 14:00:00,2026-04-03,14,PACK-LINE-01,18,swing,Friday,1236,3,16,14,85,1,269,1,15,247,0,989,added_packers_and_work_diverted,15,14755,174,15,0,1275,1275,13480,1.0,13480,1,14605.0,1
2026-04-03 15:00:00,2026-04-03,15,PACK-LINE-01,18,swing,Friday,2464,0,16,14,88,1,19,1,15,19,0,2445,added_packers_and_work_diverted,18,15925,181,15,0,1320,1320,14605,1.0,14605,1,15373.0,1
2026-04-03 16:00:00,2026-04-03,16,PACK-LINE-01,18,swing,Friday,2271,0,16,15,81,0,288,0,15,288,0,1983,work_diverted,18,16588,205,15,0,1215,1215,15373,1.0,15373,1,16203.0,1
2026-04-03 17:00:00,2026-04-03,17,PACK-LINE-01,18,swing,Friday,2307,3,16,16,87,0,172,0,16,172,0,2135,work_diverted,15,17508,202,15,1,1305,1305,16203,1.0,16203,1,16380.0,1
2026-04-03 18:00:00,2026-04-03,18,PACK-LINE-01,18,swing,Friday,1631,0,16,13,83,1,292,1,14,292,0,1339,added_packers_and_work_diverted,18,17542,212,14,0,1162,1162,16380,1.0,16380,1,16392.0,1
2026-04-03 19:00:00,2026-04-03,19,PACK-LINE-01,18,swing,Friday,1362,3,16,14,77,0,326,0,14,272,0,1090,work_diverted,15,17470,227,14,0,1078,1078,16392,1.0,16392,1,16196.0,1
2026-04-03 20:00:00,2026-04-03,20,PACK-LINE-01,18,swing,Friday,1081,1,16,14,83,1,32,1,15,32,0,1049,added_packers_and_work_diverted,17,17441,211,15,0,1245,1245,16196,1.0,16196,1,16171.0,1
2026-04-03 21:00:00,2026-04-03,21,PACK-LINE-01,18,swing,Friday,1371,0,16,14,81,2,100,2,16,100,0,1271,added_packers_and_work_diverted,18,17467,216,16,0,1296,1296,16171,1.0,16171,1,16726.0,1
2026-04-03 22:00:00,2026-04-03,22,PACK-LINE-01,18,night,Friday,1300,4,10,8,83,0,81,0,8,81,0,1219,work_diverted,14,17390,210,8,0,664,664,16726,1.0,16726,1,16776.0,1
2026-04-03 23:00:00,2026-04-03,23,PACK-LINE-01,18,night,Friday,1336,1,10,10,79,5,101,5,15,101,0,1235,added_packers_and_work_diverted,17,17961,228,15,0,1185,1185,16776,1.0,16776,1,16793.0,1
2026-04-04 00:00:00,2026-04-04,0,PACK-LINE-01,18,night,Saturday,966,4,10,7,93,3,19,3,10,19,0,947,added_packers_and_work_diverted,14,17723,191,10,0,930,930,16793,1.0,16793,1,16962.0,1
2026-04-04 01:00:00,2026-04-04,1,PACK-LINE-01,18,night,Saturday,1051,0,10,7,82,2,144,2,9,144,0,907,added_packers_and_work_diverted,18,17700,216,9,0,738,738,16962,1.0,16962,1,16566.0,1
2026-04-04 02:00:00,2026-04-04,2,PACK-LINE-01,18,night,Saturday,881,0,10,8,87,5,146,5,13,146,0,735,added_packers_and_work_diverted,18,17697,204,13,0,1131,1131,16566,1.0,16566,1,16530.0,1
2026-04-04 03:00:00,2026-04-04,3,PACK-LINE-01,18,night,Saturday,793,0,10,9,91,0,10,0,9,10,0,783,work_diverted,18,17349,191,9,0,819,819,16530,1.0,16530,1,16321.0,1
2026-04-04 04:00:00,2026-04-04,4,PACK-LINE-01,18,night,Saturday,1051,2,10,10,87,4,42,4,14,42,0,1009,added_packers_and_work_diverted,16,17539,202,14,0,1218,1218,16321,1.0,16321,1,16012.0,1
2026-04-04 05:00:00,2026-04-04,5,PACK-LINE-01,18,night,Saturday,782,0,10,8,85,3,272,3,11,156,0,626,added_packers_and_work_diverted,18,16947,200,11,0,935,935,16012,1.0,16012,1,16396.0,1
2026-04-04 06:00:00,2026-04-04,6,PACK-LINE-01,18,day,Saturday,1869,1,18,15,81,3,108,2,17,108,0,1761,added_packers_and_work_diverted,17,17773,220,17,0,1377,1377,16396,1.0,16396,1,16646.0,1
2026-04-04 07:00:00,2026-04-04,7,PACK-LINE-01,18,day,Saturday,1740,4,18,17,83,1,328,0,17,328,0,1412,work_diverted,14,17808,215,14,3,1162,1162,16646,1.0,16646,1,16365.0,1
2026-04-04 08:00:00,2026-04-04,8,PACK-LINE-01,18,day,Saturday,1204,3,18,18,83,4,313,0,18,240,0,964,work_diverted,15,17610,213,15,3,1245,1245,16365,1.0,16365,1,16331.0,1
2026-04-04 09:00:00,2026-04-04,9,PACK-LINE-01,18,day,Saturday,1657,1,18,18,84,3,263,0,18,263,0,1394,work_diverted,17,17759,212,17,1,1428,1428,16331,1.0,16331,1,16593.0,1
2026-04-04 10:00:00,2026-04-04,10,PACK-LINE-01,18,day,Saturday,1943,1,18,17,89,2,168,0,17,168,0,1775,work_diverted,17,18106,204,17,0,1513,1513,16593,1.0,16593,1,17531.0,1
2026-04-04 11:00:00,2026-04-04,11,PACK-LINE-01,18,day,Saturday,2314,4,18,16,88,2,144,0,16,144,0,2170,work_diverted,14,18763,214,14,2,1232,1232,17531,1.0,17531,1,17623.0,1
2026-04-04 12:00:00,2026-04-04,12,PACK-LINE-01,18,day,Saturday,1765,1,18,17,88,5,177,0,17,177,0,1588,work_diverted,17,19119,218,17,0,1496,1496,17623,1.0,17623,1,17324.0,1
2026-04-04 13:00:00,2026-04-04,13,PACK-LINE-01,18,day,Saturday,1050,4,18,17,85,3,159,0,17,159,0,891,work_diverted,14,18514,218,14,3,1190,1190,17324,1.0,17324,1,16981.0,1
2026-04-04 14:00:00,2026-04-04,14,PACK-LINE-01,18,swing,Saturday,1124,0,16,16,82,0,155,0,16,155,0,969,work_diverted,18,18293,224,16,0,1312,1312,16981,1.0,16981,1,17975.0,1
2026-04-04 15:00:00,2026-04-04,15,PACK-LINE-01,18,swing,Saturday,2484,0,16,15,78,3,86,3,18,86,0,2398,added_packers_and_work_diverted,18,19379,249,18,0,1404,1404,17975,1.0,17975,1,18182.0,1
2026-04-04 16:00:00,2026-04-04,16,PACK-LINE-01,18,swing,Saturday,1858,0,16,14,87,1,346,1,15,346,0,1512,added_packers_and_work_diverted,18,19487,224,15,0,1305,1305,18182,1.0,18182,1,18955.0,1
2026-04-04 17:00:00,2026-04-04,17,PACK-LINE-01,18,swing,Saturday,2109,0,16,13,87,0,205,0,13,205,0,1904,work_diverted,18,20086,231,13,0,1131,1131,18955,1.0,18955,1,19309.0,1
2026-04-04 18:00:00,2026-04-04,18,PACK-LINE-01,18,swing,Saturday,1942,1,16,15,87,2,109,2,17,109,0,1833,added_packers_and_work_diverted,17,20788,239,17,0,1479,1479,19309,1.0,19309,1,19379.0,1
2026-04-04 19:00:00,2026-04-04,19,PACK-LINE-01,18,swing,Saturday,1568,2,16,16,91,0,42,0,16,42,0,1526,work_diverted,16,20835,229,16,0,1456,1456,19379,1.0,19379,1,19274.0,1
2026-04-04 20:00:00,2026-04-04,20,PACK-LINE-01,18,swing,Saturday,1383,1,16,16,82,2,94,1,17,94,0,1289,added_packers_and_work_diverted,17,20668,253,17,0,1394,1394,19274,1.0,19274,1,18858.0,1
2026-04-04 21:00:00,2026-04-04,21,PACK-LINE-01,18,swing,Saturday,1295,0,16,16,84,3,199,2,18,199,0,1096,added_packers_and_work_diverted,18,20370,243,18,0,1512,1512,18858,1.0,18858,1,18678.0,1
2026-04-04 22:00:00,2026-04-04,22,PACK-LINE-01,18,night,Saturday,848,0,10,9,87,2,71,2,11,71,0,777,added_packers_and_work_diverted,18,19635,226,11,0,957,957,18678,1.0,18678,1,18580.0,1
2026-04-04 23:00:00,2026-04-04,23,PACK-LINE-01,18,night,Saturday,999,1,10,7,89,5,29,5,12,29,0,970,added_packers_and_work_diverted,17,19648,221,12,0,1068,1068,18580,1.0,18580,1,18050.0,1
2026-04-05 00:00:00,2026-04-05,0,PACK-LINE-01,18,night,Sunday,799,0,10,9,90,4,241,4,13,159,0,640,added_packers_and_work_diverted,18,19220,214,13,0,1170,1170,18050,1.0,18050,1,17872.0,1
2026-04-05 01:00:00,2026-04-05,1,PACK-LINE-01,18,night,Sunday,869,0,10,10,75,2,147,2,12,147,0,722,added_packers_and_work_diverted,18,18772,251,12,0,900,900,17872,1.0,17872,1,18163.0,1
2026-04-05 02:00:00,2026-04-05,2,PACK-LINE-01,18,night,Sunday,1226,0,10,9,80,2,55,2,11,55,0,1171,added_packers_and_work_diverted,18,19043,239,11,0,880,880,18163,1.0,18163,1,17791.0,1
2026-04-05 03:00:00,2026-04-05,3,PACK-LINE-01,18,night,Sunday,1162,0,10,9,93,5,290,5,14,232,0,930,added_packers_and_work_diverted,18,19093,206,14,0,1302,1302,17791,1.0,17791,1,17927.0,1
2026-04-05 04:00:00,2026-04-05,4,PACK-LINE-01,18,night,Sunday,1328,2,10,10,79,5,7,5,15,7,0,1321,added_packers_and_work_diverted,16,19112,242,15,0,1185,1185,17927,1.0,17927,1,17564.0,1
2026-04-05 05:00:00,2026-04-05,5,PACK-LINE-01,18,night,Sunday,596,0,10,7,84,3,292,3,10,119,0,477,added_packers_and_work_diverted,18,18404,220,10,0,840,840,17564,1.0,17564,1,17534.0,1
2026-04-05 06:00:00,2026-04-05,6,PACK-LINE-01,18,day,Sunday,1311,2,18,18,79,2,77,0,18,77,0,1234,work_diverted,16,18798,238,16,2,1264,1264,17534,1.0,17534,1,16806.0,1
2026-04-05 07:00:00,2026-04-05,7,PACK-LINE-01,18,day,Sunday,982,1,18,18,90,0,180,0,18,180,0,802,work_diverted,17,18336,204,17,1,1530,1530,16806,1.0,16806,1,16814.0,1
2026-04-05 08:00:00,2026-04-05,8,PACK-LINE-01,18,day,Sunday,1295,4,18,16,85,0,97,0,16,97,0,1198,work_diverted,14,18004,212,14,2,1190,1190,16814,1.0,16814,1,17216.0,1
2026-04-05 09:00:00,2026-04-05,9,PACK-LINE-01,18,day,Sunday,1802,2,18,18,85,4,40,0,18,40,0,1762,work_diverted,16,18576,219,16,2,1360,1360,17216,1.0,17216,1,17260.0,1
2026-04-05 10:00:00,2026-04-05,10,PACK-LINE-01,18,day,Sunday,1509,1,18,18,82,2,71,0,18,71,0,1438,work_diverted,17,18654,228,17,1,1394,1394,17260,1.0,17260,1,17328.0,1
2026-04-05 11:00:00,2026-04-05,11,PACK-LINE-01,18,day,Sunday,1628,0,18,17,76,3,192,1,18,192,0,1436,added_packers_and_work_diverted,18,18696,246,18,0,1368,1368,17328,1.0,17328,1,17263.0,1
2026-04-05 12:00:00,2026-04-05,12,PACK-LINE-01,18,day,Sunday,1390,1,18,16,75,3,180,1,17,180,0,1210,added_packers_and_work_diverted,17,18538,248,17,0,1275,1275,17263,1.0,17263,1,17087.0,1
2026-04-05 13:00:00,2026-04-05,13,PACK-LINE-01,18,day,Sunday,1522,1,18,16,82,2,339,1,17,304,0,1218,added_packers_and_work_diverted,17,18481,226,17,0,1394,1394,17087,1.0,17087,1,16650.0,1
2026-04-05 14:00:00,2026-04-05,14,PACK-LINE-01,18,swing,Sunday,976,4,16,14,87,4,330,0,14,195,0,781,work_diverted,14,17868,206,14,0,1218,1218,16650,1.0,16650,1,16664.0,1
2026-04-05 15:00:00,2026-04-05,15,PACK-LINE-01,18,swing,Sunday,1525,0,16,14,83,1,266,1,15,266,0,1259,added_packers_and_work_diverted,18,17909,216,15,0,1245,1245,16664,1.0,16664,1,16718.0,1
2026-04-05 16:00:00,2026-04-05,16,PACK-LINE-01,18,swing,Sunday,2007,0,16,15,92,5,297,3,18,297,0,1710,added_packers_and_work_diverted,18,18374,200,18,0,1656,1656,16718,1.0,16718,1,17372.0,1
2026-04-05 17:00:00,2026-04-05,17,PACK-LINE-01,18,swing,Sunday,2133,0,16,15,82,1,167,1,16,167,0,1966,added_packers_and_work_diverted,18,18684,228,16,0,1312,1312,17372,1.0,17372,1,17174.0,1
2026-04-05 18:00:00,2026-04-05,18,PACK-LINE-01,18,swing,Sunday,1332,0,16,13,88,2,210,2,15,210,0,1122,added_packers_and_work_diverted,18,18494,211,15,0,1320,1320,17174,1.0,17174,1,17624.0,1
2026-04-05 19:00:00,2026-04-05,19,PACK-LINE-01,18,swing,Sunday,1848,0,16,16,79,1,55,1,17,55,0,1793,added_packers_and_work_diverted,18,18967,241,17,0,1343,1343,17624,1.0,17624,1,16903.0,1
2026-04-05 20:00:00,2026-04-05,20,PACK-LINE-01,18,swing,Sunday,912,0,16,16,84,2,121,2,18,121,0,791,added_packers_and_work_diverted,18,18415,220,18,0,1512,1512,16903,1.0,16903,1,16842.0,1
2026-04-05 21:00:00,2026-04-05,21,PACK-LINE-01,18,swing,Sunday,1836,0,16,15,86,5,349,3,18,349,0,1487,added_packers_and_work_diverted,18,18390,214,18,0,1548,1548,16842,1.0,16842,1,16568.0,1
2026-04-05 22:00:00,2026-04-05,22,PACK-LINE-01,18,night,Sunday,1157,2,10,10,85,5,156,5,15,156,0,1001,added_packers_and_work_diverted,16,17843,210,15,0,1275,1275,16568,1.0,16568,1,16438.0,1
2026-04-05 23:00:00,2026-04-05,23,PACK-LINE-01,18,night,Sunday,1168,4,10,9,85,4,193,4,13,193,0,975,added_packers_and_work_diverted,14,17543,207,13,0,1105,1105,16438,1.0,16438,1,16392.0,1
2026-04-06 00:00:00,2026-04-06,0,PACK-LINE-01,18,night,Monday,955,1,10,8,81,2,268,2,10,191,0,764,added_packers_and_work_diverted,17,17202,213,10,0,810,810,16392,1.0,16392,1,16634.0,1
2026-04-06 01:00:00,2026-04-06,1,PACK-LINE-01,18,night,Monday,813,3,10,7,81,0,4,0,7,4,0,809,work_diverted,15,17201,213,7,0,567,567,16634,1.0,16634,1,15909.0,1
2026-04-06 02:00:00,2026-04-06,2,PACK-LINE-01,18,night,Monday,533,0,10,7,96,5,335,5,12,106,0,427,added_packers_and_work_diverted,18,17061,178,12,0,1152,1152,15909,1.0,15909,1,15606.0,1
2026-04-06 03:00:00,2026-04-06,3,PACK-LINE-01,18,night,Monday,691,2,10,8,87,3,37,3,11,37,0,654,added_packers_and_work_diverted,16,16563,191,11,0,957,957,15606,1.0,15606,1,15278.0,1
2026-04-06 04:00:00,2026-04-06,4,PACK-LINE-01,18,night,Monday,625,1,10,7,92,2,340,2,9,125,0,500,added_packers_and_work_diverted,17,16106,176,9,0,828,828,15278,1.0,15278,1,15152.0,1
2026-04-06 05:00:00,2026-04-06,5,PACK-LINE-01,18,night,Monday,1038,3,10,8,87,3,254,3,11,207,0,831,added_packers_and_work_diverted,15,16109,186,11,0,957,957,15152,1.0,15152,1,14431.0,1
2026-04-06 06:00:00,2026-04-06,6,PACK-LINE-01,18,day,Monday,966,0,18,17,83,1,211,1,18,193,0,773,added_packers_and_work_diverted,18,15925,192,18,0,1494,1494,14431,1.0,14431,1,14612.0,1
2026-04-06 07:00:00,2026-04-06,7,PACK-LINE-01,18,day,Monday,1457,2,18,15,79,2,12,1,16,12,0,1445,added_packers_and_work_diverted,16,15876,201,16,0,1264,1264,14612,1.0,14612,1,14624.0,1
2026-04-06 08:00:00,2026-04-06,8,PACK-LINE-01,18,day,Monday,1530,3,18,17,88,0,198,0,17,198,0,1332,work_diverted,15,15944,182,15,2,1320,1320,14624,1.0,14624,1,14432.0,1
2026-04-06 09:00:00,2026-04-06,9,PACK-LINE-01,18,day,Monday,1425,0,18,16,74,3,341,2,18,285,0,1140,added_packers_and_work_diverted,18,15764,214,18,0,1332,1332,14432,1.0,14432,1,13726.0,1
2026-04-06 10:00:00,2026-04-06,10,PACK-LINE-01,18,day,Monday,1029,0,18,18,85,4,222,0,18,205,0,824,work_diverted,18,15256,180,18,0,1530,1530,13726,1.0,13726,1,14165.0,1
2026-04-06 11:00:00,2026-04-06,11,PACK-LINE-01,18,day,Monday,1748,0,18,15,82,0,79,0,15,79,0,1669,work_diverted,18,15395,188,15,0,1230,1230,14165,1.0,14165,1,13851.0,1
2026-04-06 12:00:00,2026-04-06,12,PACK-LINE-01,18,day,Monday,1448,0,18,18,86,3,214,0,18,214,0,1234,work_diverted,18,15399,180,18,0,1548,1548,13851,1.0,13851,1,13188.0,1
2026-04-06 13:00:00,2026-04-06,13,PACK-LINE-01,18,day,Monday,1094,0,18,17,87,1,191,1,18,191,0,903,added_packers_and_work_diverted,18,14754,170,18,0,1566,1566,13188,1.0,13188,1,12770.0,1
2026-04-06 14:00:00,2026-04-06,14,PACK-LINE-01,18,swing,Monday,980,3,16,14,85,5,123,1,15,123,0,857,added_packers_and_work_diverted,15,14045,166,15,0,1275,1275,12770,1.0,12770,1,12226.0,1
2026-04-06 15:00:00,2026-04-06,15,PACK-LINE-01,18,swing,Monday,1019,0,16,16,77,3,177,2,18,177,0,842,added_packers_and_work_diverted,18,13612,177,18,0,1386,1386,12226,1.0,12226,1,12100.0,1
2026-04-06 16:00:00,2026-04-06,16,PACK-LINE-01,18,swing,Monday,1682,1,16,15,88,5,312,2,17,312,0,1370,added_packers_and_work_diverted,17,13596,155,17,0,1496,1496,12100,1.0,12100,1,12401.0,1
2026-04-06 17:00:00,2026-04-06,17,PACK-LINE-01,18,swing,Monday,1748,0,16,15,82,1,135,1,16,135,0,1613,added_packers_and_work_diverted,18,13713,168,16,0,1312,1312,12401,1.0,12401,1,11798.0,1
2026-04-06 18:00:00,2026-04-06,18,PACK-LINE-01,18,swing,Monday,840,1,16,16,78,4,117,1,17,117,0,723,added_packers_and_work_diverted,17,13124,169,17,0,1326,1326,11798,1.0,11798,1,11208.0,1
2026-04-06 19:00:00,2026-04-06,19,PACK-LINE-01,18,swing,Monday,753,1,16,14,81,2,47,2,16,47,0,706,added_packers_and_work_diverted,17,12504,155,16,0,1296,1296,11208,1.0,11208,1,11012.0,1
2026-04-06 20:00:00,2026-04-06,20,PACK-LINE-01,18,swing,Monday,1172,4,16,13,81,1,247,1,14,234,0,938,added_packers_and_work_diverted,14,12146,150,14,0,1134,1134,11012,1.0,11012,1,10742.0,1
2026-04-06 21:00:00,2026-04-06,21,PACK-LINE-01,18,swing,Monday,1302,2,16,13,82,4,331,3,16,260,0,1042,added_packers_and_work_diverted,16,12054,147,16,0,1312,1312,10742,1.0,10742,1,10365.0,1
2026-04-06 22:00:00,2026-04-06,22,PACK-LINE-01,18,night,Monday,530,4,10,8,89,1,216,1,9,106,0,424,added_packers_and_work_diverted,14,11166,126,9,0,801,801,10365,1.0,10365,1,9959.0,1
2026-04-06 23:00:00,2026-04-06,23,PACK-LINE-01,18,night,Monday,605,2,10,8,89,2,189,2,10,121,0,484,added_packers_and_work_diverted,16,10849,122,10,0,890,890,9959,1.0,9959,1,9701.0,1
2026-04-07 00:00:00,2026-04-07,0,PACK-LINE-01,18,night,Tuesday,916,2,10,8,85,5,69,5,13,69,0,847,added_packers_and_work_diverted,16,10806,128,13,0,1105,1105,9701,1.0,9701,1,9563.0,1
2026-04-07 01:00:00,2026-04-07,1,PACK-LINE-01,18,night,Tuesday,880,1,10,9,81,3,46,3,12,46,0,834,added_packers_and_work_diverted,17,10535,131,12,0,972,972,9563,1.0,9563,1,9411.0,1
2026-04-07 02:00:00,2026-04-07,2,PACK-LINE-01,18,night,Tuesday,908,0,10,7,84,5,52,5,12,52,0,856,added_packers_and_work_diverted,18,10419,125,12,0,1008,1008,9411,1.0,9411,1,9052.0,1
2026-04-07 03:00:00,2026-04-07,3,PACK-LINE-01,18,night,Tuesday,733,2,10,7,86,4,306,4,11,146,0,587,added_packers_and_work_diverted,16,9998,117,11,0,946,946,9052,1.0,9052,1,8930.0,1
2026-04-07 04:00:00,2026-04-07,4,PACK-LINE-01,18,night,Tuesday,713,2,10,8,77,1,346,1,9,142,0,571,added_packers_and_work_diverted,16,9623,125,9,0,693,693,8930,1.0,8930,1,8815.0,1
2026-04-07 05:00:00,2026-04-07,5,PACK-LINE-01,18,night,Tuesday,786,1,10,7,93,1,311,1,8,157,0,629,added_packers_and_work_diverted,17,9559,103,8,0,744,744,8815,1.0,8815,1,8862.0,1
2026-04-07 06:00:00,2026-04-07,6,PACK-LINE-01,18,day,Tuesday,1633,0,18,15,87,0,281,0,15,281,0,1352,work_diverted,18,10167,117,15,0,1305,1305,8862,1.0,8862,1,8748.0,1
2026-04-07 07:00:00,2026-04-07,7,PACK-LINE-01,18,day,Tuesday,1513,0,18,17,85,2,97,1,18,97,0,1416,added_packers_and_work_diverted,18,10278,121,18,0,1530,1530,8748,1.0,8748,1,8718.0,1
2026-04-07 08:00:00,2026-04-07,8,PACK-LINE-01,18,day,Tuesday,1567,0,18,18,88,3,13,0,18,13,0,1554,work_diverted,18,10302,118,18,0,1584,1584,8718,1.0,8718,1,8266.0,1
2026-04-07 09:00:00,2026-04-07,9,PACK-LINE-01,18,day,Tuesday,1040,1,18,15,84,3,64,2,17,64,0,976,added_packers_and_work_diverted,17,9694,116,17,0,1428,1428,8266,1.0,8266,1,8582.0,1
2026-04-07 10:00:00,2026-04-07,10,PACK-LINE-01,18,day,Tuesday,1649,4,18,16,79,3,227,0,16,227,0,1422,work_diverted,14,9688,123,14,2,1106,1106,8582,1.0,8582,1,9034.0,1
2026-04-07 11:00:00,2026-04-07,11,PACK-LINE-01,18,day,Tuesday,2003,1,18,18,82,3,157,0,18,157,0,1846,work_diverted,17,10428,128,17,1,1394,1394,9034,1.0,9034,1,8782.0,1
2026-04-07 12:00:00,2026-04-07,12,PACK-LINE-01,18,day,Tuesday,1383,1,18,18,82,1,241,0,18,241,0,1142,work_diverted,17,10176,125,17,1,1394,1394,8782,1.0,8782,1,8114.0,1
2026-04-07 13:00:00,2026-04-07,13,PACK-LINE-01,18,day,Tuesday,864,2,18,18,85,3,291,0,18,172,0,692,work_diverted,16,9474,112,16,2,1360,1360,8114,1.0,8114,1,7606.0,1
2026-04-07 14:00:00,2026-04-07,14,PACK-LINE-01,18,swing,Tuesday,902,3,16,15,82,0,237,0,15,180,0,722,work_diverted,15,8836,108,15,0,1230,1230,7606,1.0,7606,1,7092.0,1
2026-04-07 15:00:00,2026-04-07,15,PACK-LINE-01,18,swing,Tuesday,969,3,16,16,86,0,279,0,16,193,0,776,work_diverted,15,8382,98,15,1,1290,1290,7092,1.0,7092,1,7533.0,1
2026-04-07 16:00:00,2026-04-07,16,PACK-LINE-01,18,swing,Tuesday,1839,0,16,14,83,0,236,0,14,236,0,1603,work_diverted,18,8695,105,14,0,1162,1162,7533,1.0,7533,1,7110.0,1
2026-04-07 17:00:00,2026-04-07,17,PACK-LINE-01,18,swing,Tuesday,1286,1,16,13,86,5,247,4,17,247,0,1039,added_packers_and_work_diverted,17,8572,100,17,0,1462,1462,7110,1.0,7110,1,6910.0,1
2026-04-07 18:00:00,2026-04-07,18,PACK-LINE-01,18,swing,Tuesday,1224,0,16,14,81,3,47,3,17,47,0,1177,added_packers_and_work_diverted,18,8287,103,17,0,1377,1377,6910,1.0,6910,1,6468.0,1
2026-04-07 19:00:00,2026-04-07,19,PACK-LINE-01,18,swing,Tuesday,1202,0,16,16,78,5,315,2,18,240,0,962,added_packers_and_work_diverted,18,7872,101,18,0,1404,1404,6468,1.0,6468,1,5995.0,1
2026-04-07 20:00:00,2026-04-07,20,PACK-LINE-01,18,swing,Tuesday,981,0,16,13,89,3,30,3,16,30,0,951,added_packers_and_work_diverted,18,7419,84,16,0,1424,1424,5995,1.0,5995,1,5733.0,1
2026-04-07 21:00:00,2026-04-07,21,PACK-LINE-01,18,swing,Tuesday,1333,0,16,16,86,3,47,2,18,47,0,1286,added_packers_and_work_diverted,18,7281,85,18,0,1548,1548,5733,1.0,5733,1,5366.0,1
2026-04-07 22:00:00,2026-04-07,22,PACK-LINE-01,18,night,Tuesday,591,0,10,7,84,3,124,3,10,118,0,473,added_packers_and_work_diverted,18,6206,74,10,0,840,840,5366,1.0,5366,1,4733.0,1
2026-04-07 23:00:00,2026-04-07,23,PACK-LINE-01,18,night,Tuesday,655,2,10,9,89,4,291,4,13,131,0,524,added_packers_and_work_diverted,16,5890,67,13,0,1157,1157,4733,1.0,4733,1,4349.0,1
2026-04-08 00:00:00,2026-04-08,0,PACK-LINE-01,18,night,Wednesday,906,4,10,10,82,5,142,4,14,142,0,764,added_packers_and_work_diverted,14,5497,68,14,0,1148,1148,4349,1.0,4349,1,4258.0,1
2026-04-08 01:00:00,2026-04-08,1,PACK-LINE-01,18,night,Wednesday,1141,0,10,9,82,4,166,4,13,166,0,975,added_packers_and_work_diverted,18,5324,65,13,0,1066,1066,4258,1.0,4258,1,3682.0,1
2026-04-08 02:00:00,2026-04-08,2,PACK-LINE-01,18,night,Wednesday,704,0,10,8,95,4,304,4,12,140,0,564,added_packers_and_work_diverted,18,4822,51,12,0,1140,1140,3682,1.0,3682,1,3762.0,1
2026-04-08 03:00:00,2026-04-08,3,PACK-LINE-01,18,night,Wednesday,1282,0,10,8,86,3,306,3,11,256,0,1026,added_packers_and_work_diverted,18,4708,55,11,0,946,946,3762,1.0,3762,1,3908.0,1
2026-04-08 04:00:00,2026-04-08,4,PACK-LINE-01,18,night,Wednesday,1215,0,10,7,87,4,112,4,11,112,0,1103,added_packers_and_work_diverted,18,4865,56,11,0,957,957,3908,1.0,3908,1,4105.0,1
2026-04-08 05:00:00,2026-04-08,5,PACK-LINE-01,18,night,Wednesday,1148,4,10,8,92,0,215,0,8,215,0,933,work_diverted,14,4841,53,8,0,736,736,4105,1.0,4105,1,3705.0,1
2026-04-08 06:00:00,2026-04-08,6,PACK-LINE-01,18,day,Wednesday,1339,0,18,18,84,5,227,0,18,227,0,1112,work_diverted,18,5217,63,18,0,1512,1512,3705,1.0,3705,1,3929.0,1
2026-04-08 07:00:00,2026-04-08,7,PACK-LINE-01,18,day,Wednesday,1775,3,18,15,83,5,306,0,15,306,0,1469,work_diverted,15,5174,63,15,0,1245,1245,3929,1.0,3929,1,3420.0,1
2026-04-08 08:00:00,2026-04-08,8,PACK-LINE-01,18,day,Wednesday,1187,0,18,18,91,5,58,0,18,58,0,1129,work_diverted,18,5058,56,18,0,1638,1638,3420,1.0,3420,1,2828.0,1
2026-04-08 09:00:00,2026-04-08,9,PACK-LINE-01,18,day,Wednesday,999,2,18,17,87,2,297,0,17,199,0,800,work_diverted,16,4220,49,16,1,1392,1392,2828,1.0,2828,1,3348.0,1
2026-04-08 10:00:00,2026-04-08,10,PACK-LINE-01,18,day,Wednesday,2041,0,18,15,88,2,25,2,17,25,0,2016,added_packers_and_work_diverted,18,4844,56,17,0,1496,1496,3348,1.0,3348,1,4470.0,1
2026-04-08 11:00:00,2026-04-08,11,PACK-LINE-01,18,day,Wednesday,2632,0,18,18,81,3,52,0,18,52,0,2580,work_diverted,18,5928,74,18,0,1458,1458,4470,1.0,4470,1,4284.0,1
2026-04-08 12:00:00,2026-04-08,12,PACK-LINE-01,18,day,Wednesday,1275,0,18,15,84,1,117,1,16,117,0,1158,added_packers_and_work_diverted,18,5628,67,16,0,1344,1344,4284,1.0,4284,1,4504.0,1
2026-04-08 13:00:00,2026-04-08,13,PACK-LINE-01,18,day,Wednesday,1501,4,18,15,83,1,119,0,15,119,0,1382,work_diverted,14,5666,69,14,1,1162,1162,4504,1.0,4504,1,4626.0,1
2026-04-08 14:00:00,2026-04-08,14,PACK-LINE-01,18,swing,Wednesday,1455,3,16,16,88,0,13,0,16,13,0,1442,work_diverted,15,5946,68,15,1,1320,1320,4626,1.0,4626,1,4885.0,1
2026-04-08 15:00:00,2026-04-08,15,PACK-LINE-01,18,swing,Wednesday,1539,3,16,16,74,4,170,0,16,170,0,1369,work_diverted,15,5995,82,15,1,1110,1110,4885,1.0,4885,1,5278.0,1
2026-04-08 16:00:00,2026-04-08,16,PACK-LINE-01,18,swing,Wednesday,2050,0,16,14,84,3,229,3,17,229,0,1821,added_packers_and_work_diverted,18,6706,80,17,0,1428,1428,5278,1.0,5278,1,5355.0,1
2026-04-08 17:00:00,2026-04-08,17,PACK-LINE-01,18,swing,Wednesday,1823,0,16,16,86,5,198,2,18,198,0,1625,added_packers_and_work_diverted,18,6903,81,18,0,1548,1548,5355,1.0,5355,1,4963.0,1
2026-04-08 18:00:00,2026-04-08,18,PACK-LINE-01,18,swing,Wednesday,1032,0,16,14,87,0,285,0,14,206,0,826,work_diverted,18,6181,72,14,0,1218,1218,4963,1.0,4963,1,4576.0,1
2026-04-08 19:00:00,2026-04-08,19,PACK-LINE-01,18,swing,Wednesday,1053,3,16,14,82,5,319,1,15,210,0,843,added_packers_and_work_diverted,15,5806,71,15,0,1230,1230,4576,1.0,4576,1,4757.0,1
2026-04-08 20:00:00,2026-04-08,20,PACK-LINE-01,18,swing,Wednesday,1751,0,16,13,81,3,274,3,16,274,0,1477,added_packers_and_work_diverted,18,6053,75,16,0,1296,1296,4757,1.0,4757,1,5039.0,1
2026-04-08 21:00:00,2026-04-08,21,PACK-LINE-01,18,swing,Wednesday,1783,4,16,16,88,3,269,0,16,269,0,1514,work_diverted,14,6271,72,14,2,1232,1232,5039,1.0,5039,1,4490.0,1
2026-04-08 22:00:00,2026-04-08,22,PACK-LINE-01,18,night,Wednesday,739,0,10,10,90,3,118,3,13,118,0,621,added_packers_and_work_diverted,18,5660,63,13,0,1170,1170,4490,1.0,4490,1,4032.0,1
2026-04-08 23:00:00,2026-04-08,23,PACK-LINE-01,18,night,Wednesday,824,0,10,9,86,4,176,4,13,164,0,660,added_packers_and_work_diverted,18,5150,60,13,0,1118,1118,4032,1.0,4032,1,3833.0,1
2026-04-09 00:00:00,2026-04-09,0,PACK-LINE-01,18,night,Thursday,901,2,10,9,92,1,280,1,10,180,0,721,added_packers_and_work_diverted,16,4753,52,10,0,920,920,3833,1.0,3833,1,3643.0,1
2026-04-09 01:00:00,2026-04-09,1,PACK-LINE-01,18,night,Thursday,1159,1,10,9,87,4,218,4,13,218,0,941,added_packers_and_work_diverted,17,4774,55,13,0,1131,1131,3643,1.0,3643,1,3963.0,1
2026-04-09 02:00:00,2026-04-09,2,PACK-LINE-01,18,night,Thursday,1251,4,10,10,79,1,62,1,11,62,0,1189,added_packers_and_work_diverted,14,4832,62,11,0,869,869,3963,1.0,3963,1,4097.0,1
2026-04-09 03:00:00,2026-04-09,3,PACK-LINE-01,18,night,Thursday,1236,0,10,8,80,3,222,3,11,222,0,1014,added_packers_and_work_diverted,18,4977,63,11,0,880,880,4097,1.0,4097,1,4176.0,1
2026-04-09 04:00:00,2026-04-09,4,PACK-LINE-01,18,night,Thursday,1277,0,10,7,91,5,106,5,12,106,0,1171,added_packers_and_work_diverted,18,5268,58,12,0,1092,1092,4176,1.0,4176,1,4775.0,1
2026-04-09 05:00:00,2026-04-09,5,PACK-LINE-01,18,night,Thursday,1459,4,10,9,83,1,30,1,10,30,0,1429,added_packers_and_work_diverted,14,5605,68,10,0,830,830,4775,1.0,4775,1,4357.0,1
2026-04-09 06:00:00,2026-04-09,6,PACK-LINE-01,18,day,Thursday,1447,0,18,17,89,5,263,1,18,263,0,1184,added_packers_and_work_diverted,18,5959,67,18,0,1602,1602,4357,1.0,4357,1,3897.0,1
2026-04-09 07:00:00,2026-04-09,7,PACK-LINE-01,18,day,Thursday,1227,0,18,17,83,5,193,1,18,193,0,1034,added_packers_and_work_diverted,18,5391,65,18,0,1494,1494,3897,1.0,3897,1,3608.0,1
2026-04-09 08:00:00,2026-04-09,8,PACK-LINE-01,18,day,Thursday,1324,0,18,18,85,2,83,0,18,83,0,1241,work_diverted,18,5138,61,18,0,1530,1530,3608,1.0,3608,1,4022.0,1
2026-04-09 09:00:00,2026-04-09,9,PACK-LINE-01,18,day,Thursday,1973,1,18,18,83,5,148,0,18,148,0,1825,work_diverted,17,5433,66,17,1,1411,1411,4022,1.0,4022,1,3932.0,1
2026-04-09 10:00:00,2026-04-09,10,PACK-LINE-01,18,day,Thursday,1657,0,18,16,85,1,302,1,17,302,0,1355,added_packers_and_work_diverted,18,5377,64,17,0,1445,1445,3932,1.0,3932,1,5270.0,1
2026-04-09 11:00:00,2026-04-09,11,PACK-LINE-01,18,day,Thursday,2998,0,18,15,88,2,164,2,17,164,0,2834,added_packers_and_work_diverted,18,6766,77,17,0,1496,1496,5270,1.0,5270,1,5600.0,1
2026-04-09 12:00:00,2026-04-09,12,PACK-LINE-01,18,day,Thursday,1755,0,18,16,81,1,48,1,17,48,0,1707,added_packers_and_work_diverted,18,6977,87,17,0,1377,1377,5600,1.0,5600,1,5259.0,1
2026-04-09 13:00:00,2026-04-09,13,PACK-LINE-01,18,day,Thursday,1413,2,18,16,92,2,285,0,16,282,0,1131,work_diverted,16,6731,74,16,0,1472,1472,5259,1.0,5259,1,5318.0,1
2026-04-09 14:00:00,2026-04-09,14,PACK-LINE-01,18,swing,Thursday,1660,0,16,16,86,5,53,2,18,53,0,1607,added_packers_and_work_diverted,18,6866,80,18,0,1548,1548,5318,1.0,5318,1,6139.0,1
2026-04-09 15:00:00,2026-04-09,15,PACK-LINE-01,18,swing,Thursday,2156,1,16,14,84,0,159,0,14,159,0,1997,work_diverted,17,7315,88,14,0,1176,1176,6139,1.0,6139,1,6506.0,1
2026-04-09 16:00:00,2026-04-09,16,PACK-LINE-01,18,swing,Thursday,2007,1,16,14,90,4,110,3,17,110,0,1897,added_packers_and_work_diverted,17,8036,90,17,0,1530,1530,6506,1.0,6506,1,6625.0,1
2026-04-09 17:00:00,2026-04-09,17,PACK-LINE-01,18,swing,Thursday,1655,0,16,13,83,3,208,3,16,208,0,1447,added_packers_and_work_diverted,18,7953,96,16,0,1328,1328,6625,1.0,6625,1,6356.0,1
2026-04-09 18:00:00,2026-04-09,18,PACK-LINE-01,18,swing,Thursday,1302,0,16,16,84,5,59,2,18,59,0,1243,added_packers_and_work_diverted,18,7868,94,18,0,1512,1512,6356,1.0,6356,1,6651.0,1
2026-04-09 19:00:00,2026-04-09,19,PACK-LINE-01,18,swing,Thursday,1613,2,16,13,89,0,161,0,13,161,0,1452,work_diverted,16,7808,88,13,0,1157,1157,6651,1.0,6651,1,6987.0,1
2026-04-09 20:00:00,2026-04-09,20,PACK-LINE-01,18,swing,Thursday,1816,2,16,14,78,4,232,2,16,232,0,1584,added_packers_and_work_diverted,16,8235,106,16,0,1248,1248,6987,1.0,6987,1,7424.0,1
2026-04-09 21:00:00,2026-04-09,21,PACK-LINE-01,18,swing,Thursday,1637,0,16,14,78,0,108,0,14,108,0,1529,work_diverted,18,8516,110,14,0,1092,1092,7424,1.0,7424,1,7453.0,1
2026-04-09 22:00:00,2026-04-09,22,PACK-LINE-01,18,night,Thursday,1326,0,10,8,86,4,293,4,12,265,0,1061,added_packers_and_work_diverted,18,8485,99,12,0,1032,1032,7453,1.0,7453,1,7932.0,1
2026-04-09 23:00:00,2026-04-09,23,PACK-LINE-01,18,night,Thursday,1366,3,10,10,87,0,17,0,10,17,0,1349,work_diverted,15,8802,102,10,0,870,870,7932,1.0,7932,1,8047.0,1
2026-04-10 00:00:00,2026-04-10,0,PACK-LINE-01,18,night,Friday,1617,2,10,10,83,5,257,5,15,257,0,1360,added_packers_and_work_diverted,16,9292,112,15,0,1245,1245,8047,1.0,8047,1,8266.0,1
2026-04-10 01:00:00,2026-04-10,1,PACK-LINE-01,18,night,Friday,1370,0,10,8,78,4,215,4,12,215,0,1155,added_packers_and_work_diverted,18,9202,118,12,0,936,936,8266,1.0,8266,1,8801.0,1
2026-04-10 02:00:00,2026-04-10,2,PACK-LINE-01,18,night,Friday,1389,1,10,9,85,1,4,1,10,4,0,1385,added_packers_and_work_diverted,17,9651,114,10,0,850,850,8801,1.0,8801,1,8382.0,1
2026-04-10 03:00:00,2026-04-10,3,PACK-LINE-01,18,night,Friday,808,4,10,9,82,4,308,4,13,161,0,647,added_packers_and_work_diverted,14,9448,116,13,0,1066,1066,8382,1.0,8382,1,8075.0,1
2026-04-10 04:00:00,2026-04-10,4,PACK-LINE-01,18,night,Friday,881,0,10,9,86,3,156,3,12,156,0,725,added_packers_and_work_diverted,18,9107,106,12,0,1032,1032,8075,1.0,8075,1,8507.0,1
2026-04-10 05:00:00,2026-04-10,5,PACK-LINE-01,18,night,Friday,1363,0,10,7,84,1,259,1,8,259,0,1104,added_packers_and_work_diverted,18,9179,110,8,0,672,672,8507,1.0,8507,1,9258.0,1
2026-04-10 06:00:00,2026-04-10,6,PACK-LINE-01,18,day,Friday,2040,3,18,16,83,5,44,0,16,44,0,1996,work_diverted,15,10503,127,15,1,1245,1245,9258,1.0,9258,1,9204.0,1
2026-04-10 07:00:00,2026-04-10,7,PACK-LINE-01,18,day,Friday,1505,2,18,16,82,2,247,0,16,247,0,1258,work_diverted,16,10516,129,16,0,1312,1312,9204,1.0,9204,1,8991.0,1
2026-04-10 08:00:00,2026-04-10,8,PACK-LINE-01,18,day,Friday,1285,0,18,17,81,2,40,1,18,40,0,1245,added_packers_and_work_diverted,18,10449,129,18,0,1458,1458,8991,1.0,8991,1,9589.0,1
2026-04-10 09:00:00,2026-04-10,9,PACK-LINE-01,18,day,Friday,2299,0,18,17,89,2,99,1,18,99,0,2200,added_packers_and_work_diverted,18,11191,126,18,0,1602,1602,9589,1.0,9589,1,10218.0,1
2026-04-10 10:00:00,2026-04-10,10,PACK-LINE-01,18,day,Friday,2067,0,18,15,84,0,178,0,15,178,0,1889,work_diverted,18,11478,137,15,0,1260,1260,10218,1.0,10218,1,10660.0,1
2026-04-10 11:00:00,2026-04-10,11,PACK-LINE-01,18,day,Friday,1766,4,18,15,85,0,134,0,15,134,0,1632,work_diverted,14,11850,140,14,1,1190,1190,10660,1.0,10660,1,11043.0,1
2026-04-10 12:00:00,2026-04-10,12,PACK-LINE-01,18,day,Friday,2126,1,18,18,84,5,315,0,18,315,0,1811,work_diverted,17,12471,149,17,1,1428,1428,11043,1.0,11043,1,10768.0,1
2026-04-10 13:00:00,2026-04-10,13,PACK-LINE-01,18,day,Friday,1308,1,18,15,89,0,248,0,15,248,0,1060,work_diverted,17,12103,136,15,0,1335,1335,10768,1.0,10768,1,10637.0,1
2026-04-10 14:00:00,2026-04-10,14,PACK-LINE-01,18,swing,Friday,1437,2,16,13,81,4,272,3,16,272,0,1165,added_packers_and_work_diverted,16,11933,148,16,0,1296,1296,10637,1.0,10637,1,10527.0,1
2026-04-10 15:00:00,2026-04-10,15,PACK-LINE-01,18,swing,Friday,1388,0,16,13,88,4,2,4,17,2,0,1386,added_packers_and_work_diverted,18,12023,137,17,0,1496,1496,10527,1.0,10527,1,11208.0,1
2026-04-10 16:00:00,2026-04-10,16,PACK-LINE-01,18,swing,Friday,1971,1,16,15,75,0,165,0,15,165,0,1806,work_diverted,17,12333,165,15,0,1125,1125,11208,1.0,11208,1,11779.0,1
2026-04-10 17:00:00,2026-04-10,17,PACK-LINE-01,18,swing,Friday,2198,0,16,14,82,5,151,4,18,151,0,2047,added_packers_and_work_diverted,18,13255,162,18,0,1476,1476,11779,1.0,11779,1,11810.0,1
2026-04-10 18:00:00,2026-04-10,18,PACK-LINE-01,18,swing,Friday,1656,0,16,15,84,3,113,3,18,113,0,1543,added_packers_and_work_diverted,18,13322,159,18,0,1512,1512,11810,1.0,11810,1,12041.0,1
2026-04-10 19:00:00,2026-04-10,19,PACK-LINE-01,18,swing,Friday,1791,2,16,16,77,2,328,0,16,328,0,1463,work_diverted,16,13273,173,16,0,1232,1232,12041,1.0,12041,1,11964.0,1
2026-04-10 20:00:00,2026-04-10,20,PACK-LINE-01,18,swing,Friday,1432,0,16,14,83,3,98,3,17,98,0,1334,added_packers_and_work_diverted,18,13375,162,17,0,1411,1411,11964,1.0,11964,1,12675.0,1
2026-04-10 21:00:00,2026-04-10,21,PACK-LINE-01,18,swing,Friday,1999,3,16,15,84,4,28,0,15,28,0,1971,work_diverted,15,13935,166,15,0,1260,1260,12675,1.0,12675,1,12978.0,1
2026-04-10 22:00:00,2026-04-10,22,PACK-LINE-01,18,night,Friday,1311,0,10,9,84,2,84,2,11,84,0,1227,added_packers_and_work_diverted,18,13902,166,11,0,924,924,12978,1.0,12978,1,13453.0,1
2026-04-10 23:00:00,2026-04-10,23,PACK-LINE-01,18,night,Friday,1459,0,10,7,85,3,134,3,10,134,0,1325,added_packers_and_work_diverted,18,14303,169,10,0,850,850,13453,1.0,13453,1,13677.0,1
2026-04-11 00:00:00,2026-04-11,0,PACK-LINE-01,18,night,Saturday,1100,3,10,8,82,0,301,0,8,220,0,880,work_diverted,15,14333,175,8,0,656,656,13677,1.0,13677,1,13679.0,1
2026-04-11 01:00:00,2026-04-11,1,PACK-LINE-01,18,night,Saturday,1048,0,10,8,87,2,176,2,10,176,0,872,added_packers_and_work_diverted,18,14549,168,10,0,870,870,13679,1.0,13679,1,13663.0,1
2026-04-11 02:00:00,2026-04-11,2,PACK-LINE-01,18,night,Saturday,1093,1,10,10,81,1,282,1,11,218,0,875,added_packers_and_work_diverted,17,14554,180,11,0,891,891,13663,1.0,13663,1,13552.0,1
2026-04-11 03:00:00,2026-04-11,3,PACK-LINE-01,18,night,Saturday,1145,0,10,10,79,3,324,3,13,229,0,916,added_packers_and_work_diverted,18,14579,185,13,0,1027,1027,13552,1.0,13552,1,13578.0,1
2026-04-11 04:00:00,2026-04-11,4,PACK-LINE-01,18,night,Saturday,1182,3,10,8,90,3,166,3,11,166,0,1016,added_packers_and_work_diverted,15,14568,162,11,0,990,990,13578,1.0,13578,1,13091.0,1
2026-04-11 05:00:00,2026-04-11,5,PACK-LINE-01,18,night,Saturday,793,0,10,8,87,5,149,5,13,149,0,644,added_packers_and_work_diverted,18,14222,164,13,0,1131,1131,13091,1.0,13091,1,13459.0,1
2026-04-11 06:00:00,2026-04-11,6,PACK-LINE-01,18,day,Saturday,1844,4,18,18,89,4,230,0,18,230,0,1614,work_diverted,14,14705,166,14,4,1246,1246,13459,1.0,13459,1,13342.0,1
2026-04-11 07:00:00,2026-04-11,7,PACK-LINE-01,18,day,Saturday,1245,4,18,17,81,5,228,0,17,228,0,1017,work_diverted,14,14476,179,14,3,1134,1134,13342,1.0,13342,1,13576.0,1
2026-04-11 08:00:00,2026-04-11,8,PACK-LINE-01,18,day,Saturday,1705,0,18,18,81,1,13,0,18,13,0,1692,work_diverted,18,15034,186,18,0,1458,1458,13576,1.0,13576,1,13409.0,1
2026-04-11 09:00:00,2026-04-11,9,PACK-LINE-01,18,day,Saturday,1331,2,18,18,77,2,338,0,18,266,0,1065,work_diverted,16,14641,191,16,2,1232,1232,13409,1.0,13409,1,13447.0,1
2026-04-11 10:00:00,2026-04-11,10,PACK-LINE-01,18,day,Saturday,1510,3,18,18,78,1,310,0,18,302,0,1208,work_diverted,15,14617,188,15,3,1170,1170,13447,1.0,13447,1,14625.0,1
2026-04-11 11:00:00,2026-04-11,11,PACK-LINE-01,18,day,Saturday,2649,0,18,15,84,2,43,2,17,43,0,2606,added_packers_and_work_diverted,18,16053,192,17,0,1428,1428,14625,1.0,14625,1,14701.0,1
2026-04-11 12:00:00,2026-04-11,12,PACK-LINE-01,18,day,Saturday,1614,0,18,16,85,5,8,2,18,8,0,1606,added_packers_and_work_diverted,18,16231,191,18,0,1530,1530,14701,1.0,14701,1,15168.0,1
2026-04-11 13:00:00,2026-04-11,13,PACK-LINE-01,18,day,Saturday,1772,2,18,18,80,3,25,0,18,25,0,1747,work_diverted,16,16448,206,16,2,1280,1280,15168,1.0,15168,1,14932.0,1
2026-04-11 14:00:00,2026-04-11,14,PACK-LINE-01,18,swing,Saturday,1398,0,16,15,80,5,194,3,18,194,0,1204,added_packers_and_work_diverted,18,16372,205,18,0,1440,1440,14932,1.0,14932,1,15301.0,1
2026-04-11 15:00:00,2026-04-11,15,PACK-LINE-01,18,swing,Saturday,1614,3,16,15,81,5,30,0,15,30,0,1584,work_diverted,15,16516,204,15,0,1215,1215,15301,1.0,15301,1,15565.0,1
2026-04-11 16:00:00,2026-04-11,16,PACK-LINE-01,18,swing,Saturday,1830,1,16,13,81,5,189,4,17,189,0,1641,added_packers_and_work_diverted,17,16942,210,17,0,1377,1377,15565,1.0,15565,1,16384.0,1
2026-04-11 17:00:00,2026-04-11,17,PACK-LINE-01,18,swing,Saturday,2374,0,16,16,78,0,307,0,16,307,0,2067,work_diverted,18,17632,227,16,0,1248,1248,16384,1.0,16384,1,16253.0,1
2026-04-11 18:00:00,2026-04-11,18,PACK-LINE-01,18,swing,Saturday,1420,0,16,16,80,0,271,0,16,271,0,1149,work_diverted,18,17533,220,16,0,1280,1280,16253,1.0,16253,1,16049.0,1
2026-04-11 19:00:00,2026-04-11,19,PACK-LINE-01,18,swing,Saturday,1268,1,16,15,89,0,137,0,15,137,0,1131,work_diverted,17,17384,196,15,0,1335,1335,16049,1.0,16049,1,16388.0,1
2026-04-11 20:00:00,2026-04-11,20,PACK-LINE-01,18,swing,Saturday,1906,3,16,15,91,5,202,0,15,202,0,1704,work_diverted,15,17753,196,15,0,1365,1365,16388,1.0,16388,1,15719.0,1
2026-04-11 21:00:00,2026-04-11,21,PACK-LINE-01,18,swing,Saturday,973,0,16,16,83,3,148,2,18,148,0,825,added_packers_and_work_diverted,18,17213,208,18,0,1494,1494,15719,1.0,15719,1,15706.0,1
2026-04-11 22:00:00,2026-04-11,22,PACK-LINE-01,18,night,Saturday,1253,1,10,10,81,3,213,3,13,213,0,1040,added_packers_and_work_diverted,17,16759,207,13,0,1053,1053,15706,1.0,15706,1,15619.0,1
2026-04-11 23:00:00,2026-04-11,23,PACK-LINE-01,18,night,Saturday,933,0,10,10,86,0,160,0,10,160,0,773,work_diverted,18,16479,192,10,0,860,860,15619,1.0,15619,1,15902.0,1
2026-04-12 00:00:00,2026-04-12,0,PACK-LINE-01,18,night,Sunday,1304,1,10,7,82,4,119,4,11,119,0,1185,added_packers_and_work_diverted,17,16804,205,11,0,902,902,15902,1.0,15902,1,16106.0,1
2026-04-12 01:00:00,2026-04-12,1,PACK-LINE-01,18,night,Sunday,1422,2,10,10,90,3,48,3,13,48,0,1374,added_packers_and_work_diverted,16,17276,192,13,0,1170,1170,16106,1.0,16106,1,16450.0,1
2026-04-12 02:00:00,2026-04-12,2,PACK-LINE-01,18,night,Sunday,1109,2,10,9,84,0,9,0,9,9,0,1100,work_diverted,16,17206,205,9,0,756,756,16450,1.0,16450,1,16073.0,1
2026-04-12 03:00:00,2026-04-12,3,PACK-LINE-01,18,night,Sunday,703,1,10,8,94,2,277,2,10,140,0,563,added_packers_and_work_diverted,17,17013,181,10,0,940,940,16073,1.0,16073,1,16147.0,1
2026-04-12 04:00:00,2026-04-12,4,PACK-LINE-01,18,night,Sunday,880,0,10,7,90,0,193,0,7,176,0,704,work_diverted,18,16777,187,7,0,630,630,16147,1.0,16147,1,15703.0,1
2026-04-12 05:00:00,2026-04-12,5,PACK-LINE-01,18,night,Sunday,932,0,10,10,85,4,328,4,14,186,0,746,added_packers_and_work_diverted,18,16893,199,14,0,1190,1190,15703,1.0,15703,1,15144.0,1
2026-04-12 06:00:00,2026-04-12,6,PACK-LINE-01,18,day,Sunday,981,1,18,15,84,1,215,1,16,196,0,785,added_packers_and_work_diverted,17,16488,197,16,0,1344,1344,15144,1.0,15144,1,14431.0,1
2026-04-12 07:00:00,2026-04-12,7,PACK-LINE-01,18,day,Sunday,1129,0,18,17,90,5,222,1,18,222,0,907,added_packers_and_work_diverted,18,16051,179,18,0,1620,1620,14431,1.0,14431,1,14716.0,1
2026-04-12 08:00:00,2026-04-12,8,PACK-LINE-01,18,day,Sunday,1647,4,18,15,81,4,228,0,15,228,0,1419,work_diverted,14,15850,196,14,1,1134,1134,14716,1.0,14716,1,14664.0,1
2026-04-12 09:00:00,2026-04-12,9,PACK-LINE-01,18,day,Sunday,1667,1,18,18,87,5,240,0,18,240,0,1427,work_diverted,17,16143,186,17,1,1479,1479,14664,1.0,14664,1,15118.0,1
2026-04-12 10:00:00,2026-04-12,10,PACK-LINE-01,18,day,Sunday,2380,0,18,16,89,4,324,2,18,324,0,2056,added_packers_and_work_diverted,18,16720,188,18,0,1602,1602,15118,1.0,15118,1,15004.0,1
2026-04-12 11:00:00,2026-04-12,11,PACK-LINE-01,18,day,Sunday,1274,4,18,18,81,3,311,0,18,254,0,1020,work_diverted,14,16138,200,14,4,1134,1134,15004,1.0,15004,1,15387.0,1
2026-04-12 12:00:00,2026-04-12,12,PACK-LINE-01,18,day,Sunday,1813,2,18,15,88,1,22,1,16,22,0,1791,added_packers_and_work_diverted,16,16795,191,16,0,1408,1408,15387,1.0,15387,1,15357.0,1
2026-04-12 13:00:00,2026-04-12,13,PACK-LINE-01,18,day,Sunday,1519,4,18,18,89,0,304,0,18,303,0,1216,work_diverted,14,16603,187,14,4,1246,1246,15357,1.0,15357,1,15138.0,1
2026-04-12 14:00:00,2026-04-12,14,PACK-LINE-01,18,swing,Sunday,1288,3,16,15,86,1,217,0,15,217,0,1071,work_diverted,15,16428,192,15,0,1290,1290,15138,1.0,15138,1,15473.0,1
2026-04-12 15:00:00,2026-04-12,15,PACK-LINE-01,18,swing,Sunday,1981,2,16,16,89,1,222,0,16,222,0,1759,work_diverted,16,16897,190,16,0,1424,1424,15473,1.0,15473,1,15944.0,1
2026-04-12 16:00:00,2026-04-12,16,PACK-LINE-01,18,swing,Sunday,2006,1,16,16,86,2,73,1,17,73,0,1933,added_packers_and_work_diverted,17,17406,203,17,0,1462,1462,15944,1.0,15944,1,15890.0,1
2026-04-12 17:00:00,2026-04-12,17,PACK-LINE-01,18,swing,Sunday,1542,0,16,15,75,3,246,3,18,246,0,1296,added_packers_and_work_diverted,18,17240,230,18,0,1350,1350,15890,1.0,15890,1,16247.0,1
2026-04-12 18:00:00,2026-04-12,18,PACK-LINE-01,18,swing,Sunday,1835,1,16,14,86,5,16,3,17,16,0,1819,added_packers_and_work_diverted,17,17709,206,17,0,1462,1462,16247,1.0,16247,1,16166.0,1
2026-04-12 19:00:00,2026-04-12,19,PACK-LINE-01,18,swing,Sunday,1469,0,16,15,83,2,139,2,17,139,0,1330,added_packers_and_work_diverted,18,17577,212,17,0,1411,1411,16166,1.0,16166,1,16337.0,1
2026-04-12 20:00:00,2026-04-12,20,PACK-LINE-01,18,swing,Sunday,1440,0,16,14,78,2,21,2,16,21,0,1419,added_packers_and_work_diverted,18,17585,226,16,0,1248,1248,16337,1.0,16337,1,15992.0,1
2026-04-12 21:00:00,2026-04-12,21,PACK-LINE-01,18,swing,Sunday,1401,0,16,14,88,4,162,4,18,162,0,1239,added_packers_and_work_diverted,18,17576,200,18,0,1584,1584,15992,1.0,15992,1,16105.0,1
2026-04-12 22:00:00,2026-04-12,22,PACK-LINE-01,18,night,Sunday,892,0,10,7,88,1,75,1,8,75,0,817,added_packers_and_work_diverted,18,16809,192,8,0,704,704,16105,1.0,16105,1,16027.0,1
2026-04-12 23:00:00,2026-04-12,23,PACK-LINE-01,18,night,Sunday,914,0,10,9,90,0,340,0,9,182,0,732,work_diverted,18,16837,188,9,0,810,810,16027,1.0,16027,1,15678.0,1
2026-04-13 00:00:00,2026-04-13,0,PACK-LINE-01,18,night,Monday,961,4,10,10,86,3,234,3,13,192,0,769,added_packers_and_work_diverted,14,16796,196,13,0,1118,1118,15678,1.0,15678,1,15870.0,1
2026-04-13 01:00:00,2026-04-13,1,PACK-LINE-01,18,night,Monday,980,0,10,7,74,1,273,1,8,196,0,784,added_packers_and_work_diverted,18,16462,223,8,0,592,592,15870,1.0,15870,1,15704.0,1
2026-04-13 02:00:00,2026-04-13,2,PACK-LINE-01,18,night,Monday,782,2,10,9,86,2,2,2,11,2,0,780,added_packers_and_work_diverted,16,16650,194,11,0,946,946,15704,1.0,15704,1,15790.0,1
2026-04-13 03:00:00,2026-04-13,3,PACK-LINE-01,18,night,Monday,1030,3,10,7,82,2,225,2,9,206,0,824,added_packers_and_work_diverted,15,16528,202,9,0,738,738,15790,1.0,15790,1,15351.0,1
2026-04-13 04:00:00,2026-04-13,4,PACK-LINE-01,18,night,Monday,968,0,10,9,87,5,189,5,14,189,0,779,added_packers_and_work_diverted,18,16569,191,14,0,1218,1218,15351,1.0,15351,1,15111.0,1
2026-04-13 05:00:00,2026-04-13,5,PACK-LINE-01,18,night,Monday,886,1,10,9,84,3,118,3,12,118,0,768,added_packers_and_work_diverted,17,16119,192,12,0,1008,1008,15111,1.0,15111,1,15100.0,1
2026-04-13 06:00:00,2026-04-13,6,PACK-LINE-01,18,day,Monday,1321,4,18,18,88,4,100,0,18,100,0,1221,work_diverted,14,16332,186,14,4,1232,1232,15100,1.0,15100,1,14680.0,1
2026-04-13 07:00:00,2026-04-13,7,PACK-LINE-01,18,day,Monday,980,3,18,16,85,0,125,0,16,125,0,855,work_diverted,15,15955,188,15,1,1275,1275,14680,1.0,14680,1,14654.0,1
2026-04-13 08:00:00,2026-04-13,8,PACK-LINE-01,18,day,Monday,1543,1,18,17,91,2,22,0,17,22,0,1521,work_diverted,17,16201,179,17,0,1547,1547,14654,1.0,14654,1,14370.0,1
2026-04-13 09:00:00,2026-04-13,9,PACK-LINE-01,18,day,Monday,1149,4,18,15,86,0,303,0,15,229,0,920,work_diverted,14,15574,182,14,1,1204,1204,14370,1.0,14370,1,13974.0,1
2026-04-13 10:00:00,2026-04-13,10,PACK-LINE-01,18,day,Monday,1178,0,18,17,83,3,80,1,18,80,0,1098,added_packers_and_work_diverted,18,15468,187,18,0,1494,1494,13974,1.0,13974,1,14111.0,1
2026-04-13 11:00:00,2026-04-13,11,PACK-LINE-01,18,day,Monday,1755,1,18,18,80,3,258,0,18,258,0,1497,work_diverted,17,15471,194,17,1,1360,1360,14111,1.0,14111,1,14082.0,1
2026-04-13 12:00:00,2026-04-13,12,PACK-LINE-01,18,day,Monday,1218,4,18,16,86,3,43,0,16,43,0,1175,work_diverted,14,15286,178,14,2,1204,1204,14082,1.0,14082,1,14418.0,1
2026-04-13 13:00:00,2026-04-13,13,PACK-LINE-01,18,day,Monday,1477,4,18,17,78,4,49,0,17,49,0,1428,work_diverted,14,15510,199,14,3,1092,1092,14418,1.0,14418,1,13885.0,1
2026-04-13 14:00:00,2026-04-13,14,PACK-LINE-01,18,swing,Monday,1106,0,16,16,88,4,55,2,18,55,0,1051,added_packers_and_work_diverted,18,15469,176,18,0,1584,1584,13885,1.0,13885,1,14300.0,1
2026-04-13 15:00:00,2026-04-13,15,PACK-LINE-01,18,swing,Monday,1750,0,16,15,82,1,23,1,16,23,0,1727,added_packers_and_work_diverted,18,15612,191,16,0,1312,1312,14300,1.0,14300,1,14631.0,1
2026-04-13 16:00:00,2026-04-13,16,PACK-LINE-01,18,swing,Monday,1753,0,16,15,85,1,62,1,16,62,0,1691,added_packers_and_work_diverted,18,15991,189,16,0,1360,1360,14631,1.0,14631,1,13999.0,1
2026-04-13 17:00:00,2026-04-13,17,PACK-LINE-01,18,swing,Monday,994,0,16,13,84,4,289,4,17,198,0,796,added_packers_and_work_diverted,18,15427,184,17,0,1428,1428,13999,1.0,13999,1,13865.0,1
2026-04-13 18:00:00,2026-04-13,18,PACK-LINE-01,18,swing,Monday,1324,4,16,16,86,1,254,0,16,254,0,1070,work_diverted,14,15069,176,14,2,1204,1204,13865,1.0,13865,1,13559.0,1
2026-04-13 19:00:00,2026-04-13,19,PACK-LINE-01,18,swing,Monday,1295,2,16,16,87,5,209,0,16,209,0,1086,work_diverted,16,14951,172,16,0,1392,1392,13559,1.0,13559,1,13113.0,1
2026-04-13 20:00:00,2026-04-13,20,PACK-LINE-01,18,swing,Monday,1262,0,16,14,86,4,160,4,18,160,0,1102,added_packers_and_work_diverted,18,14661,171,18,0,1548,1548,13113,1.0,13113,1,12518.0,1
2026-04-13 21:00:00,2026-04-13,21,PACK-LINE-01,18,swing,Monday,921,2,16,15,89,1,92,1,16,92,0,829,added_packers_and_work_diverted,16,13942,157,16,0,1424,1424,12518,1.0,12518,1,12106.0,1
2026-04-13 22:00:00,2026-04-13,22,PACK-LINE-01,18,night,Monday,882,2,10,9,86,4,212,4,13,176,0,706,added_packers_and_work_diverted,16,13224,154,13,0,1118,1118,12106,1.0,12106,1,11804.0,1
2026-04-13 23:00:00,2026-04-13,23,PACK-LINE-01,18,night,Monday,722,4,10,10,81,1,133,1,11,133,0,589,added_packers_and_work_diverted,14,12695,157,11,0,891,891,11804,1.0,11804,1,11540.0,1
2026-04-14 00:00:00,2026-04-14,0,PACK-LINE-01,18,night,Tuesday,754,0,10,10,81,2,46,2,12,46,0,708,added_packers_and_work_diverted,18,12512,155,12,0,972,972,11540,1.0,11540,1,11857.0,1
2026-04-14 01:00:00,2026-04-14,1,PACK-LINE-01,18,night,Tuesday,1072,1,10,7,87,0,146,0,7,146,0,926,work_diverted,17,12466,144,7,0,609,609,11857,1.0,11857,1,11872.0,1
2026-04-14 02:00:00,2026-04-14,2,PACK-LINE-01,18,night,Tuesday,1028,1,10,7,93,3,83,3,10,83,0,945,added_packers_and_work_diverted,17,12802,138,10,0,930,930,11872,1.0,11872,1,11844.0,1
2026-04-14 03:00:00,2026-04-14,3,PACK-LINE-01,18,night,Tuesday,834,4,10,7,87,1,327,1,8,166,0,668,added_packers_and_work_diverted,14,12540,145,8,0,696,696,11844,1.0,11844,1,11434.0,1
2026-04-14 04:00:00,2026-04-14,4,PACK-LINE-01,18,night,Tuesday,745,4,10,8,90,4,75,4,12,75,0,670,added_packers_and_work_diverted,14,12514,140,12,0,1080,1080,11434,1.0,11434,1,11300.0,1
2026-04-14 05:00:00,2026-04-14,5,PACK-LINE-01,18,night,Tuesday,959,0,10,9,82,2,211,2,11,191,0,768,added_packers_and_work_diverted,18,12202,149,11,0,902,902,11300,1.0,11300,1,10639.0,1
2026-04-14 06:00:00,2026-04-14,6,PACK-LINE-01,18,day,Tuesday,1065,1,18,17,89,2,262,0,17,213,0,852,work_diverted,17,12152,137,17,0,1513,1513,10639,1.0,10639,1,9944.0,1
2026-04-14 07:00:00,2026-04-14,7,PACK-LINE-01,18,day,Tuesday,998,0,18,17,83,1,325,1,18,199,0,799,added_packers_and_work_diverted,18,11438,138,18,0,1494,1494,9944,1.0,9944,1,9819.0,1
2026-04-14 08:00:00,2026-04-14,8,PACK-LINE-01,18,day,Tuesday,1703,0,18,16,92,3,172,2,18,172,0,1531,added_packers_and_work_diverted,18,11475,125,18,0,1656,1656,9819,1.0,9819,1,8914.0,1
2026-04-14 09:00:00,2026-04-14,9,PACK-LINE-01,18,day,Tuesday,803,0,18,16,86,3,297,2,18,160,0,643,added_packers_and_work_diverted,18,10462,122,18,0,1548,1548,8914,1.0,8914,1,8848.0,1
2026-04-14 10:00:00,2026-04-14,10,PACK-LINE-01,18,day,Tuesday,1682,2,18,18,89,2,324,0,18,324,0,1358,work_diverted,16,10272,116,16,2,1424,1424,8848,1.0,8848,1,8268.0,1
2026-04-14 11:00:00,2026-04-14,11,PACK-LINE-01,18,day,Tuesday,1187,0,18,17,85,3,279,1,18,237,0,950,added_packers_and_work_diverted,18,9798,116,18,0,1530,1530,8268,1.0,8268,1,8302.0,1
2026-04-14 12:00:00,2026-04-14,12,PACK-LINE-01,18,day,Tuesday,1720,0,18,16,80,5,246,2,18,246,0,1474,added_packers_and_work_diverted,18,9742,122,18,0,1440,1440,8302,1.0,8302,1,8343.0,1
2026-04-14 13:00:00,2026-04-14,13,PACK-LINE-01,18,day,Tuesday,1438,4,18,15,83,0,235,0,15,235,0,1203,work_diverted,14,9505,115,14,1,1162,1162,8343,1.0,8343,1,7982.0,1
2026-04-14 14:00:00,2026-04-14,14,PACK-LINE-01,18,swing,Tuesday,1180,0,16,13,87,2,248,2,15,236,0,944,added_packers_and_work_diverted,18,9287,107,15,0,1305,1305,7982,1.0,7982,1,7476.0,1
2026-04-14 15:00:00,2026-04-14,15,PACK-LINE-01,18,swing,Tuesday,1241,0,16,13,87,5,181,5,18,181,0,1060,added_packers_and_work_diverted,18,9042,104,18,0,1566,1566,7476,1.0,7476,1,8162.0,1
2026-04-14 16:00:00,2026-04-14,16,PACK-LINE-01,18,swing,Tuesday,1992,1,16,14,84,0,130,0,14,130,0,1862,work_diverted,17,9338,112,14,0,1176,1176,8162,1.0,8162,1,7931.0,1
2026-04-14 17:00:00,2026-04-14,17,PACK-LINE-01,18,swing,Tuesday,1204,0,16,15,87,0,130,0,15,130,0,1074,work_diverted,18,9236,107,15,0,1305,1305,7931,1.0,7931,1,7735.0,1
2026-04-14 18:00:00,2026-04-14,18,PACK-LINE-01,18,swing,Tuesday,1207,4,16,15,83,2,270,0,15,241,0,966,work_diverted,14,8897,108,14,1,1162,1162,7735,1.0,7735,1,7597.0,1
2026-04-14 19:00:00,2026-04-14,19,PACK-LINE-01,18,swing,Tuesday,1314,3,16,14,85,0,321,0,14,262,0,1052,work_diverted,15,8787,104,14,0,1190,1190,7597,1.0,7597,1,6893.0,1
2026-04-14 20:00:00,2026-04-14,20,PACK-LINE-01,18,swing,Tuesday,862,1,16,14,82,3,176,3,17,172,0,690,added_packers_and_work_diverted,17,8287,102,17,0,1394,1394,6893,1.0,6893,1,6533.0,1
2026-04-14 21:00:00,2026-04-14,21,PACK-LINE-01,18,swing,Tuesday,1002,4,16,14,83,0,279,0,14,200,0,802,work_diverted,14,7695,93,14,0,1162,1162,6533,1.0,6533,1,6550.0,1
2026-04-14 22:00:00,2026-04-14,22,PACK-LINE-01,18,night,Tuesday,932,1,10,9,81,0,194,0,9,186,0,746,work_diverted,17,7279,90,9,0,729,729,6550,1.0,6550,1,6116.0,1
2026-04-14 23:00:00,2026-04-14,23,PACK-LINE-01,18,night,Tuesday,976,0,10,10,89,5,75,5,15,75,0,901,added_packers_and_work_diverted,18,7451,84,15,0,1335,1335,6116,1.0,6116,1,6213.0,1
2026-04-15 00:00:00,2026-04-15,0,PACK-LINE-01,18,night,Wednesday,1158,1,10,7,83,3,274,3,10,231,0,927,added_packers_and_work_diverted,17,7043,85,10,0,830,830,6213,1.0,6213,1,6352.0,1
2026-04-15 01:00:00,2026-04-15,1,PACK-LINE-01,18,night,Wednesday,1222,2,10,8,81,4,111,4,12,111,0,1111,added_packers_and_work_diverted,16,7324,91,12,0,972,972,6352,1.0,6352,1,6112.0,1
2026-04-15 02:00:00,2026-04-15,2,PACK-LINE-01,18,night,Wednesday,799,3,10,9,88,1,231,1,10,159,0,640,added_packers_and_work_diverted,15,6992,80,10,0,880,880,6112,1.0,6112,1,6490.0,1
2026-04-15 03:00:00,2026-04-15,3,PACK-LINE-01,18,night,Wednesday,1302,2,10,10,83,0,94,0,10,94,0,1208,work_diverted,16,7320,89,10,0,830,830,6490,1.0,6490,1,5999.0,1
2026-04-15 04:00:00,2026-04-15,4,PACK-LINE-01,18,night,Wednesday,676,2,10,10,86,2,246,2,12,135,0,541,added_packers_and_work_diverted,16,7031,82,12,0,1032,1032,5999,1.0,5999,1,5620.0,1
2026-04-15 05:00:00,2026-04-15,5,PACK-LINE-01,18,night,Wednesday,694,3,10,9,85,2,180,2,11,138,0,556,added_packers_and_work_diverted,15,6555,78,11,0,935,935,5620,1.0,5620,1,5960.0,1
2026-04-15 06:00:00,2026-04-15,6,PACK-LINE-01,18,day,Wednesday,1807,2,18,16,85,3,107,0,16,107,0,1700,work_diverted,16,7320,87,16,0,1360,1360,5960,1.0,5960,1,5303.0,1
2026-04-15 07:00:00,2026-04-15,7,PACK-LINE-01,18,day,Wednesday,942,1,18,15,83,2,218,2,17,188,0,754,added_packers_and_work_diverted,17,6714,81,17,0,1411,1411,5303,1.0,5303,1,4791.0,1
2026-04-15 08:00:00,2026-04-15,8,PACK-LINE-01,18,day,Wednesday,1205,0,18,16,86,5,169,2,18,169,0,1036,added_packers_and_work_diverted,18,6339,74,18,0,1548,1548,4791,1.0,4791,1,4368.0,1
2026-04-15 09:00:00,2026-04-15,9,PACK-LINE-01,18,day,Wednesday,1123,0,18,16,77,3,160,2,18,160,0,963,added_packers_and_work_diverted,18,5754,75,18,0,1386,1386,4368,1.0,4368,1,4989.0,1
2026-04-15 10:00:00,2026-04-15,10,PACK-LINE-01,18,day,Wednesday,1998,2,18,16,78,5,129,0,16,129,0,1869,work_diverted,16,6237,80,16,0,1248,1248,4989,1.0,4989,1,5145.0,1
2026-04-15 11:00:00,2026-04-15,11,PACK-LINE-01,18,day,Wednesday,1817,1,18,16,87,0,269,0,16,269,0,1548,work_diverted,17,6537,76,16,0,1392,1392,5145,1.0,5145,1,5111.0,1
2026-04-15 12:00:00,2026-04-15,12,PACK-LINE-01,18,day,Wednesday,1341,1,18,15,85,1,15,1,16,15,0,1326,added_packers_and_work_diverted,17,6471,77,16,0,1360,1360,5111,1.0,5111,1,5429.0,1
2026-04-15 13:00:00,2026-04-15,13,PACK-LINE-01,18,day,Wednesday,1888,1,18,16,91,1,23,1,17,23,0,1865,added_packers_and_work_diverted,17,6976,77,17,0,1547,1547,5429,1.0,5429,1,4982.0,1
2026-04-15 14:00:00,2026-04-15,14,PACK-LINE-01,18,swing,Wednesday,1114,0,16,16,84,3,49,2,18,49,0,1065,added_packers_and_work_diverted,18,6494,78,18,0,1512,1512,4982,1.0,4982,1,5076.0,1
2026-04-15 15:00:00,2026-04-15,15,PACK-LINE-01,18,swing,Wednesday,1492,4,16,16,82,2,250,0,16,250,0,1242,work_diverted,14,6224,76,14,2,1148,1148,5076,1.0,5076,1,4719.0,1
2026-04-15 16:00:00,2026-04-15,16,PACK-LINE-01,18,swing,Wednesday,1213,2,16,16,89,2,146,0,16,146,0,1067,work_diverted,16,6143,70,16,0,1424,1424,4719,1.0,4719,1,4691.0,1
2026-04-15 17:00:00,2026-04-15,17,PACK-LINE-01,18,swing,Wednesday,1236,4,16,16,82,3,116,0,16,116,0,1120,work_diverted,14,5839,72,14,2,1148,1148,4691,1.0,4691,1,4483.0,1
2026-04-15 18:00:00,2026-04-15,18,PACK-LINE-01,18,swing,Wednesday,1183,0,16,15,77,0,279,0,15,236,0,947,work_diverted,18,5638,74,15,0,1155,1155,4483,1.0,4483,1,4743.0,1
2026-04-15 19:00:00,2026-04-15,19,PACK-LINE-01,18,swing,Wednesday,1654,4,16,14,86,3,190,0,14,190,0,1464,work_diverted,14,5947,70,14,0,1204,1204,4743,1.0,4743,1,4461.0,1
2026-04-15 20:00:00,2026-04-15,20,PACK-LINE-01,18,swing,Wednesday,1360,0,16,13,84,5,130,5,18,130,0,1230,added_packers_and_work_diverted,18,5973,72,18,0,1512,1512,4461,1.0,4461,1,4737.0,1
2026-04-15 21:00:00,2026-04-15,21,PACK-LINE-01,18,swing,Wednesday,1579,0,16,13,81,0,250,0,13,250,0,1329,work_diverted,18,5790,72,13,0,1053,1053,4737,1.0,4737,1,4634.0,1
2026-04-15 22:00:00,2026-04-15,22,PACK-LINE-01,18,night,Wednesday,1056,0,10,10,79,2,258,2,12,211,0,845,added_packers_and_work_diverted,18,5582,71,12,0,948,948,4634,1.0,4634,1,4375.0,1
2026-04-15 23:00:00,2026-04-15,23,PACK-LINE-01,18,night,Wednesday,1112,0,10,10,89,4,125,4,14,125,0,987,added_packers_and_work_diverted,18,5621,64,14,0,1246,1246,4375,1.0,4375,1,4564.0,1
2026-04-16 00:00:00,2026-04-16,0,PACK-LINE-01,18,night,Thursday,1394,0,10,10,81,3,152,3,13,152,0,1242,added_packers_and_work_diverted,18,5617,70,13,0,1053,1053,4564,1.0,4564,1,4381.0,1
2026-04-16 01:00:00,2026-04-16,1,PACK-LINE-01,18,night,Thursday,967,1,10,10,87,1,288,1,11,193,0,774,added_packers_and_work_diverted,17,5338,62,11,0,957,957,4381,1.0,4381,1,4954.0,1
2026-04-16 02:00:00,2026-04-16,2,PACK-LINE-01,18,night,Thursday,1485,2,10,8,81,3,21,3,11,21,0,1464,added_packers_and_work_diverted,16,5845,73,11,0,891,891,4954,1.0,4954,1,5175.0,1
2026-04-16 03:00:00,2026-04-16,3,PACK-LINE-01,18,night,Thursday,1090,1,10,8,83,0,205,0,8,205,0,885,work_diverted,17,5839,71,8,0,664,664,5175,1.0,5175,1,5423.0,1
2026-04-16 04:00:00,2026-04-16,4,PACK-LINE-01,18,night,Thursday,1362,0,10,9,85,1,264,1,10,264,0,1098,added_packers_and_work_diverted,18,6273,74,10,0,850,850,5423,1.0,5423,1,6006.0,1
2026-04-16 05:00:00,2026-04-16,5,PACK-LINE-01,18,night,Thursday,1312,2,10,8,79,0,97,0,8,97,0,1215,work_diverted,16,6638,85,8,0,632,632,6006,1.0,6006,1,6553.0,1
2026-04-16 06:00:00,2026-04-16,6,PACK-LINE-01,18,day,Thursday,2160,0,18,15,83,4,119,3,18,119,0,2041,added_packers_and_work_diverted,18,8047,97,18,0,1494,1494,6553,1.0,6553,1,6318.0,1
2026-04-16 07:00:00,2026-04-16,7,PACK-LINE-01,18,day,Thursday,1242,1,18,18,83,4,66,0,18,66,0,1176,work_diverted,17,7729,94,17,1,1411,1411,6318,1.0,6318,1,6521.0,1
2026-04-16 08:00:00,2026-04-16,8,PACK-LINE-01,18,day,Thursday,1753,4,18,15,90,4,290,0,15,290,0,1463,work_diverted,14,7781,87,14,1,1260,1260,6521,1.0,6521,1,6430.0,1
2026-04-16 09:00:00,2026-04-16,9,PACK-LINE-01,18,day,Thursday,1387,1,18,15,83,5,67,2,17,67,0,1320,added_packers_and_work_diverted,17,7841,95,17,0,1411,1411,6430,1.0,6430,1,7823.0,1
2026-04-16 10:00:00,2026-04-16,10,PACK-LINE-01,18,day,Thursday,2896,0,18,16,73,3,189,2,18,189,0,2707,added_packers_and_work_diverted,18,9137,126,18,0,1314,1314,7823,1.0,7823,1,8340.0,1
2026-04-16 11:00:00,2026-04-16,11,PACK-LINE-01,18,day,Thursday,2266,0,18,17,85,2,219,1,18,219,0,2047,added_packers_and_work_diverted,18,9870,117,18,0,1530,1530,8340,1.0,8340,1,8923.0,1
2026-04-16 12:00:00,2026-04-16,12,PACK-LINE-01,18,day,Thursday,2325,0,18,17,83,2,248,1,18,248,0,2077,added_packers_and_work_diverted,18,10417,126,18,0,1494,1494,8923,1.0,8923,1,8400.0,1
2026-04-16 13:00:00,2026-04-16,13,PACK-LINE-01,18,day,Thursday,1132,0,18,17,83,4,161,1,18,161,0,971,added_packers_and_work_diverted,18,9894,120,18,0,1494,1494,8400,1.0,8400,1,9072.0,1
2026-04-16 14:00:00,2026-04-16,14,PACK-LINE-01,18,swing,Thursday,2037,4,16,16,88,2,133,0,16,133,0,1904,work_diverted,14,10304,118,14,2,1232,1232,9072,1.0,9072,1,9420.0,1
2026-04-16 15:00:00,2026-04-16,15,PACK-LINE-01,18,swing,Thursday,2186,0,16,15,98,5,74,3,18,74,0,2112,added_packers_and_work_diverted,18,11184,115,18,0,1764,1764,9420,1.0,9420,1,9736.0,1
2026-04-16 16:00:00,2026-04-16,16,PACK-LINE-01,18,swing,Thursday,1770,0,16,13,83,1,292,1,14,292,0,1478,added_packers_and_work_diverted,18,10898,132,14,0,1162,1162,9736,1.0,9736,1,10692.0,1
2026-04-16 17:00:00,2026-04-16,17,PACK-LINE-01,18,swing,Thursday,2237,3,16,16,83,3,36,0,16,36,0,2201,work_diverted,15,11937,144,15,1,1245,1245,10692,1.0,10692,1,10840.0,1
2026-04-16 18:00:00,2026-04-16,18,PACK-LINE-01,18,swing,Thursday,1572,0,16,15,79,1,160,1,16,160,0,1412,added_packers_and_work_diverted,18,12104,154,16,0,1264,1264,10840,1.0,10840,1,10533.0,1
2026-04-16 19:00:00,2026-04-16,19,PACK-LINE-01,18,swing,Thursday,1332,0,16,14,87,5,73,4,18,73,0,1259,added_packers_and_work_diverted,18,12099,140,18,0,1566,1566,10533,1.0,10533,1,10316.0,1
2026-04-16 20:00:00,2026-04-16,20,PACK-LINE-01,18,swing,Thursday,1502,0,16,16,82,3,243,2,18,243,0,1259,added_packers_and_work_diverted,18,11792,144,18,0,1476,1476,10316,1.0,10316,1,11165.0,1
2026-04-16 21:00:00,2026-04-16,21,PACK-LINE-01,18,swing,Thursday,2220,4,16,16,83,5,209,0,16,209,0,2011,work_diverted,14,12327,149,14,2,1162,1162,11165,1.0,11165,1,11929.0,1
2026-04-16 22:00:00,2026-04-16,22,PACK-LINE-01,18,night,Thursday,1483,2,10,8,76,0,111,0,8,111,0,1372,work_diverted,16,12537,165,8,0,608,608,11929,1.0,11929,1,11533.0,1
2026-04-16 23:00:00,2026-04-16,23,PACK-LINE-01,18,night,Thursday,756,0,10,9,91,2,239,2,11,151,0,605,added_packers_and_work_diverted,18,12534,138,11,0,1001,1001,11533,1.0,11533,1,11530.0,1
2026-04-17 00:00:00,2026-04-17,0,PACK-LINE-01,18,night,Friday,882,0,10,9,88,0,93,0,9,93,0,789,work_diverted,18,12322,141,9,0,792,792,11530,1.0,11530,1,11647.0,1
2026-04-17 01:00:00,2026-04-17,1,PACK-LINE-01,18,night,Friday,1190,3,10,9,81,4,20,4,13,20,0,1170,added_packers_and_work_diverted,15,12700,157,13,0,1053,1053,11647,1.0,11647,1,11918.0,1
2026-04-17 02:00:00,2026-04-17,2,PACK-LINE-01,18,night,Friday,1276,0,10,10,84,1,81,1,11,81,0,1195,added_packers_and_work_diverted,18,12842,153,11,0,924,924,11918,1.0,11918,1,12036.0,1
2026-04-17 03:00:00,2026-04-17,3,PACK-LINE-01,18,night,Friday,1166,0,10,9,78,2,190,2,11,190,0,976,added_packers_and_work_diverted,18,12894,166,11,0,858,858,12036,1.0,12036,1,12074.0,1
2026-04-17 04:00:00,2026-04-17,4,PACK-LINE-01,18,night,Friday,1486,4,10,9,86,5,244,5,14,244,0,1242,added_packers_and_work_diverted,14,13278,155,14,0,1204,1204,12074,1.0,12074,1,12881.0,1
2026-04-17 05:00:00,2026-04-17,5,PACK-LINE-01,18,night,Friday,1648,2,10,9,80,0,121,0,9,121,0,1527,work_diverted,16,13601,171,9,0,720,720,12881,1.0,12881,1,12746.0,1
2026-04-17 06:00:00,2026-04-17,6,PACK-LINE-01,18,day,Friday,1554,0,18,17,84,3,177,1,18,177,0,1377,added_packers_and_work_diverted,18,14258,170,18,0,1512,1512,12746,1.0,12746,1,12682.0,1
2026-04-17 07:00:00,2026-04-17,7,PACK-LINE-01,18,day,Friday,1541,0,18,16,80,3,165,2,18,165,0,1376,added_packers_and_work_diverted,18,14122,177,18,0,1440,1440,12682,1.0,12682,1,12347.0,1
2026-04-17 08:00:00,2026-04-17,8,PACK-LINE-01,18,day,Friday,1100,1,18,15,81,0,313,0,15,220,0,880,work_diverted,17,13562,168,15,0,1215,1215,12347,1.0,12347,1,12326.0,1
2026-04-17 09:00:00,2026-04-17,9,PACK-LINE-01,18,day,Friday,1651,2,18,16,85,3,312,0,16,312,0,1339,work_diverted,16,13686,162,16,0,1360,1360,12326,1.0,12326,1,12609.0,1
2026-04-17 10:00:00,2026-04-17,10,PACK-LINE-01,18,day,Friday,1615,0,18,16,81,0,36,0,16,36,0,1579,work_diverted,18,13905,172,16,0,1296,1296,12609,1.0,12609,1,13520.0,1
2026-04-17 11:00:00,2026-04-17,11,PACK-LINE-01,18,day,Friday,2801,0,18,17,89,1,288,1,18,288,0,2513,added_packers_and_work_diverted,18,15122,170,18,0,1602,1602,13520,1.0,13520,1,14064.0,1
2026-04-17 12:00:00,2026-04-17,12,PACK-LINE-01,18,day,Friday,2111,2,18,16,90,1,127,0,16,127,0,1984,work_diverted,16,15504,173,16,0,1440,1440,14064,1.0,14064,1,14278.0,1
2026-04-17 13:00:00,2026-04-17,13,PACK-LINE-01,18,day,Friday,1835,0,18,18,81,1,163,0,18,163,0,1672,work_diverted,18,15736,195,18,0,1458,1458,14278,1.0,14278,1,14630.0,1
2026-04-17 14:00:00,2026-04-17,14,PACK-LINE-01,18,swing,Friday,1835,0,16,15,88,0,163,0,15,163,0,1672,work_diverted,18,15950,182,15,0,1320,1320,14630,1.0,14630,1,15500.0,1
2026-04-17 15:00:00,2026-04-17,15,PACK-LINE-01,18,swing,Friday,2354,4,16,15,86,4,280,0,15,280,0,2074,work_diverted,14,16704,195,14,1,1204,1204,15500,1.0,15500,1,16843.0,1
2026-04-17 16:00:00,2026-04-17,16,PACK-LINE-01,18,swing,Friday,2705,0,16,13,84,0,270,0,13,270,0,2435,work_diverted,18,17935,214,13,0,1092,1092,16843,1.0,16843,1,17425.0,1
2026-04-17 17:00:00,2026-04-17,17,PACK-LINE-01,18,swing,Friday,1853,3,16,14,80,2,71,1,15,71,0,1782,added_packers_and_work_diverted,15,18625,233,15,0,1200,1200,17425,1.0,17425,1,17692.0,1
2026-04-17 18:00:00,2026-04-17,18,PACK-LINE-01,18,swing,Friday,2059,0,16,14,81,4,334,4,18,334,0,1725,added_packers_and_work_diverted,18,19150,237,18,0,1458,1458,17692,1.0,17692,1,17739.0,1
2026-04-17 19:00:00,2026-04-17,19,PACK-LINE-01,18,swing,Friday,1863,0,16,13,95,3,296,3,16,296,0,1567,added_packers_and_work_diverted,18,19259,203,16,0,1520,1520,17739,1.0,17739,1,17274.0,1
2026-04-17 20:00:00,2026-04-17,20,PACK-LINE-01,18,swing,Friday,1224,0,16,16,89,4,87,2,18,87,0,1137,added_packers_and_work_diverted,18,18876,213,18,0,1602,1602,17274,1.0,17274,1,17348.0,1
2026-04-17 21:00:00,2026-04-17,21,PACK-LINE-01,18,swing,Friday,1466,0,16,15,81,1,96,1,16,96,0,1370,added_packers_and_work_diverted,18,18644,231,16,0,1296,1296,17348,1.0,17348,1,17701.0,1
2026-04-17 22:00:00,2026-04-17,22,PACK-LINE-01,18,night,Friday,1084,3,10,7,88,0,115,0,7,115,0,969,work_diverted,15,18317,209,7,0,616,616,17701,1.0,17701,1,17618.0,1
2026-04-17 23:00:00,2026-04-17,23,PACK-LINE-01,18,night,Friday,1004,4,10,8,77,4,163,4,12,163,0,841,added_packers_and_work_diverted,14,18542,241,12,0,924,924,17618,1.0,17618,1,17334.0,1
2026-04-18 00:00:00,2026-04-18,0,PACK-LINE-01,18,night,Saturday,981,1,10,10,77,4,187,4,14,187,0,794,added_packers_and_work_diverted,17,18412,240,14,0,1078,1078,17334,1.0,17334,1,17327.0,1
2026-04-18 01:00:00,2026-04-18,1,PACK-LINE-01,18,night,Saturday,1039,4,10,8,86,2,186,2,10,186,0,853,added_packers_and_work_diverted,14,18187,212,10,0,860,860,17327,1.0,17327,1,17390.0,1
2026-04-18 02:00:00,2026-04-18,2,PACK-LINE-01,18,night,Saturday,1156,0,10,10,89,0,203,0,10,203,0,953,work_diverted,18,18280,206,10,0,890,890,17390,1.0,17390,1,17123.0,1
2026-04-18 03:00:00,2026-04-18,3,PACK-LINE-01,18,night,Saturday,905,0,10,10,87,2,128,2,12,128,0,777,added_packers_and_work_diverted,18,18167,209,12,0,1044,1044,17123,1.0,17123,1,17389.0,1
2026-04-18 04:00:00,2026-04-18,4,PACK-LINE-01,18,night,Saturday,1326,1,10,9,86,1,200,1,10,200,0,1126,added_packers_and_work_diverted,17,18249,213,10,0,860,860,17389,1.0,17389,1,17082.0,1
2026-04-18 05:00:00,2026-04-18,5,PACK-LINE-01,18,night,Saturday,812,3,10,9,87,2,241,2,11,162,0,650,added_packers_and_work_diverted,15,18039,208,11,0,957,957,17082,1.0,17082,1,16804.0,1
2026-04-18 06:00:00,2026-04-18,6,PACK-LINE-01,18,day,Saturday,1520,0,18,18,83,4,305,0,18,304,0,1216,work_diverted,18,18298,221,18,0,1494,1494,16804,1.0,16804,1,17028.0,1
2026-04-18 07:00:00,2026-04-18,7,PACK-LINE-01,18,day,Saturday,1765,4,18,17,90,3,281,0,17,281,0,1484,work_diverted,14,18288,204,14,3,1260,1260,17028,1.0,17028,1,16860.0,1
2026-04-18 08:00:00,2026-04-18,8,PACK-LINE-01,18,day,Saturday,1404,2,18,16,81,5,276,0,16,276,0,1128,work_diverted,16,18156,225,16,0,1296,1296,16860,1.0,16860,1,16998.0,1
2026-04-18 09:00:00,2026-04-18,9,PACK-LINE-01,18,day,Saturday,1683,1,18,17,85,2,100,0,17,100,0,1583,work_diverted,17,18443,217,17,0,1445,1445,16998,1.0,16998,1,17177.0,1
2026-04-18 10:00:00,2026-04-18,10,PACK-LINE-01,18,day,Saturday,1578,0,18,15,79,2,56,2,17,56,0,1522,added_packers_and_work_diverted,18,18520,235,17,0,1343,1343,17177,1.0,17177,1,17370.0,1
2026-04-18 11:00:00,2026-04-18,11,PACK-LINE-01,18,day,Saturday,1432,0,18,15,80,0,39,0,15,39,0,1393,work_diverted,18,18570,233,15,0,1200,1200,17370,1.0,17370,1,17819.0,1
2026-04-18 12:00:00,2026-04-18,12,PACK-LINE-01,18,day,Saturday,1690,4,18,16,79,4,135,0,16,135,0,1555,work_diverted,14,18925,240,14,2,1106,1106,17819,1.0,17819,1,17695.0,1
2026-04-18 13:00:00,2026-04-18,13,PACK-LINE-01,18,day,Saturday,1243,0,18,16,80,0,87,0,16,87,0,1156,work_diverted,18,18975,238,16,0,1280,1280,17695,1.0,17695,1,17598.0,1
2026-04-18 14:00:00,2026-04-18,14,PACK-LINE-01,18,swing,Saturday,1378,1,16,14,87,1,170,1,15,170,0,1208,added_packers_and_work_diverted,17,18903,218,15,0,1305,1305,17598,1.0,17598,1,17297.0,1
2026-04-18 15:00:00,2026-04-18,15,PACK-LINE-01,18,swing,Saturday,1177,1,16,13,85,5,33,4,17,33,0,1144,added_packers_and_work_diverted,17,18742,221,17,0,1445,1445,17297,1.0,17297,1,17810.0,1
2026-04-18 16:00:00,2026-04-18,16,PACK-LINE-01,18,swing,Saturday,1945,3,16,13,85,3,157,2,15,157,0,1788,added_packers_and_work_diverted,15,19085,225,15,0,1275,1275,17810,1.0,17810,1,17974.0,1
2026-04-18 17:00:00,2026-04-18,17,PACK-LINE-01,18,swing,Saturday,1566,0,16,13,86,1,198,1,14,198,0,1368,added_packers_and_work_diverted,18,19178,223,14,0,1204,1204,17974,1.0,17974,1,18064.0,1
2026-04-18 18:00:00,2026-04-18,18,PACK-LINE-01,18,swing,Saturday,1548,3,16,14,83,1,213,1,15,213,0,1335,added_packers_and_work_diverted,15,19309,233,15,0,1245,1245,18064,1.0,18064,1,18164.0,1
2026-04-18 19:00:00,2026-04-18,19,PACK-LINE-01,18,swing,Saturday,1432,4,16,15,88,1,100,0,15,100,0,1332,work_diverted,14,19396,221,14,1,1232,1232,18164,1.0,18164,1,17892.0,1
2026-04-18 20:00:00,2026-04-18,20,PACK-LINE-01,18,swing,Saturday,1317,0,16,16,84,4,77,2,18,77,0,1240,added_packers_and_work_diverted,18,19404,231,18,0,1512,1512,17892,1.0,17892,1,17843.0,1
2026-04-18 21:00:00,2026-04-18,21,PACK-LINE-01,18,swing,Saturday,1479,1,16,15,81,5,151,2,17,151,0,1328,added_packers_and_work_diverted,17,19220,238,17,0,1377,1377,17843,1.0,17843,1,17561.0,1
2026-04-18 22:00:00,2026-04-18,22,PACK-LINE-01,18,night,Saturday,811,4,10,8,83,4,97,4,12,97,0,714,added_packers_and_work_diverted,14,18557,224,12,0,996,996,17561,1.0,17561,1,17626.0,1
2026-04-18 23:00:00,2026-04-18,23,PACK-LINE-01,18,night,Saturday,881,2,10,8,80,0,283,0,8,176,0,705,work_diverted,16,18266,229,8,0,640,640,17626,1.0,17626,1,17520.0,1
2026-04-19 00:00:00,2026-04-19,0,PACK-LINE-01,18,night,Sunday,728,2,10,8,89,1,33,1,9,33,0,695,added_packers_and_work_diverted,16,18321,206,9,0,801,801,17520,1.0,17520,1,17559.0,1
2026-04-19 01:00:00,2026-04-19,1,PACK-LINE-01,18,night,Sunday,1119,0,10,10,83,3,1,3,13,1,0,1118,added_packers_and_work_diverted,18,18638,225,13,0,1079,1079,17559,1.0,17559,1,17439.0,1
2026-04-19 02:00:00,2026-04-19,2,PACK-LINE-01,18,night,Sunday,1124,0,10,10,85,2,229,2,12,224,0,900,added_packers_and_work_diverted,18,18459,218,12,0,1020,1020,17439,1.0,17439,1,17333.0,1
2026-04-19 03:00:00,2026-04-19,3,PACK-LINE-01,18,night,Sunday,1284,4,10,9,88,4,246,4,13,246,0,1038,added_packers_and_work_diverted,14,18477,210,13,0,1144,1144,17333,1.0,17333,1,17016.0,1
2026-04-19 04:00:00,2026-04-19,4,PACK-LINE-01,18,night,Sunday,813,0,10,10,88,1,259,1,11,162,0,651,added_packers_and_work_diverted,18,17984,205,11,0,968,968,17016,1.0,17016,1,16956.0,1
2026-04-19 05:00:00,2026-04-19,5,PACK-LINE-01,18,night,Sunday,1028,2,10,10,88,2,32,2,12,32,0,996,added_packers_and_work_diverted,16,18012,205,12,0,1056,1056,16956,1.0,16956,1,17170.0,1
2026-04-19 06:00:00,2026-04-19,6,PACK-LINE-01,18,day,Sunday,1626,1,18,16,83,1,1,1,17,1,0,1625,added_packers_and_work_diverted,17,18581,224,17,0,1411,1411,17170,1.0,17170,1,16774.0,1
2026-04-19 07:00:00,2026-04-19,7,PACK-LINE-01,18,day,Sunday,1162,1,18,16,78,4,348,1,17,232,0,930,added_packers_and_work_diverted,17,18100,233,17,0,1326,1326,16774,1.0,16774,1,16327.0,1
2026-04-19 08:00:00,2026-04-19,8,PACK-LINE-01,18,day,Sunday,1192,0,18,16,84,5,127,2,18,127,0,1065,added_packers_and_work_diverted,18,17839,213,18,0,1512,1512,16327,1.0,16327,1,16895.0,1
2026-04-19 09:00:00,2026-04-19,9,PACK-LINE-01,18,day,Sunday,2035,0,18,15,85,2,22,2,17,22,0,2013,added_packers_and_work_diverted,18,18340,216,17,0,1445,1445,16895,1.0,16895,1,17525.0,1
2026-04-19 10:00:00,2026-04-19,10,PACK-LINE-01,18,day,Sunday,2004,0,18,15,84,0,114,0,15,114,0,1890,work_diverted,18,18785,224,15,0,1260,1260,17525,1.0,17525,1,17758.0,1
2026-04-19 11:00:00,2026-04-19,11,PACK-LINE-01,18,day,Sunday,1767,0,18,17,81,5,76,1,18,76,0,1691,added_packers_and_work_diverted,18,19216,238,18,0,1458,1458,17758,1.0,17758,1,17182.0,1
2026-04-19 12:00:00,2026-04-19,12,PACK-LINE-01,18,day,Sunday,1192,0,18,16,85,5,301,2,18,238,0,954,added_packers_and_work_diverted,18,18712,221,18,0,1530,1530,17182,1.0,17182,1,16630.0,1
2026-04-19 13:00:00,2026-04-19,13,PACK-LINE-01,18,day,Sunday,1158,1,18,17,87,2,340,0,17,231,0,927,work_diverted,17,18109,209,17,0,1479,1479,16630,1.0,16630,1,16923.0,1
2026-04-19 14:00:00,2026-04-19,14,PACK-LINE-01,18,swing,Sunday,1813,1,16,15,82,4,126,2,17,126,0,1687,added_packers_and_work_diverted,17,18317,224,17,0,1394,1394,16923,1.0,16923,1,17635.0,1
2026-04-19 15:00:00,2026-04-19,15,PACK-LINE-01,18,swing,Sunday,2281,1,16,16,84,3,141,1,17,141,0,2140,added_packers_and_work_diverted,17,19063,227,17,0,1428,1428,17635,1.0,17635,1,18102.0,1
2026-04-19 16:00:00,2026-04-19,16,PACK-LINE-01,18,swing,Sunday,2174,0,16,15,88,2,211,2,17,211,0,1963,added_packers_and_work_diverted,18,19598,223,17,0,1496,1496,18102,1.0,18102,1,18235.0,1
2026-04-19 17:00:00,2026-04-19,17,PACK-LINE-01,18,swing,Sunday,1630,1,16,13,82,2,267,2,15,267,0,1363,added_packers_and_work_diverted,17,19465,238,15,0,1230,1230,18235,1.0,18235,1,18580.0,1
2026-04-19 18:00:00,2026-04-19,18,PACK-LINE-01,18,swing,Sunday,1971,3,16,14,86,3,336,1,15,336,0,1635,added_packers_and_work_diverted,15,19870,232,15,0,1290,1290,18580,1.0,18580,1,18353.0,1
2026-04-19 19:00:00,2026-04-19,19,PACK-LINE-01,18,swing,Sunday,1479,0,16,14,94,3,108,3,17,108,0,1371,added_packers_and_work_diverted,18,19951,213,17,0,1598,1598,18353,1.0,18353,1,18391.0,1
2026-04-19 20:00:00,2026-04-19,20,PACK-LINE-01,18,swing,Sunday,1338,4,16,13,85,1,110,1,14,110,0,1228,added_packers_and_work_diverted,14,19581,231,14,0,1190,1190,18391,1.0,18391,1,18372.0,1
2026-04-19 21:00:00,2026-04-19,21,PACK-LINE-01,18,swing,Sunday,1519,4,16,15,93,2,236,0,15,236,0,1283,work_diverted,14,19674,212,14,1,1302,1302,18372,1.0,18372,1,18464.0,1
2026-04-19 22:00:00,2026-04-19,22,PACK-LINE-01,18,night,Sunday,826,4,10,7,80,2,14,2,9,14,0,812,added_packers_and_work_diverted,14,19184,240,9,0,720,720,18464,1.0,18464,1,18289.0,1
2026-04-19 23:00:00,2026-04-19,23,PACK-LINE-01,18,night,Sunday,866,0,10,8,89,2,151,2,10,151,0,715,added_packers_and_work_diverted,18,19179,216,10,0,890,890,18289,1.0,18289,1,18101.0,1
2026-04-20 00:00:00,2026-04-20,0,PACK-LINE-01,18,night,Monday,789,0,10,10,82,0,232,0,10,157,0,632,work_diverted,18,18921,231,10,0,820,820,18101,1.0,18101,1,17933.0,1
2026-04-20 01:00:00,2026-04-20,1,PACK-LINE-01,18,night,Monday,903,4,10,9,81,2,206,2,11,180,0,723,added_packers_and_work_diverted,14,18824,233,11,0,891,891,17933,1.0,17933,1,17374.0,1
2026-04-20 02:00:00,2026-04-20,2,PACK-LINE-01,18,night,Monday,788,0,10,10,85,4,213,4,14,157,0,631,added_packers_and_work_diverted,18,18564,219,14,0,1190,1190,17374,1.0,17374,1,16763.0,1
2026-04-20 03:00:00,2026-04-20,3,PACK-LINE-01,18,night,Monday,846,0,10,10,92,4,339,4,14,169,0,677,added_packers_and_work_diverted,18,18051,197,14,0,1288,1288,16763,1.0,16763,1,16591.0,1
2026-04-20 04:00:00,2026-04-20,4,PACK-LINE-01,18,night,Monday,763,3,10,9,87,0,179,0,9,152,0,611,work_diverted,15,17374,200,9,0,783,783,16591,1.0,16591,1,16547.0,1
2026-04-20 05:00:00,2026-04-20,5,PACK-LINE-01,18,night,Monday,829,0,10,8,79,3,4,3,11,4,0,825,added_packers_and_work_diverted,18,17416,221,11,0,869,869,16547,1.0,16547,1,15834.0,1
2026-04-20 06:00:00,2026-04-20,6,PACK-LINE-01,18,day,Monday,925,0,18,16,90,3,18,2,18,18,0,907,added_packers_and_work_diverted,18,17454,194,18,0,1620,1620,15834,1.0,15834,1,15824.0,1
2026-04-20 07:00:00,2026-04-20,7,PACK-LINE-01,18,day,Monday,1376,3,18,18,91,5,21,0,18,21,0,1355,work_diverted,15,17189,189,15,3,1365,1365,15824,1.0,15824,1,15890.0,1
2026-04-20 08:00:00,2026-04-20,8,PACK-LINE-01,18,day,Monday,1532,4,18,18,90,5,206,0,18,206,0,1326,work_diverted,14,17150,191,14,4,1260,1260,15890,1.0,15890,1,15343.0,1
2026-04-20 09:00:00,2026-04-20,9,PACK-LINE-01,18,day,Monday,1122,1,18,15,85,5,346,2,17,224,0,898,added_packers_and_work_diverted,17,16788,198,17,0,1445,1445,15343,1.0,15343,1,15420.0,1
2026-04-20 10:00:00,2026-04-20,10,PACK-LINE-01,18,day,Monday,1592,2,18,16,83,4,187,0,16,187,0,1405,work_diverted,16,16748,202,16,0,1328,1328,15420,1.0,15420,1,14939.0,1
2026-04-20 11:00:00,2026-04-20,11,PACK-LINE-01,18,day,Monday,1333,0,18,15,86,4,284,3,18,266,0,1067,added_packers_and_work_diverted,18,16487,192,18,0,1548,1548,14939,1.0,14939,1,14643.0,1
2026-04-20 12:00:00,2026-04-20,12,PACK-LINE-01,18,day,Monday,1207,3,18,16,88,0,183,0,16,183,0,1024,work_diverted,15,15963,182,15,1,1320,1320,14643,1.0,14643,1,14456.0,1
2026-04-20 13:00:00,2026-04-20,13,PACK-LINE-01,18,day,Monday,1220,3,18,18,85,5,132,0,18,132,0,1088,work_diverted,15,15731,186,15,3,1275,1275,14456,1.0,14456,1,14419.0,1
2026-04-20 14:00:00,2026-04-20,14,PACK-LINE-01,18,swing,Monday,1547,0,16,14,75,3,337,3,17,309,0,1238,added_packers_and_work_diverted,18,15694,210,17,0,1275,1275,14419,1.0,14419,1,14649.0,1
2026-04-20 15:00:00,2026-04-20,15,PACK-LINE-01,18,swing,Monday,1568,0,16,15,86,0,48,0,15,48,0,1520,work_diverted,18,15939,186,15,0,1290,1290,14649,1.0,14649,1,14624.0,1
2026-04-20 16:00:00,2026-04-20,16,PACK-LINE-01,18,swing,Monday,1561,4,16,14,91,0,340,0,14,312,0,1249,work_diverted,14,15898,175,14,0,1274,1274,14624,1.0,14624,1,14229.0,1
2026-04-20 17:00:00,2026-04-20,17,PACK-LINE-01,18,swing,Monday,1158,0,16,14,85,2,193,2,16,193,0,965,added_packers_and_work_diverted,18,15589,184,16,0,1360,1360,14229,1.0,14229,1,14049.0,1
2026-04-20 18:00:00,2026-04-20,18,PACK-LINE-01,18,swing,Monday,1176,3,16,15,83,1,111,0,15,111,0,1065,work_diverted,15,15294,185,15,0,1245,1245,14049,1.0,14049,1,13044.0,1
2026-04-20 19:00:00,2026-04-20,19,PACK-LINE-01,18,swing,Monday,698,1,16,15,93,5,122,2,17,122,0,576,added_packers_and_work_diverted,17,14625,158,17,0,1581,1581,13044,1.0,13044,1,12765.0,1
2026-04-20 20:00:00,2026-04-20,20,PACK-LINE-01,18,swing,Monday,1251,0,16,16,87,1,51,1,17,51,0,1200,added_packers_and_work_diverted,18,14244,164,17,0,1479,1479,12765,1.0,12765,1,12085.0,1
2026-04-20 21:00:00,2026-04-20,21,PACK-LINE-01,18,swing,Monday,928,0,16,16,83,3,114,2,18,114,0,814,added_packers_and_work_diverted,18,13579,164,18,0,1494,1494,12085,1.0,12085,1,11606.0,1
2026-04-20 22:00:00,2026-04-20,22,PACK-LINE-01,18,night,Monday,684,1,10,8,79,5,240,5,13,136,0,548,added_packers_and_work_diverted,17,12633,160,13,0,1027,1027,11606,1.0,11606,1,11412.0,1
2026-04-20 23:00:00,2026-04-20,23,PACK-LINE-01,18,night,Monday,832,4,10,10,86,0,247,0,10,166,0,666,work_diverted,14,12272,143,10,0,860,860,11412,1.0,11412,1,11334.0,1
2026-04-21 00:00:00,2026-04-21,0,PACK-LINE-01,18,night,Tuesday,735,2,10,8,74,1,343,1,9,147,0,588,added_packers_and_work_diverted,16,12000,163,9,0,666,666,11334,1.0,11334,1,10807.0,1
2026-04-21 01:00:00,2026-04-21,1,PACK-LINE-01,18,night,Tuesday,895,3,10,10,84,5,162,5,15,162,0,733,added_packers_and_work_diverted,15,12067,144,15,0,1260,1260,10807,1.0,10807,1,10901.0,1
2026-04-21 02:00:00,2026-04-21,2,PACK-LINE-01,18,night,Tuesday,1089,2,10,7,83,3,165,3,10,165,0,924,added_packers_and_work_diverted,16,11731,142,10,0,830,830,10901,1.0,10901,1,10476.0,1
2026-04-21 03:00:00,2026-04-21,3,PACK-LINE-01,18,night,Tuesday,649,0,10,8,84,4,66,4,12,66,0,583,added_packers_and_work_diverted,18,11484,137,12,0,1008,1008,10476,1.0,10476,1,10208.0,1
2026-04-21 04:00:00,2026-04-21,4,PACK-LINE-01,18,night,Tuesday,1169,1,10,10,86,4,313,4,14,233,0,936,added_packers_and_work_diverted,17,11412,133,14,0,1204,1204,10208,1.0,10208,1,9855.0,1
2026-04-21 05:00:00,2026-04-21,5,PACK-LINE-01,18,night,Tuesday,558,1,10,8,80,2,249,2,10,111,0,447,added_packers_and_work_diverted,17,10655,134,10,0,800,800,9855,1.0,9855,1,9601.0,1
2026-04-21 06:00:00,2026-04-21,6,PACK-LINE-01,18,day,Tuesday,1269,1,18,15,88,4,27,2,17,27,0,1242,added_packers_and_work_diverted,17,11097,127,17,0,1496,1496,9601,1.0,9601,1,9490.0,1
2026-04-21 07:00:00,2026-04-21,7,PACK-LINE-01,18,day,Tuesday,1432,2,18,15,82,5,231,1,16,231,0,1201,added_packers_and_work_diverted,16,10802,132,16,0,1312,1312,9490,1.0,9490,1,9555.0,1
2026-04-21 08:00:00,2026-04-21,8,PACK-LINE-01,18,day,Tuesday,1439,2,18,15,80,2,94,1,16,94,0,1345,added_packers_and_work_diverted,16,10835,136,16,0,1280,1280,9555,1.0,9555,1,9190.0,1
2026-04-21 09:00:00,2026-04-21,9,PACK-LINE-01,18,day,Tuesday,1069,1,18,16,84,1,6,1,17,6,0,1063,added_packers_and_work_diverted,17,10618,127,17,0,1428,1428,9190,1.0,9190,1,9640.0,1
2026-04-21 10:00:00,2026-04-21,10,PACK-LINE-01,18,day,Tuesday,1833,3,18,16,81,5,168,0,16,168,0,1665,work_diverted,15,10855,135,15,1,1215,1215,9640,1.0,9640,1,9030.0,1
2026-04-21 11:00:00,2026-04-21,11,PACK-LINE-01,18,day,Tuesday,1122,0,18,17,85,2,202,1,18,202,0,920,added_packers_and_work_diverted,18,10560,125,18,0,1530,1530,9030,1.0,9030,1,8778.0,1
2026-04-21 12:00:00,2026-04-21,12,PACK-LINE-01,18,day,Tuesday,1294,3,18,15,95,5,121,0,15,121,0,1173,work_diverted,15,10203,108,15,0,1425,1425,8778,1.0,8778,1,8612.0,1
2026-04-21 13:00:00,2026-04-21,13,PACK-LINE-01,18,day,Tuesday,1597,1,18,17,99,1,80,0,17,80,0,1517,work_diverted,17,10295,104,17,0,1683,1683,8612,1.0,8612,1,7991.0,1
2026-04-21 14:00:00,2026-04-21,14,PACK-LINE-01,18,swing,Tuesday,973,0,16,13,88,5,10,5,18,10,0,963,added_packers_and_work_diverted,18,9575,109,18,0,1584,1584,7991,1.0,7991,1,8616.0,1
2026-04-21 15:00:00,2026-04-21,15,PACK-LINE-01,18,swing,Tuesday,2016,4,16,16,80,3,271,0,16,271,0,1745,work_diverted,14,9736,122,14,2,1120,1120,8616,1.0,8616,1,8197.0,1
2026-04-21 16:00:00,2026-04-21,16,PACK-LINE-01,18,swing,Tuesday,1282,0,16,16,85,1,322,1,17,256,0,1026,added_packers_and_work_diverted,18,9642,114,17,0,1445,1445,8197,1.0,8197,1,7871.0,1
2026-04-21 17:00:00,2026-04-21,17,PACK-LINE-01,18,swing,Tuesday,1045,4,16,16,83,1,234,0,16,209,0,836,work_diverted,14,9033,109,14,2,1162,1162,7871,1.0,7871,1,7560.0,1
2026-04-21 18:00:00,2026-04-21,18,PACK-LINE-01,18,swing,Tuesday,1081,4,16,14,84,2,219,0,14,216,0,865,work_diverted,14,8736,104,14,0,1176,1176,7560,1.0,7560,1,6994.0,1
2026-04-21 19:00:00,2026-04-21,19,PACK-LINE-01,18,swing,Tuesday,885,2,16,15,81,5,155,1,16,155,0,730,added_packers_and_work_diverted,16,8290,103,16,0,1296,1296,6994,1.0,6994,1,7048.0,1
2026-04-21 20:00:00,2026-04-21,20,PACK-LINE-01,18,swing,Tuesday,1554,1,16,14,85,0,319,0,14,310,0,1244,work_diverted,17,8238,97,14,0,1190,1190,7048,1.0,7048,1,6970.0,1
2026-04-21 21:00:00,2026-04-21,21,PACK-LINE-01,18,swing,Tuesday,1437,1,16,14,86,4,53,3,17,53,0,1384,added_packers_and_work_diverted,17,8432,99,17,0,1462,1462,6970,1.0,6970,1,6554.0,1
2026-04-21 22:00:00,2026-04-21,22,PACK-LINE-01,18,night,Tuesday,1008,0,10,9,88,5,192,5,14,192,0,816,added_packers_and_work_diverted,18,7786,89,14,0,1232,1232,6554,1.0,6554,1,6771.0,1
2026-04-21 23:00:00,2026-04-21,23,PACK-LINE-01,18,night,Tuesday,1129,3,10,8,83,2,82,2,10,82,0,1047,added_packers_and_work_diverted,15,7601,92,10,0,830,830,6771,1.0,6771,1,6474.0,1
2026-04-22 00:00:00,2026-04-22,0,PACK-LINE-01,18,night,Wednesday,1046,1,10,10,81,4,296,4,14,209,0,837,added_packers_and_work_diverted,17,7608,94,14,0,1134,1134,6474,1.0,6474,1,6125.0,1
2026-04-22 01:00:00,2026-04-22,1,PACK-LINE-01,18,night,Wednesday,801,4,10,9,90,2,231,2,11,160,0,641,added_packers_and_work_diverted,14,7115,80,11,0,990,990,6125,1.0,6125,1,5830.0,1
2026-04-22 02:00:00,2026-04-22,2,PACK-LINE-01,18,night,Wednesday,906,1,10,7,85,5,345,5,12,181,0,725,added_packers_and_work_diverted,17,6850,81,12,0,1020,1020,5830,1.0,5830,1,5550.0,1
2026-04-22 03:00:00,2026-04-22,3,PACK-LINE-01,18,night,Wednesday,689,3,10,10,80,2,9,2,12,9,0,680,added_packers_and_work_diverted,15,6510,82,12,0,960,960,5550,1.0,5550,1,5312.0,1
2026-04-22 04:00:00,2026-04-22,4,PACK-LINE-01,18,night,Wednesday,1132,4,10,8,88,5,271,5,13,226,0,906,added_packers_and_work_diverted,14,6456,74,13,0,1144,1144,5312,1.0,5312,1,5113.0,1
2026-04-22 05:00:00,2026-04-22,5,PACK-LINE-01,18,night,Wednesday,1051,3,10,10,77,5,95,5,15,95,0,956,added_packers_and_work_diverted,15,6268,82,15,0,1155,1155,5113,1.0,5113,1,5611.0,1
2026-04-22 06:00:00,2026-04-22,6,PACK-LINE-01,18,day,Wednesday,1921,3,18,15,87,5,118,0,15,118,0,1803,work_diverted,15,6916,80,15,0,1305,1305,5611,1.0,5611,1,5755.0,1
2026-04-22 07:00:00,2026-04-22,7,PACK-LINE-01,18,day,Wednesday,1735,0,18,17,85,1,61,1,18,61,0,1674,added_packers_and_work_diverted,18,7285,86,18,0,1530,1530,5755,1.0,5755,1,5752.0,1
2026-04-22 08:00:00,2026-04-22,8,PACK-LINE-01,18,day,Wednesday,1278,4,18,17,85,3,91,0,17,91,0,1187,work_diverted,14,6942,82,14,3,1190,1190,5752,1.0,5752,1,5542.0,1
2026-04-22 09:00:00,2026-04-22,9,PACK-LINE-01,18,day,Wednesday,1470,0,18,18,77,5,337,0,18,294,0,1176,work_diverted,18,6928,90,18,0,1386,1386,5542,1.0,5542,1,5300.0,1
2026-04-22 10:00:00,2026-04-22,10,PACK-LINE-01,18,day,Wednesday,1315,0,18,17,80,3,117,1,18,117,0,1198,added_packers_and_work_diverted,18,6740,85,18,0,1440,1440,5300,1.0,5300,1,6101.0,1
2026-04-22 11:00:00,2026-04-22,11,PACK-LINE-01,18,day,Wednesday,2295,1,18,15,91,1,38,1,16,38,0,2257,added_packers_and_work_diverted,17,7557,84,16,0,1456,1456,6101,1.0,6101,1,6137.0,1
2026-04-22 12:00:00,2026-04-22,12,PACK-LINE-01,18,day,Wednesday,1773,0,18,17,83,3,243,1,18,243,0,1530,added_packers_and_work_diverted,18,7631,92,18,0,1494,1494,6137,1.0,6137,1,6113.0,1
2026-04-22 13:00:00,2026-04-22,13,PACK-LINE-01,18,day,Wednesday,1402,1,18,16,83,3,15,1,17,15,0,1387,added_packers_and_work_diverted,17,7524,91,17,0,1411,1411,6113,1.0,6113,1,5611.0,1
2026-04-22 14:00:00,2026-04-22,14,PACK-LINE-01,18,swing,Wednesday,947,3,16,15,84,2,226,0,15,189,0,758,work_diverted,15,6871,82,15,0,1260,1260,5611,1.0,5611,1,6238.0,1
2026-04-22 15:00:00,2026-04-22,15,PACK-LINE-01,18,swing,Wednesday,2039,3,16,14,81,5,197,1,15,197,0,1842,added_packers_and_work_diverted,15,7453,93,15,0,1215,1215,6238,1.0,6238,1,6954.0,1
2026-04-22 16:00:00,2026-04-22,16,PACK-LINE-01,18,swing,Wednesday,2342,0,16,14,80,4,186,4,18,186,0,2156,added_packers_and_work_diverted,18,8394,105,18,0,1440,1440,6954,1.0,6954,1,7846.0,1
2026-04-22 17:00:00,2026-04-22,17,PACK-LINE-01,18,swing,Wednesday,2458,4,16,15,87,3,348,0,15,348,0,2110,work_diverted,14,9064,105,14,1,1218,1218,7846,1.0,7846,1,7248.0,1
2026-04-22 18:00:00,2026-04-22,18,PACK-LINE-01,18,swing,Wednesday,1030,0,16,16,79,4,307,2,18,206,0,824,added_packers_and_work_diverted,18,8670,110,18,0,1422,1422,7248,1.0,7248,1,7358.0,1
2026-04-22 19:00:00,2026-04-22,19,PACK-LINE-01,18,swing,Wednesday,1381,0,16,13,83,0,192,0,13,192,0,1189,work_diverted,18,8437,102,13,0,1079,1079,7358,1.0,7358,1,7467.0,1
2026-04-22 20:00:00,2026-04-22,20,PACK-LINE-01,18,swing,Wednesday,1682,0,16,16,83,3,79,2,18,79,0,1603,added_packers_and_work_diverted,18,8961,108,18,0,1494,1494,7467,1.0,7467,1,8181.0,1
2026-04-22 21:00:00,2026-04-22,21,PACK-LINE-01,18,swing,Wednesday,2019,3,16,16,84,1,45,0,16,45,0,1974,work_diverted,15,9441,113,15,1,1260,1260,8181,1.0,8181,1,7979.0,1
2026-04-22 22:00:00,2026-04-22,22,PACK-LINE-01,18,night,Wednesday,847,1,10,10,80,1,196,1,11,169,0,678,added_packers_and_work_diverted,17,8859,111,11,0,880,880,7979,1.0,7979,1,7728.0,1
2026-04-22 23:00:00,2026-04-22,23,PACK-LINE-01,18,night,Wednesday,976,0,10,10,86,2,294,2,12,195,0,781,added_packers_and_work_diverted,18,8760,102,12,0,1032,1032,7728,1.0,7728,1,7372.0,1
2026-04-23 00:00:00,2026-04-23,0,PACK-LINE-01,18,night,Thursday,888,1,10,10,87,4,26,4,14,26,0,862,added_packers_and_work_diverted,17,8590,99,14,0,1218,1218,7372,1.0,7372,1,7391.0,1
2026-04-23 01:00:00,2026-04-23,1,PACK-LINE-01,18,night,Thursday,1528,2,10,10,86,4,307,4,14,305,0,1223,added_packers_and_work_diverted,16,8595,100,14,0,1204,1204,7391,1.0,7391,1,7364.0,1
2026-04-23 02:00:00,2026-04-23,2,PACK-LINE-01,18,night,Thursday,1045,1,10,9,89,1,182,1,10,182,0,863,added_packers_and_work_diverted,17,8254,93,10,0,890,890,7364,1.0,7364,1,7498.0,1
2026-04-23 03:00:00,2026-04-23,3,PACK-LINE-01,18,night,Thursday,1184,1,10,9,92,1,130,1,10,130,0,1054,added_packers_and_work_diverted,17,8418,92,10,0,920,920,7498,1.0,7498,1,7343.0,1
2026-04-23 04:00:00,2026-04-23,4,PACK-LINE-01,18,night,Thursday,1231,0,10,10,76,5,278,5,15,246,0,985,added_packers_and_work_diverted,18,8483,112,15,0,1140,1140,7343,1.0,7343,1,7570.0,1
2026-04-23 05:00:00,2026-04-23,5,PACK-LINE-01,18,night,Thursday,1203,3,10,8,92,0,255,0,8,240,0,963,work_diverted,15,8306,91,8,0,736,736,7570,1.0,7570,1,8371.0,1
2026-04-23 06:00:00,2026-04-23,6,PACK-LINE-01,18,day,Thursday,2245,0,18,16,84,1,16,1,17,16,0,2229,added_packers_and_work_diverted,18,9799,117,17,0,1428,1428,8371,1.0,8371,1,8629.0,1
2026-04-23 07:00:00,2026-04-23,7,PACK-LINE-01,18,day,Thursday,1642,0,18,15,85,1,24,1,16,24,0,1618,added_packers_and_work_diverted,18,9989,118,16,0,1360,1360,8629,1.0,8629,1,8920.0,1
2026-04-23 08:00:00,2026-04-23,8,PACK-LINE-01,18,day,Thursday,1754,3,18,15,85,4,188,0,15,188,0,1566,work_diverted,15,10195,120,15,0,1275,1275,8920,1.0,8920,1,9431.0,1
2026-04-23 09:00:00,2026-04-23,9,PACK-LINE-01,18,day,Thursday,2141,3,18,18,86,2,340,0,18,340,0,1801,work_diverted,15,10721,125,15,3,1290,1290,9431,1.0,9431,1,10937.0,1
2026-04-23 10:00:00,2026-04-23,10,PACK-LINE-01,18,day,Thursday,2939,4,18,16,93,1,131,0,16,131,0,2808,work_diverted,14,12239,132,14,2,1302,1302,10937,1.0,10937,1,12144.0,1
2026-04-23 11:00:00,2026-04-23,11,PACK-LINE-01,18,day,Thursday,2516,4,18,18,82,5,161,0,18,161,0,2355,work_diverted,14,13292,163,14,4,1148,1148,12144,1.0,12144,1,12404.0,1
2026-04-23 12:00:00,2026-04-23,12,PACK-LINE-01,18,day,Thursday,1640,4,18,15,82,3,232,0,15,232,0,1408,work_diverted,14,13552,166,14,1,1148,1148,12404,1.0,12404,1,12588.0,1
2026-04-23 13:00:00,2026-04-23,13,PACK-LINE-01,18,day,Thursday,1616,4,18,17,85,3,242,0,17,242,0,1374,work_diverted,14,13778,163,14,3,1190,1190,12588,1.0,12588,1,12824.0,1
2026-04-23 14:00:00,2026-04-23,14,PACK-LINE-01,18,swing,Thursday,1890,1,16,14,82,2,342,2,16,342,0,1548,added_packers_and_work_diverted,17,14136,173,16,0,1312,1312,12824,1.0,12824,1,14170.0,1
2026-04-23 15:00:00,2026-04-23,15,PACK-LINE-01,18,swing,Thursday,2753,1,16,13,82,2,177,2,15,177,0,2576,added_packers_and_work_diverted,17,15400,188,15,0,1230,1230,14170,1.0,14170,1,15126.0,1
2026-04-23 16:00:00,2026-04-23,16,PACK-LINE-01,18,swing,Thursday,2524,0,16,16,85,4,38,2,18,38,0,2486,added_packers_and_work_diverted,18,16656,196,18,0,1530,1530,15126,1.0,15126,1,15543.0,1
2026-04-23 17:00:00,2026-04-23,17,PACK-LINE-01,18,swing,Thursday,2212,0,16,14,86,3,333,3,17,333,0,1879,added_packers_and_work_diverted,18,17005,198,17,0,1462,1462,15543,1.0,15543,1,15732.0,1
2026-04-23 18:00:00,2026-04-23,18,PACK-LINE-01,18,swing,Thursday,1657,0,16,16,83,0,140,0,16,140,0,1517,work_diverted,18,17060,206,16,0,1328,1328,15732,1.0,15732,1,15489.0,1
2026-04-23 19:00:00,2026-04-23,19,PACK-LINE-01,18,swing,Thursday,993,3,16,13,82,5,6,2,15,6,0,987,added_packers_and_work_diverted,15,16719,204,15,0,1230,1230,15489,1.0,15489,1,14984.0,1
2026-04-23 20:00:00,2026-04-23,20,PACK-LINE-01,18,swing,Thursday,1292,0,16,16,86,4,249,2,18,249,0,1043,added_packers_and_work_diverted,18,16532,193,18,0,1548,1548,14984,1.0,14984,1,15014.0,1
2026-04-23 21:00:00,2026-04-23,21,PACK-LINE-01,18,swing,Thursday,1434,2,16,13,86,5,28,3,16,28,0,1406,added_packers_and_work_diverted,16,16390,191,16,0,1376,1376,15014,1.0,15014,1,14411.0,1
2026-04-23 22:00:00,2026-04-23,22,PACK-LINE-01,18,night,Thursday,803,3,10,10,89,4,264,4,14,160,0,643,added_packers_and_work_diverted,15,15657,176,14,0,1246,1246,14411,1.0,14411,1,14471.0,1
2026-04-23 23:00:00,2026-04-23,23,PACK-LINE-01,18,night,Thursday,1087,1,10,9,81,1,301,1,10,217,0,870,added_packers_and_work_diverted,17,15281,189,10,0,810,810,14471,1.0,14471,1,14634.0,1
2026-04-24 00:00:00,2026-04-24,0,PACK-LINE-01,18,night,Friday,1003,0,10,7,80,1,243,1,8,200,0,803,added_packers_and_work_diverted,18,15274,191,8,0,640,640,14634,1.0,14634,1,14398.0,1
2026-04-24 01:00:00,2026-04-24,1,PACK-LINE-01,18,night,Friday,859,1,10,9,84,2,263,2,11,171,0,688,added_packers_and_work_diverted,17,15322,183,11,0,924,924,14398,1.0,14398,1,14941.0,1
2026-04-24 02:00:00,2026-04-24,2,PACK-LINE-01,18,night,Friday,1357,0,10,9,74,1,74,1,10,74,0,1283,added_packers_and_work_diverted,18,15681,212,10,0,740,740,14941,1.0,14941,1,14868.0,1
2026-04-24 03:00:00,2026-04-24,3,PACK-LINE-01,18,night,Friday,842,2,10,9,83,0,310,0,9,168,0,674,work_diverted,16,15615,189,9,0,747,747,14868,1.0,14868,1,15143.0,1
2026-04-24 04:00:00,2026-04-24,4,PACK-LINE-01,18,night,Friday,1343,0,10,10,84,2,60,2,12,60,0,1283,added_packers_and_work_diverted,18,16151,193,12,0,1008,1008,15143,1.0,15143,1,15778.0,1
2026-04-24 05:00:00,2026-04-24,5,PACK-LINE-01,18,night,Friday,1586,0,10,10,90,0,51,0,10,51,0,1535,work_diverted,18,16678,186,10,0,900,900,15778,1.0,15778,1,15404.0,1
2026-04-24 06:00:00,2026-04-24,6,PACK-LINE-01,18,day,Friday,1396,0,18,18,85,0,240,0,18,240,0,1156,work_diverted,18,16934,200,18,0,1530,1530,15404,1.0,15404,1,15882.0,1
2026-04-24 07:00:00,2026-04-24,7,PACK-LINE-01,18,day,Friday,2282,0,18,17,82,3,328,1,18,328,0,1954,added_packers_and_work_diverted,18,17358,212,18,0,1476,1476,15882,1.0,15882,1,15810.0,1
2026-04-24 08:00:00,2026-04-24,8,PACK-LINE-01,18,day,Friday,1424,3,18,18,85,5,221,0,18,221,0,1203,work_diverted,15,17085,201,15,3,1275,1275,15810,1.0,15810,1,16274.0,1
2026-04-24 09:00:00,2026-04-24,9,PACK-LINE-01,18,day,Friday,1896,2,18,17,77,0,200,0,17,200,0,1696,work_diverted,16,17506,228,16,1,1232,1232,16274,1.0,16274,1,16691.0,1
2026-04-24 10:00:00,2026-04-24,10,PACK-LINE-01,18,day,Friday,2240,0,18,15,82,3,347,3,18,347,0,1893,added_packers_and_work_diverted,18,18167,222,18,0,1476,1476,16691,1.0,16691,1,17509.0,1
2026-04-24 11:00:00,2026-04-24,11,PACK-LINE-01,18,day,Friday,2491,0,18,18,88,5,89,0,18,89,0,2402,work_diverted,18,19093,217,18,0,1584,1584,17509,1.0,17509,1,17158.0,1
2026-04-24 12:00:00,2026-04-24,12,PACK-LINE-01,18,day,Friday,1297,0,18,15,91,5,10,3,18,10,0,1287,added_packers_and_work_diverted,18,18796,207,18,0,1638,1638,17158,1.0,17158,1,17380.0,1
2026-04-24 13:00:00,2026-04-24,13,PACK-LINE-01,18,day,Friday,2040,0,18,15,84,5,306,3,18,306,0,1734,added_packers_and_work_diverted,18,18892,225,18,0,1512,1512,17380,1.0,17380,1,17719.0,1
2026-04-24 14:00:00,2026-04-24,14,PACK-LINE-01,18,swing,Friday,1961,0,16,15,83,2,211,2,17,211,0,1750,added_packers_and_work_diverted,18,19130,231,17,0,1411,1411,17719,1.0,17719,1,18428.0,1
2026-04-24 15:00:00,2026-04-24,15,PACK-LINE-01,18,swing,Friday,2367,1,16,16,86,5,196,1,17,196,0,2171,added_packers_and_work_diverted,17,19890,232,17,0,1462,1462,18428,1.0,18428,1,18771.0,1
2026-04-24 16:00:00,2026-04-24,16,PACK-LINE-01,18,swing,Friday,2051,1,16,15,89,3,195,2,17,195,0,1856,added_packers_and_work_diverted,17,20284,228,17,0,1513,1513,18771,1.0,18771,1,19152.0,1
2026-04-24 17:00:00,2026-04-24,17,PACK-LINE-01,18,swing,Friday,2022,2,16,15,90,3,201,1,16,201,0,1821,added_packers_and_work_diverted,16,20592,229,16,0,1440,1440,19152,1.0,19152,1,19477.0,1
2026-04-24 18:00:00,2026-04-24,18,PACK-LINE-01,18,swing,Friday,1813,0,16,14,84,2,144,2,16,144,0,1669,added_packers_and_work_diverted,18,20821,248,16,0,1344,1344,19477,1.0,19477,1,20000.0,1
2026-04-24 19:00:00,2026-04-24,19,PACK-LINE-01,18,swing,Friday,2150,1,16,15,87,0,322,0,15,322,0,1828,work_diverted,17,21305,245,15,0,1305,1305,20000,1.0,20000,1,20080.0,1
2026-04-24 20:00:00,2026-04-24,20,PACK-LINE-01,18,swing,Friday,1771,2,16,16,87,3,299,0,16,299,0,1472,work_diverted,16,21472,247,16,0,1392,1392,20080,1.0,20080,1,20050.0,1
2026-04-24 21:00:00,2026-04-24,21,PACK-LINE-01,18,swing,Friday,1442,0,16,16,83,1,61,1,17,61,0,1381,added_packers_and_work_diverted,18,21461,259,17,0,1411,1411,20050,1.0,20050,1,19635.0,1
2026-04-24 22:00:00,2026-04-24,22,PACK-LINE-01,18,night,Friday,894,0,10,8,87,5,271,5,13,178,0,716,added_packers_and_work_diverted,18,20766,239,13,0,1131,1131,19635,1.0,19635,1,19894.0,1
2026-04-24 23:00:00,2026-04-24,23,PACK-LINE-01,18,night,Friday,1414,0,10,10,81,4,21,4,14,21,0,1393,added_packers_and_work_diverted,18,21028,260,14,0,1134,1134,19894,1.0,19894,1,19595.0,1
2026-04-25 00:00:00,2026-04-25,0,PACK-LINE-01,18,night,Saturday,893,0,10,7,90,5,112,5,12,112,0,781,added_packers_and_work_diverted,18,20675,230,12,0,1080,1080,19595,1.0,19595,1,19476.0,1
2026-04-25 01:00:00,2026-04-25,1,PACK-LINE-01,18,night,Saturday,948,1,10,9,84,2,143,2,11,143,0,805,added_packers_and_work_diverted,17,20400,243,11,0,924,924,19476,1.0,19476,1,19521.0,1
2026-04-25 02:00:00,2026-04-25,2,PACK-LINE-01,18,night,Saturday,1035,1,10,9,87,0,211,0,9,207,0,828,work_diverted,17,20304,234,9,0,783,783,19521,1.0,19521,1,19356.0,1
2026-04-25 03:00:00,2026-04-25,3,PACK-LINE-01,18,night,Saturday,806,0,10,8,90,1,238,1,9,161,0,645,added_packers_and_work_diverted,18,20166,225,9,0,810,810,19356,1.0,19356,1,18859.0,1
2026-04-25 04:00:00,2026-04-25,4,PACK-LINE-01,18,night,Saturday,868,0,10,10,86,4,161,4,14,161,0,707,added_packers_and_work_diverted,18,20063,234,14,0,1204,1204,18859,1.0,18859,1,18124.0,1
2026-04-25 05:00:00,2026-04-25,5,PACK-LINE-01,18,night,Saturday,712,0,10,10,87,5,231,5,15,142,0,570,added_packers_and_work_diverted,18,19429,224,15,0,1305,1305,18124,1.0,18124,1,18719.0,1
2026-04-25 06:00:00,2026-04-25,6,PACK-LINE-01,18,day,Saturday,2133,0,18,17,84,2,26,1,18,26,0,2107,added_packers_and_work_diverted,18,20231,241,18,0,1512,1512,18719,1.0,18719,1,19031.0,1
2026-04-25 07:00:00,2026-04-25,7,PACK-LINE-01,18,day,Saturday,1920,0,18,15,88,1,200,1,16,200,0,1720,added_packers_and_work_diverted,18,20439,233,16,0,1408,1408,19031,1.0,19031,1,19083.0,1
2026-04-25 08:00:00,2026-04-25,8,PACK-LINE-01,18,day,Saturday,1493,0,18,16,84,0,97,0,16,97,0,1396,work_diverted,18,20427,244,16,0,1344,1344,19083,1.0,19083,1,19386.0,1
2026-04-25 09:00:00,2026-04-25,9,PACK-LINE-01,18,day,Saturday,1439,4,18,18,80,4,16,0,18,16,0,1423,work_diverted,14,20506,257,14,4,1120,1120,19386,1.0,19386,1,19498.0,1
2026-04-25 10:00:00,2026-04-25,10,PACK-LINE-01,18,day,Saturday,1712,2,18,15,82,4,288,1,16,288,0,1424,added_packers_and_work_diverted,16,20810,254,16,0,1312,1312,19498,1.0,19498,1,20527.0,1
2026-04-25 11:00:00,2026-04-25,11,PACK-LINE-01,18,day,Saturday,2545,0,18,18,78,3,112,0,18,112,0,2433,work_diverted,18,21931,282,18,0,1404,1404,20527,1.0,20527,1,20015.0,1
2026-04-25 12:00:00,2026-04-25,12,PACK-LINE-01,18,day,Saturday,1157,0,18,15,86,4,121,3,18,121,0,1036,added_packers_and_work_diverted,18,21563,251,18,0,1548,1548,20015,1.0,20015,1,20104.0,1
2026-04-25 13:00:00,2026-04-25,13,PACK-LINE-01,18,day,Saturday,1501,1,18,17,79,2,69,0,17,69,0,1432,work_diverted,17,21447,272,17,0,1343,1343,20104,1.0,20104,1,19912.0,1
2026-04-25 14:00:00,2026-04-25,14,PACK-LINE-01,18,swing,Saturday,1409,1,16,15,83,4,190,2,17,190,0,1219,added_packers_and_work_diverted,17,21323,257,17,0,1411,1411,19912,1.0,19912,1,20309.0,1
2026-04-25 15:00:00,2026-04-25,15,PACK-LINE-01,18,swing,Saturday,1583,4,16,13,81,1,52,1,14,52,0,1531,added_packers_and_work_diverted,14,21443,265,14,0,1134,1134,20309,1.0,20309,1,20295.0,1
2026-04-25 16:00:00,2026-04-25,16,PACK-LINE-01,18,swing,Saturday,1615,0,16,14,82,5,153,4,18,153,0,1462,added_packers_and_work_diverted,18,21771,266,18,0,1476,1476,20295,1.0,20295,1,20260.0,1
2026-04-25 17:00:00,2026-04-25,17,PACK-LINE-01,18,swing,Saturday,1848,0,16,15,88,3,299,3,18,299,0,1549,added_packers_and_work_diverted,18,21844,249,18,0,1584,1584,20260,1.0,20260,1,20572.0,1
2026-04-25 18:00:00,2026-04-25,18,PACK-LINE-01,18,swing,Saturday,1585,1,16,13,80,0,233,0,13,233,0,1352,work_diverted,17,21612,271,13,0,1040,1040,20572,1.0,20572,1,20116.0,1
2026-04-25 19:00:00,2026-04-25,19,PACK-LINE-01,18,swing,Saturday,1026,2,16,15,81,1,186,1,16,186,0,840,added_packers_and_work_diverted,16,21412,265,16,0,1296,1296,20116,1.0,20116,1,20464.0,1
2026-04-25 20:00:00,2026-04-25,20,PACK-LINE-01,18,swing,Saturday,1501,0,16,14,82,0,5,0,14,5,0,1496,work_diverted,18,21612,264,14,0,1148,1148,20464,1.0,20464,1,20444.0,1
2026-04-25 21:00:00,2026-04-25,21,PACK-LINE-01,18,swing,Saturday,1568,0,16,14,85,3,143,3,17,143,0,1425,added_packers_and_work_diverted,18,21889,258,17,0,1445,1445,20444,1.0,20444,1,20082.0,1
2026-04-25 22:00:00,2026-04-25,22,PACK-LINE-01,18,night,Saturday,879,0,10,8,82,5,275,5,13,175,0,704,added_packers_and_work_diverted,18,21148,258,13,0,1066,1066,20082,1.0,20082,1,20275.0,1
2026-04-25 23:00:00,2026-04-25,23,PACK-LINE-01,18,night,Saturday,1032,1,10,7,87,2,56,2,9,56,0,976,added_packers_and_work_diverted,17,21058,243,9,0,783,783,20275,1.0,20275,1,20344.0,1
2026-04-26 00:00:00,2026-04-26,0,PACK-LINE-01,18,night,Sunday,1227,2,10,8,83,3,344,3,11,245,0,982,added_packers_and_work_diverted,16,21257,257,11,0,913,913,20344,1.0,20344,1,20124.0,1
2026-04-26 01:00:00,2026-04-26,1,PACK-LINE-01,18,night,Sunday,837,0,10,8,89,2,260,2,10,167,0,670,added_packers_and_work_diverted,18,21014,237,10,0,890,890,20124,1.0,20124,1,20278.0,1
2026-04-26 02:00:00,2026-04-26,2,PACK-LINE-01,18,night,Sunday,1168,0,10,8,82,2,194,2,10,194,0,974,added_packers_and_work_diverted,18,21098,258,10,0,820,820,20278,1.0,20278,1,20470.0,1
2026-04-26 03:00:00,2026-04-26,3,PACK-LINE-01,18,night,Sunday,1265,0,10,7,82,3,298,3,10,253,0,1012,added_packers_and_work_diverted,18,21290,260,10,0,820,820,20470,1.0,20470,1,20990.0,1
2026-04-26 04:00:00,2026-04-26,4,PACK-LINE-01,18,night,Sunday,1191,1,10,7,81,0,104,0,7,104,0,1087,work_diverted,17,21557,267,7,0,567,567,20990,1.0,20990,1,20913.0,1
2026-04-26 05:00:00,2026-04-26,5,PACK-LINE-01,18,night,Sunday,763,4,10,7,82,2,102,2,9,102,0,661,added_packers_and_work_diverted,14,21651,265,9,0,738,738,20913,1.0,20913,1,20733.0,1
2026-04-26 06:00:00,2026-04-26,6,PACK-LINE-01,18,day,Sunday,1328,0,18,17,82,0,114,0,17,114,0,1214,work_diverted,18,22127,270,17,0,1394,1394,20733,1.0,20733,1,20959.0,1
2026-04-26 07:00:00,2026-04-26,7,PACK-LINE-01,18,day,Sunday,1479,4,18,16,82,5,105,0,16,105,0,1374,work_diverted,14,22107,270,14,2,1148,1148,20959,1.0,20959,1,20847.0,1
2026-04-26 08:00:00,2026-04-26,8,PACK-LINE-01,18,day,Sunday,1392,3,18,16,90,5,154,0,16,154,0,1238,work_diverted,15,22197,247,15,1,1350,1350,20847,1.0,20847,1,20818.0,1
2026-04-26 09:00:00,2026-04-26,9,PACK-LINE-01,18,day,Sunday,1351,2,18,15,86,1,4,1,16,4,0,1347,added_packers_and_work_diverted,16,22194,259,16,0,1376,1376,20818,1.0,20818,1,20577.0,1
2026-04-26 10:00:00,2026-04-26,10,PACK-LINE-01,18,day,Sunday,1405,3,18,18,91,3,339,0,18,281,0,1124,work_diverted,15,21942,242,15,3,1365,1365,20577,1.0,20577,1,20626.0,1
2026-04-26 11:00:00,2026-04-26,11,PACK-LINE-01,18,day,Sunday,1608,3,18,15,89,0,224,0,15,224,0,1384,work_diverted,15,21961,247,15,0,1335,1335,20626,1.0,20626,1,20605.0,1
2026-04-26 12:00:00,2026-04-26,12,PACK-LINE-01,18,day,Sunday,1406,2,18,15,85,3,67,1,16,67,0,1339,added_packers_and_work_diverted,16,21965,259,16,0,1360,1360,20605,1.0,20605,1,20351.0,1
2026-04-26 13:00:00,2026-04-26,13,PACK-LINE-01,18,day,Sunday,1176,2,18,16,86,0,54,0,16,54,0,1122,work_diverted,16,21727,253,16,0,1376,1376,20351,1.0,20351,1,19869.0,1
2026-04-26 14:00:00,2026-04-26,14,PACK-LINE-01,18,swing,Sunday,1225,0,16,13,86,4,290,4,17,245,0,980,added_packers_and_work_diverted,18,21331,249,17,0,1462,1462,19869,1.0,19869,1,20542.0,1
2026-04-26 15:00:00,2026-04-26,15,PACK-LINE-01,18,swing,Sunday,2000,0,16,13,78,4,1,4,17,1,0,1999,added_packers_and_work_diverted,18,21868,281,17,0,1326,1326,20542,1.0,20542,1,20833.0,1
2026-04-26 16:00:00,2026-04-26,16,PACK-LINE-01,18,swing,Sunday,1583,4,16,15,87,1,74,0,15,74,0,1509,work_diverted,14,22051,254,14,1,1218,1218,20833,1.0,20833,1,21204.0,1
2026-04-26 17:00:00,2026-04-26,17,PACK-LINE-01,18,swing,Sunday,1915,1,16,15,80,2,184,2,17,184,0,1731,added_packers_and_work_diverted,17,22564,283,17,0,1360,1360,21204,1.0,21204,1,20652.0,1
2026-04-26 18:00:00,2026-04-26,18,PACK-LINE-01,18,swing,Sunday,1224,0,16,16,87,3,210,2,18,210,0,1014,added_packers_and_work_diverted,18,22218,256,18,0,1566,1566,20652,1.0,20652,1,20376.0,1
2026-04-26 19:00:00,2026-04-26,19,PACK-LINE-01,18,swing,Sunday,1396,1,16,15,88,2,176,2,17,176,0,1220,added_packers_and_work_diverted,17,21872,249,17,0,1496,1496,20376,1.0,20376,1,20411.0,1
2026-04-26 20:00:00,2026-04-26,20,PACK-LINE-01,18,swing,Sunday,1713,1,16,14,87,2,286,2,16,286,0,1427,added_packers_and_work_diverted,17,21803,251,16,0,1392,1392,20411,1.0,20411,1,20445.0,1
2026-04-26 21:00:00,2026-04-26,21,PACK-LINE-01,18,swing,Sunday,1392,0,16,13,84,2,98,2,15,98,0,1294,added_packers_and_work_diverted,18,21705,259,15,0,1260,1260,20445,1.0,20445,1,20073.0,1
2026-04-26 22:00:00,2026-04-26,22,PACK-LINE-01,18,night,Sunday,834,0,10,10,80,3,231,3,13,166,0,668,added_packers_and_work_diverted,18,21113,264,13,0,1040,1040,20073,1.0,20073,1,19486.0,1
2026-04-26 23:00:00,2026-04-26,23,PACK-LINE-01,18,night,Sunday,680,0,10,9,87,4,309,4,13,136,0,544,added_packers_and_work_diverted,18,20617,237,13,0,1131,1131,19486,1.0,19486,1,19043.0,1
2026-04-27 00:00:00,2026-04-27,0,PACK-LINE-01,18,night,Monday,532,3,10,9,79,2,328,2,11,106,0,426,added_packers_and_work_diverted,15,19912,253,11,0,869,869,19043,1.0,19043,1,18648.0,1
2026-04-27 01:00:00,2026-04-27,1,PACK-LINE-01,18,night,Monday,592,0,10,7,79,4,197,4,11,118,0,474,added_packers_and_work_diverted,18,19517,248,11,0,869,869,18648,1.0,18648,1,18564.0,1
2026-04-27 02:00:00,2026-04-27,2,PACK-LINE-01,18,night,Monday,675,3,10,8,80,0,119,0,8,119,0,556,work_diverted,15,19204,241,8,0,640,640,18564,1.0,18564,1,18315.0,1
2026-04-27 03:00:00,2026-04-27,3,PACK-LINE-01,18,night,Monday,726,2,10,9,83,1,172,1,10,145,0,581,added_packers_and_work_diverted,16,19145,231,10,0,830,830,18315,1.0,18315,1,17610.0,1
2026-04-27 04:00:00,2026-04-27,4,PACK-LINE-01,18,night,Monday,647,1,10,10,84,5,92,5,15,92,0,555,added_packers_and_work_diverted,17,18870,225,15,0,1260,1260,17610,1.0,17610,1,17293.0,1
2026-04-27 05:00:00,2026-04-27,5,PACK-LINE-01,18,night,Monday,985,0,10,9,85,4,323,4,13,197,0,788,added_packers_and_work_diverted,18,18398,217,13,0,1105,1105,17293,1.0,17293,1,16979.0,1
2026-04-27 06:00:00,2026-04-27,6,PACK-LINE-01,18,day,Monday,1230,2,18,17,85,3,184,0,17,184,0,1046,work_diverted,16,18339,216,16,1,1360,1360,16979,1.0,16979,1,16875.0,1
2026-04-27 07:00:00,2026-04-27,7,PACK-LINE-01,18,day,Monday,1661,0,18,15,90,5,145,3,18,145,0,1516,added_packers_and_work_diverted,18,18495,206,18,0,1620,1620,16875,1.0,16875,1,16869.0,1
2026-04-27 08:00:00,2026-04-27,8,PACK-LINE-01,18,day,Monday,1316,3,18,17,77,3,167,0,17,167,0,1149,work_diverted,15,18024,235,15,2,1155,1155,16869,1.0,16869,1,16132.0,1
2026-04-27 09:00:00,2026-04-27,9,PACK-LINE-01,18,day,Monday,901,0,18,17,81,2,285,1,18,180,0,721,added_packers_and_work_diverted,18,17590,218,18,0,1458,1458,16132,1.0,16132,1,15744.0,1
2026-04-27 10:00:00,2026-04-27,10,PACK-LINE-01,18,day,Monday,1195,0,18,15,84,1,253,1,16,239,0,956,added_packers_and_work_diverted,18,17088,204,16,0,1344,1344,15744,1.0,15744,1,15271.0,1
2026-04-27 11:00:00,2026-04-27,11,PACK-LINE-01,18,day,Monday,1129,0,18,15,83,4,108,3,18,108,0,1021,added_packers_and_work_diverted,18,16765,202,18,0,1494,1494,15271,1.0,15271,1,14763.0,1
2026-04-27 12:00:00,2026-04-27,12,PACK-LINE-01,18,day,Monday,1042,0,18,15,86,3,2,3,18,2,0,1040,added_packers_and_work_diverted,18,16311,190,18,0,1548,1548,14763,1.0,14763,1,14533.0,1
2026-04-27 13:00:00,2026-04-27,13,PACK-LINE-01,18,day,Monday,1301,0,18,17,83,3,37,1,18,37,0,1264,added_packers_and_work_diverted,18,16027,194,18,0,1494,1494,14533,1.0,14533,1,14279.0,1
2026-04-27 14:00:00,2026-04-27,14,PACK-LINE-01,18,swing,Monday,1134,1,16,14,83,0,325,0,14,226,0,908,work_diverted,17,15441,187,14,0,1162,1162,14279,1.0,14279,1,14368.0,1
2026-04-27 15:00:00,2026-04-27,15,PACK-LINE-01,18,swing,Monday,1537,1,16,15,86,0,158,0,15,158,0,1379,work_diverted,17,15658,183,15,0,1290,1290,14368,1.0,14368,1,14093.0,1
2026-04-27 16:00:00,2026-04-27,16,PACK-LINE-01,18,swing,Monday,1282,1,16,15,91,1,101,1,16,101,0,1181,added_packers_and_work_diverted,17,15549,171,16,0,1456,1456,14093,1.0,14093,1,14321.0,1
2026-04-27 17:00:00,2026-04-27,17,PACK-LINE-01,18,swing,Monday,1597,1,16,14,81,2,73,2,16,73,0,1524,added_packers_and_work_diverted,17,15617,193,16,0,1296,1296,14321,1.0,14321,1,13700.0,1
2026-04-27 18:00:00,2026-04-27,18,PACK-LINE-01,18,swing,Monday,1059,0,16,16,88,3,96,2,18,96,0,963,added_packers_and_work_diverted,18,15284,174,18,0,1584,1584,13700,1.0,13700,1,13319.0,1
2026-04-27 19:00:00,2026-04-27,19,PACK-LINE-01,18,swing,Monday,1173,3,16,16,88,1,296,0,16,234,0,939,work_diverted,15,14639,167,15,1,1320,1320,13319,1.0,13319,1,12730.0,1
2026-04-27 20:00:00,2026-04-27,20,PACK-LINE-01,18,swing,Monday,903,2,16,13,82,4,293,3,16,180,0,723,added_packers_and_work_diverted,16,14042,172,16,0,1312,1312,12730,1.0,12730,1,12461.0,1
2026-04-27 21:00:00,2026-04-27,21,PACK-LINE-01,18,swing,Monday,1410,1,16,16,89,5,166,1,17,166,0,1244,added_packers_and_work_diverted,17,13974,158,17,0,1513,1513,12461,1.0,12461,1,12438.0,1
2026-04-27 22:00:00,2026-04-27,22,PACK-LINE-01,18,night,Monday,1108,0,10,10,91,0,251,0,10,221,0,887,work_diverted,18,13348,147,10,0,910,910,12438,1.0,12438,1,12378.0,1
2026-04-27 23:00:00,2026-04-27,23,PACK-LINE-01,18,night,Monday,1089,2,10,7,90,4,159,4,11,159,0,930,added_packers_and_work_diverted,16,13368,149,11,0,990,990,12378,1.0,12378,1,12034.0,1
2026-04-28 00:00:00,2026-04-28,0,PACK-LINE-01,18,night,Tuesday,656,0,10,10,79,1,320,1,11,131,0,525,added_packers_and_work_diverted,18,12903,164,11,0,869,869,12034,1.0,12034,1,11753.0,1
2026-04-28 01:00:00,2026-04-28,1,PACK-LINE-01,18,night,Tuesday,983,0,10,9,88,4,120,4,13,120,0,863,added_packers_and_work_diverted,18,12897,147,13,0,1144,1144,11753,1.0,11753,1,11540.0,1
2026-04-28 02:00:00,2026-04-28,2,PACK-LINE-01,18,night,Tuesday,902,0,10,10,85,1,192,1,11,180,0,722,added_packers_and_work_diverted,18,12475,147,11,0,935,935,11540,1.0,11540,1,11669.0,1
2026-04-28 03:00:00,2026-04-28,3,PACK-LINE-01,18,night,Tuesday,1051,0,10,8,93,1,85,1,9,85,0,966,added_packers_and_work_diverted,18,12506,135,9,0,837,837,11669,1.0,11669,1,11586.0,1
2026-04-28 04:00:00,2026-04-28,4,PACK-LINE-01,18,night,Tuesday,716,0,10,8,82,0,289,0,8,143,0,573,work_diverted,18,12242,150,8,0,656,656,11586,1.0,11586,1,11164.0,1
2026-04-28 05:00:00,2026-04-28,5,PACK-LINE-01,18,night,Tuesday,588,0,10,7,85,4,75,4,11,75,0,513,added_packers_and_work_diverted,18,12099,143,11,0,935,935,11164,1.0,11164,1,10726.0,1
2026-04-28 06:00:00,2026-04-28,6,PACK-LINE-01,18,day,Tuesday,1477,0,18,15,90,4,332,3,18,295,0,1182,added_packers_and_work_diverted,18,12346,138,18,0,1620,1620,10726,1.0,10726,1,10370.0,1
2026-04-28 07:00:00,2026-04-28,7,PACK-LINE-01,18,day,Tuesday,867,4,18,15,75,1,265,0,15,173,0,694,work_diverted,14,11420,153,14,1,1050,1050,10370,1.0,10370,1,9973.0,1
2026-04-28 08:00:00,2026-04-28,8,PACK-LINE-01,18,day,Tuesday,1474,0,18,18,88,5,287,0,18,287,0,1187,work_diverted,18,11557,132,18,0,1584,1584,9973,1.0,9973,1,9637.0,1
2026-04-28 09:00:00,2026-04-28,9,PACK-LINE-01,18,day,Tuesday,1297,1,18,17,81,5,256,0,17,256,0,1041,work_diverted,17,11014,136,17,0,1377,1377,9637,1.0,9637,1,9784.0,1
2026-04-28 10:00:00,2026-04-28,10,PACK-LINE-01,18,day,Tuesday,1814,0,18,18,76,0,299,0,18,299,0,1515,work_diverted,18,11152,147,18,0,1368,1368,9784,1.0,9784,1,10213.0,1
2026-04-28 11:00:00,2026-04-28,11,PACK-LINE-01,18,day,Tuesday,1900,3,18,15,86,2,181,0,15,181,0,1719,work_diverted,15,11503,134,15,0,1290,1290,10213,1.0,10213,1,9898.0,1
2026-04-28 12:00:00,2026-04-28,12,PACK-LINE-01,18,day,Tuesday,1334,0,18,15,85,2,204,2,17,204,0,1130,added_packers_and_work_diverted,18,11343,134,17,0,1445,1445,9898,1.0,9898,1,9821.0,1
2026-04-28 13:00:00,2026-04-28,13,PACK-LINE-01,18,day,Tuesday,1566,0,18,16,87,5,77,2,18,77,0,1489,added_packers_and_work_diverted,18,11387,131,18,0,1566,1566,9821,1.0,9821,1,9703.0,1
2026-04-28 14:00:00,2026-04-28,14,PACK-LINE-01,18,swing,Tuesday,985,4,16,13,78,5,11,1,14,11,0,974,added_packers_and_work_diverted,14,10795,139,14,0,1092,1092,9703,1.0,9703,1,9983.0,1
2026-04-28 15:00:00,2026-04-28,15,PACK-LINE-01,18,swing,Tuesday,1732,1,16,13,84,5,24,4,17,24,0,1708,added_packers_and_work_diverted,17,11411,136,17,0,1428,1428,9983,1.0,9983,1,9756.0,1
2026-04-28 16:00:00,2026-04-28,16,PACK-LINE-01,18,swing,Tuesday,1238,0,16,13,87,1,261,1,14,247,0,991,added_packers_and_work_diverted,18,10974,127,14,0,1218,1218,9756,1.0,9756,1,9623.0,1
2026-04-28 17:00:00,2026-04-28,17,PACK-LINE-01,18,swing,Tuesday,1481,1,16,15,80,2,254,2,17,254,0,1227,added_packers_and_work_diverted,17,10983,138,17,0,1360,1360,9623,1.0,9623,1,9266.0,1
2026-04-28 18:00:00,2026-04-28,18,PACK-LINE-01,18,swing,Tuesday,1256,2,16,14,86,5,237,2,16,237,0,1019,added_packers_and_work_diverted,16,10642,124,16,0,1376,1376,9266,1.0,9266,1,8951.0,1
2026-04-28 19:00:00,2026-04-28,19,PACK-LINE-01,18,swing,Tuesday,1080,3,16,13,79,2,210,2,15,210,0,870,added_packers_and_work_diverted,15,10136,129,15,0,1185,1185,8951,1.0,8951,1,8208.0,1
2026-04-28 20:00:00,2026-04-28,20,PACK-LINE-01,18,swing,Tuesday,758,1,16,13,90,2,187,2,15,151,0,607,added_packers_and_work_diverted,17,9558,107,15,0,1350,1350,8208,1.0,8208,1,8059.0,1
2026-04-28 21:00:00,2026-04-28,21,PACK-LINE-01,18,swing,Tuesday,1157,0,16,15,79,1,42,1,16,42,0,1115,added_packers_and_work_diverted,18,9323,119,16,0,1264,1264,8059,1.0,8059,1,7645.0,1
2026-04-28 22:00:00,2026-04-28,22,PACK-LINE-01,18,night,Tuesday,782,3,10,10,80,3,326,3,13,156,0,626,added_packers_and_work_diverted,15,8685,109,13,0,1040,1040,7645,1.0,7645,1,6913.0,1
2026-04-28 23:00:00,2026-04-28,23,PACK-LINE-01,18,night,Tuesday,624,1,10,10,88,4,333,4,14,124,0,500,added_packers_and_work_diverted,17,8145,93,14,0,1232,1232,6913,1.0,6913,1,6704.0,1
2026-04-29 00:00:00,2026-04-29,0,PACK-LINE-01,18,night,Wednesday,1173,0,10,9,82,5,318,5,14,234,0,939,added_packers_and_work_diverted,18,7852,96,14,0,1148,1148,6704,1.0,6704,1,6894.0,1
2026-04-29 01:00:00,2026-04-29,1,PACK-LINE-01,18,night,Wednesday,1418,1,10,8,74,5,266,5,13,266,0,1152,added_packers_and_work_diverted,17,7856,107,13,0,962,962,6894,1.0,6894,1,7206.0,1
2026-04-29 02:00:00,2026-04-29,2,PACK-LINE-01,18,night,Wednesday,1402,1,10,9,81,1,280,1,10,280,0,1122,added_packers_and_work_diverted,17,8016,99,10,0,810,810,7206,1.0,7206,1,7431.0,1
2026-04-29 03:00:00,2026-04-29,3,PACK-LINE-01,18,night,Wednesday,1228,4,10,7,81,4,112,4,11,112,0,1116,added_packers_and_work_diverted,14,8322,103,11,0,891,891,7431,1.0,7431,1,7544.0,1
2026-04-29 04:00:00,2026-04-29,4,PACK-LINE-01,18,night,Wednesday,1192,3,10,8,75,5,104,5,13,104,0,1088,added_packers_and_work_diverted,15,8519,114,13,0,975,975,7544,1.0,7544,1,7544.0,1
2026-04-29 05:00:00,2026-04-29,5,PACK-LINE-01,18,night,Wednesday,1100,3,10,7,88,3,316,3,10,220,0,880,added_packers_and_work_diverted,15,8424,96,10,0,880,880,7544,1.0,7544,1,7770.0,1
2026-04-29 06:00:00,2026-04-29,6,PACK-LINE-01,18,day,Wednesday,1853,3,18,17,88,0,307,0,17,307,0,1546,work_diverted,15,9090,104,15,2,1320,1320,7770,1.0,7770,1,8142.0,1
2026-04-29 07:00:00,2026-04-29,7,PACK-LINE-01,18,day,Wednesday,1630,4,18,16,85,1,68,0,16,68,0,1562,work_diverted,14,9332,110,14,2,1190,1190,8142,1.0,8142,1,7818.0,1
2026-04-29 08:00:00,2026-04-29,8,PACK-LINE-01,18,day,Wednesday,1397,0,18,18,86,1,173,0,18,173,0,1224,work_diverted,18,9366,109,18,0,1548,1548,7818,1.0,7818,1,8378.0,1
2026-04-29 09:00:00,2026-04-29,9,PACK-LINE-01,18,day,Wednesday,1804,3,18,16,79,4,59,0,16,59,0,1745,work_diverted,15,9563,122,15,1,1185,1185,8378,1.0,8378,1,8222.0,1
2026-04-29 10:00:00,2026-04-29,10,PACK-LINE-01,18,day,Wednesday,1416,0,18,18,87,3,6,0,18,6,0,1410,work_diverted,18,9788,113,18,0,1566,1566,8222,1.0,8222,1,9031.0,1
2026-04-29 11:00:00,2026-04-29,11,PACK-LINE-01,18,day,Wednesday,2525,1,18,16,87,0,324,0,16,324,0,2201,work_diverted,17,10423,120,16,0,1392,1392,9031,1.0,9031,1,8679.0,1
2026-04-29 12:00:00,2026-04-29,12,PACK-LINE-01,18,day,Wednesday,1279,1,18,17,94,2,33,0,17,33,0,1246,work_diverted,17,10277,110,17,0,1598,1598,8679,1.0,8679,1,8828.0,1
2026-04-29 13:00:00,2026-04-29,13,PACK-LINE-01,18,day,Wednesday,1876,1,18,16,94,4,129,1,17,129,0,1747,added_packers_and_work_diverted,17,10426,111,17,0,1598,1598,8828,1.0,8828,1,8578.0,1
2026-04-29 14:00:00,2026-04-29,14,PACK-LINE-01,18,swing,Wednesday,1339,0,16,16,85,3,59,2,18,59,0,1280,added_packers_and_work_diverted,18,10108,119,18,0,1530,1530,8578,1.0,8578,1,8483.0,1
2026-04-29 15:00:00,2026-04-29,15,PACK-LINE-01,18,swing,Wednesday,1499,2,16,13,89,5,170,3,16,170,0,1329,added_packers_and_work_diverted,16,9907,112,16,0,1424,1424,8483,1.0,8483,1,8896.0,1
2026-04-29 16:00:00,2026-04-29,16,PACK-LINE-01,18,swing,Wednesday,2153,2,16,16,88,5,332,0,16,332,0,1821,work_diverted,16,10304,118,16,0,1408,1408,8896,1.0,8896,1,9266.0,1
2026-04-29 17:00:00,2026-04-29,17,PACK-LINE-01,18,swing,Wednesday,1829,1,16,15,77,2,150,2,17,150,0,1679,added_packers_and_work_diverted,17,10575,138,17,0,1309,1309,9266,1.0,9266,1,9172.0,1
2026-04-29 18:00:00,2026-04-29,18,PACK-LINE-01,18,swing,Wednesday,1551,1,16,16,79,4,302,1,17,302,0,1249,added_packers_and_work_diverted,17,10515,134,17,0,1343,1343,9172,1.0,9172,1,9280.0,1
2026-04-29 19:00:00,2026-04-29,19,PACK-LINE-01,18,swing,Wednesday,1587,3,16,14,83,0,318,0,14,317,0,1270,work_diverted,15,10442,126,14,0,1162,1162,9280,1.0,9280,1,9833.0,1
2026-04-29 20:00:00,2026-04-29,20,PACK-LINE-01,18,swing,Wednesday,1704,4,16,15,82,2,3,0,15,3,0,1701,work_diverted,14,10981,134,14,1,1148,1148,9833,1.0,9833,1,9514.0,1
2026-04-29 21:00:00,2026-04-29,21,PACK-LINE-01,18,swing,Wednesday,971,0,16,15,85,0,15,0,15,15,0,956,work_diverted,18,10789,127,15,0,1275,1275,9514,1.0,9514,1,9224.0,1
2026-04-29 22:00:00,2026-04-29,22,PACK-LINE-01,18,night,Wednesday,856,4,10,10,84,3,54,3,13,54,0,802,added_packers_and_work_diverted,14,10316,123,13,0,1092,1092,9224,1.0,9224,1,9062.0,1
2026-04-29 23:00:00,2026-04-29,23,PACK-LINE-01,18,night,Wednesday,897,4,10,7,88,3,260,3,10,179,0,718,added_packers_and_work_diverted,14,9942,113,10,0,880,880,9062,1.0,9062,1,9065.0,1
2026-04-30 00:00:00,2026-04-30,0,PACK-LINE-01,18,night,Thursday,1401,3,10,10,86,3,344,3,13,280,0,1121,added_packers_and_work_diverted,15,10183,119,13,0,1118,1118,9065,1.0,9065,1,9363.0,1
2026-04-30 01:00:00,2026-04-30,1,PACK-LINE-01,18,night,Thursday,1253,2,10,8,85,2,105,2,10,105,0,1148,added_packers_and_work_diverted,16,10213,121,10,0,850,850,9363,1.0,9363,1,9475.0,1
2026-04-30 02:00:00,2026-04-30,2,PACK-LINE-01,18,night,Thursday,1408,3,10,9,88,4,152,4,13,152,0,1256,added_packers_and_work_diverted,15,10619,121,13,0,1144,1144,9475,1.0,9475,1,9415.0,1
2026-04-30 03:00:00,2026-04-30,3,PACK-LINE-01,18,night,Thursday,886,0,10,8,86,1,172,1,9,172,0,714,added_packers_and_work_diverted,18,10189,119,9,0,774,774,9415,1.0,9415,1,9793.0,1
2026-04-30 04:00:00,2026-04-30,4,PACK-LINE-01,18,night,Thursday,1223,0,10,9,83,0,98,0,9,98,0,1125,work_diverted,18,10540,127,9,0,747,747,9793,1.0,9793,1,10359.0,1
2026-04-30 05:00:00,2026-04-30,5,PACK-LINE-01,18,night,Thursday,1793,0,10,9,80,4,187,4,13,187,0,1606,added_packers_and_work_diverted,18,11399,143,13,0,1040,1040,10359,1.0,10359,1,9907.0,1
2026-04-30 06:00:00,2026-04-30,6,PACK-LINE-01,18,day,Thursday,1324,0,18,16,84,5,344,2,18,264,0,1060,added_packers_and_work_diverted,18,11419,136,18,0,1512,1512,9907,1.0,9907,1,10477.0,1
2026-04-30 07:00:00,2026-04-30,7,PACK-LINE-01,18,day,Thursday,2135,0,18,16,85,0,205,0,16,205,0,1930,work_diverted,18,11837,140,16,0,1360,1360,10477,1.0,10477,1,10319.0,1
2026-04-30 08:00:00,2026-04-30,8,PACK-LINE-01,18,day,Thursday,1197,3,18,15,84,2,95,0,15,95,0,1102,work_diverted,15,11579,138,15,0,1260,1260,10319,1.0,10319,1,11295.0,1
2026-04-30 09:00:00,2026-04-30,9,PACK-LINE-01,18,day,Thursday,2414,4,18,17,89,2,192,0,17,192,0,2222,work_diverted,14,12541,141,14,3,1246,1246,11295,1.0,11295,1,11857.0,1
2026-04-30 10:00:00,2026-04-30,10,PACK-LINE-01,18,day,Thursday,1862,3,18,18,84,4,40,0,18,40,0,1822,work_diverted,15,13117,157,15,3,1260,1260,11857,1.0,11857,1,13170.0,1
2026-04-30 11:00:00,2026-04-30,11,PACK-LINE-01,18,day,Thursday,2993,0,18,16,89,2,78,2,18,78,0,2915,added_packers_and_work_diverted,18,14772,166,18,0,1602,1602,13170,1.0,13170,1,14074.0,1
2026-04-30 12:00:00,2026-04-30,12,PACK-LINE-01,18,day,Thursday,2126,4,18,15,86,4,18,0,15,18,0,2108,work_diverted,14,15278,178,14,1,1204,1204,14074,1.0,14074,1,13633.0,1
2026-04-30 13:00:00,2026-04-30,13,PACK-LINE-01,18,day,Thursday,1382,0,18,16,87,3,257,2,18,257,0,1125,added_packers_and_work_diverted,18,15199,175,18,0,1566,1566,13633,1.0,13633,1,14215.0,1
2026-04-30 14:00:00,2026-04-30,14,PACK-LINE-01,18,swing,Thursday,1968,1,16,14,84,2,42,2,16,42,0,1926,added_packers_and_work_diverted,17,15559,186,16,0,1344,1344,14215,1.0,14215,1,15130.0,1
2026-04-30 15:00:00,2026-04-30,15,PACK-LINE-01,18,swing,Thursday,2515,0,16,13,87,4,121,4,17,121,0,2394,added_packers_and_work_diverted,18,16609,191,17,0,1479,1479,15130,1.0,15130,1,15105.0,1
2026-04-30 16:00:00,2026-04-30,16,PACK-LINE-01,18,swing,Thursday,1501,0,16,15,87,0,221,0,15,221,0,1280,work_diverted,18,16410,189,15,0,1305,1305,15105,1.0,15105,1,15721.0,1
2026-04-30 17:00:00,2026-04-30,17,PACK-LINE-01,18,swing,Thursday,2271,1,16,16,82,4,261,1,17,261,0,2010,added_packers_and_work_diverted,17,17115,209,17,0,1394,1394,15721,1.0,15721,1,15645.0,1
2026-04-30 18:00:00,2026-04-30,18,PACK-LINE-01,18,swing,Thursday,1377,4,16,15,87,4,235,0,15,235,0,1142,work_diverted,14,16863,194,14,1,1218,1218,15645,1.0,15645,1,15949.0,1
2026-04-30 19:00:00,2026-04-30,19,PACK-LINE-01,18,swing,Thursday,1522,0,16,13,77,1,140,1,14,140,0,1382,added_packers_and_work_diverted,18,17027,222,14,0,1078,1078,15949,1.0,15949,1,16127.0,1
2026-04-30 20:00:00,2026-04-30,20,PACK-LINE-01,18,swing,Thursday,1506,1,16,15,78,1,80,1,16,80,0,1426,added_packers_and_work_diverted,17,17375,223,16,0,1248,1248,16127,1.0,16127,1,16519.0,1
2026-04-30 21:00:00,2026-04-30,21,PACK-LINE-01,18,swing,Thursday,1763,0,16,14,88,1,51,1,15,51,0,1712,added_packers_and_work_diverted,18,17839,203,15,0,1320,1320,16519,1.0,16519,1,16659.0,1
2026-04-30 22:00:00,2026-04-30,22,PACK-LINE-01,18,night,Thursday,1478,4,10,10,82,5,190,4,14,190,0,1288,added_packers_and_work_diverted,14,17807,218,14,0,1148,1148,16659,1.0,16659,1,17002.0,1
2026-04-30 23:00:00,2026-04-30,23,PACK-LINE-01,18,night,Thursday,1508,0,10,8,88,2,285,2,10,285,0,1223,added_packers_and_work_diverted,18,17882,204,10,0,880,880,17002,1.0,17002,1,17160.0,1
2026-05-01 00:00:00,2026-05-01,0,PACK-LINE-01,18,night,Friday,1502,1,10,8,87,4,334,4,12,300,0,1202,added_packers_and_work_diverted,17,18204,210,12,0,1044,1044,17160,1.0,17160,1,17553.0,1
2026-05-01 01:00:00,2026-05-01,1,PACK-LINE-01,18,night,Friday,1404,0,10,10,81,1,120,1,11,120,0,1284,added_packers_and_work_diverted,18,18444,228,11,0,891,891,17553,1.0,17553,1,17550.0,1
2026-05-01 02:00:00,2026-05-01,2,PACK-LINE-01,18,night,Friday,1012,3,10,7,86,3,155,3,10,155,0,857,added_packers_and_work_diverted,15,18410,215,10,0,860,860,17550,1.0,17550,1,17660.0,1
2026-05-01 03:00:00,2026-05-01,3,PACK-LINE-01,18,night,Friday,1124,0,10,9,79,1,330,1,10,224,0,900,added_packers_and_work_diverted,18,18450,234,10,0,790,790,17660,1.0,17660,1,17195.0,1
2026-05-01 04:00:00,2026-05-01,4,PACK-LINE-01,18,night,Friday,836,4,10,10,81,5,188,4,14,167,0,669,added_packers_and_work_diverted,14,18329,227,14,0,1134,1134,17195,1.0,17195,1,16955.0,1
2026-05-01 05:00:00,2026-05-01,5,PACK-LINE-01,18,night,Friday,852,3,10,10,88,2,36,2,12,36,0,816,added_packers_and_work_diverted,15,18011,205,12,0,1056,1056,16955,1.0,16955,1,16324.0,1
2026-05-01 06:00:00,2026-05-01,6,PACK-LINE-01,18,day,Friday,1184,0,18,15,88,4,231,3,18,231,0,953,added_packers_and_work_diverted,18,17908,204,18,0,1584,1584,16324,1.0,16324,1,16321.0,1
2026-05-01 07:00:00,2026-05-01,7,PACK-LINE-01,18,day,Friday,1639,0,18,16,89,0,218,0,16,218,0,1421,work_diverted,18,17745,200,16,0,1424,1424,16321,1.0,16321,1,16594.0,1
2026-05-01 08:00:00,2026-05-01,8,PACK-LINE-01,18,day,Friday,1891,0,18,17,84,4,106,1,18,106,0,1785,added_packers_and_work_diverted,18,18106,216,18,0,1512,1512,16594,1.0,16594,1,17322.0,1
2026-05-01 09:00:00,2026-05-01,9,PACK-LINE-01,18,day,Friday,2218,2,18,17,86,2,114,0,17,114,0,2104,work_diverted,16,18698,218,16,1,1376,1376,17322,1.0,17322,1,17727.0,1
2026-05-01 10:00:00,2026-05-01,10,PACK-LINE-01,18,day,Friday,2028,3,18,15,86,2,333,0,15,333,0,1695,work_diverted,15,19017,222,15,0,1290,1290,17727,1.0,17727,1,17827.0,1
2026-05-01 11:00:00,2026-05-01,11,PACK-LINE-01,18,day,Friday,1811,0,18,15,81,5,253,3,18,253,0,1558,added_packers_and_work_diverted,18,19285,239,18,0,1458,1458,17827,1.0,17827,1,18756.0,1
2026-05-01 12:00:00,2026-05-01,12,PACK-LINE-01,18,day,Friday,2339,0,18,15,84,0,150,0,15,150,0,2189,work_diverted,18,20016,239,15,0,1260,1260,18756,1.0,18756,1,18959.0,1
2026-05-01 13:00:00,2026-05-01,13,PACK-LINE-01,18,day,Friday,2078,0,18,16,85,5,345,2,18,345,0,1733,added_packers_and_work_diverted,18,20489,242,18,0,1530,1530,18959,1.0,18959,1,18987.0,1
2026-05-01 14:00:00,2026-05-01,14,PACK-LINE-01,18,swing,Friday,1730,2,16,14,85,4,342,2,16,342,0,1388,added_packers_and_work_diverted,16,20347,240,16,0,1360,1360,18987,1.0,18987,1,19481.0,1
2026-05-01 15:00:00,2026-05-01,15,PACK-LINE-01,18,swing,Friday,2106,2,16,15,88,1,204,1,16,204,0,1902,added_packers_and_work_diverted,16,20889,238,16,0,1408,1408,19481,1.0,19481,1,19532.0,1
2026-05-01 16:00:00,2026-05-01,16,PACK-LINE-01,18,swing,Friday,1586,0,16,14,88,3,39,3,17,39,0,1547,added_packers_and_work_diverted,18,21028,239,17,0,1496,1496,19532,1.0,19532,1,20284.0,1
2026-05-01 17:00:00,2026-05-01,17,PACK-LINE-01,18,swing,Friday,2316,0,16,15,86,2,102,2,17,102,0,2214,added_packers_and_work_diverted,18,21746,253,17,0,1462,1462,20284,1.0,20284,1,20565.0,1
2026-05-01 18:00:00,2026-05-01,18,PACK-LINE-01,18,swing,Friday,1675,4,16,14,84,4,218,0,14,218,0,1457,work_diverted,14,21741,259,14,0,1176,1176,20565,1.0,20565,1,21156.0,1
2026-05-01 19:00:00,2026-05-01,19,PACK-LINE-01,18,swing,Friday,2059,0,16,16,87,0,76,0,16,76,0,1983,work_diverted,18,22548,260,16,0,1392,1392,21156,1.0,21156,1,21067.0,1
2026-05-01 20:00:00,2026-05-01,20,PACK-LINE-01,18,swing,Friday,1309,4,16,15,91,3,124,0,15,124,0,1185,work_diverted,14,22341,246,14,1,1274,1274,21067,1.0,21067,1,21067.0,1
2026-05-01 21:00:00,2026-05-01,21,PACK-LINE-01,18,swing,Friday,1372,2,16,15,85,5,12,1,16,12,0,1360,added_packers_and_work_diverted,16,22427,264,16,0,1360,1360,21067,1.0,21067,1,21195.0,1
2026-05-01 22:00:00,2026-05-01,22,PACK-LINE-01,18,night,Friday,1524,1,10,9,85,5,206,5,14,206,0,1318,added_packers_and_work_diverted,17,22385,264,14,0,1190,1190,21195,1.0,21195,1,21515.0,1
2026-05-01 23:00:00,2026-05-01,23,PACK-LINE-01,18,night,Friday,1276,0,10,7,88,1,252,1,8,252,0,1024,added_packers_and_work_diverted,18,22219,253,8,0,704,704,21515,1.0,21515,1,21022.0,1
2026-05-02 00:00:00,2026-05-02,0,PACK-LINE-01,18,night,Saturday,643,0,10,10,84,2,214,2,12,128,0,515,added_packers_and_work_diverted,18,22030,263,12,0,1008,1008,21022,1.0,21022,1,21123.0,1
2026-05-02 01:00:00,2026-05-02,1,PACK-LINE-01,18,night,Saturday,1260,1,10,8,79,5,132,5,13,132,0,1128,added_packers_and_work_diverted,17,22150,281,13,0,1027,1027,21123,1.0,21123,1,21031.0,1
2026-05-02 02:00:00,2026-05-02,2,PACK-LINE-01,18,night,Saturday,1095,3,10,9,88,2,275,2,11,219,0,876,added_packers_and_work_diverted,15,21999,250,11,0,968,968,21031,1.0,21031,1,20847.0,1
2026-05-02 03:00:00,2026-05-02,3,PACK-LINE-01,18,night,Saturday,663,2,10,7,91,1,119,1,8,119,0,544,added_packers_and_work_diverted,16,21575,238,8,0,728,728,20847,1.0,20847,1,20718.0,1
2026-05-02 04:00:00,2026-05-02,4,PACK-LINE-01,18,night,Saturday,784,0,10,7,79,3,123,3,10,123,0,661,added_packers_and_work_diverted,18,21508,273,10,0,790,790,20718,1.0,20718,1,20596.0,1
2026-05-02 05:00:00,2026-05-02,5,PACK-LINE-01,18,night,Saturday,916,1,10,7,95,2,321,2,9,183,0,733,added_packers_and_work_diverted,17,21451,226,9,0,855,855,20596,1.0,20596,1,20121.0,1
2026-05-02 06:00:00,2026-05-02,6,PACK-LINE-01,18,day,Saturday,1220,0,18,15,90,4,75,3,18,75,0,1145,added_packers_and_work_diverted,18,21741,242,18,0,1620,1620,20121,1.0,20121,1,20289.0,1
2026-05-02 07:00:00,2026-05-02,7,PACK-LINE-01,18,day,Saturday,1565,2,18,18,85,4,37,0,18,37,0,1528,work_diverted,16,21649,255,16,2,1360,1360,20289,1.0,20289,1,20208.0,1
2026-05-02 08:00:00,2026-05-02,8,PACK-LINE-01,18,day,Saturday,1106,3,18,18,78,2,17,0,18,17,0,1089,work_diverted,15,21378,275,15,3,1170,1170,20208,1.0,20208,1,20794.0,1
2026-05-02 09:00:00,2026-05-02,9,PACK-LINE-01,18,day,Saturday,1964,1,18,18,81,3,1,0,18,1,0,1963,work_diverted,17,22171,274,17,1,1377,1377,20794,1.0,20794,1,21806.0,1
2026-05-02 10:00:00,2026-05-02,10,PACK-LINE-01,18,day,Saturday,2696,1,18,15,84,5,256,2,17,256,0,2440,added_packers_and_work_diverted,17,23234,277,17,0,1428,1428,21806,1.0,21806,1,22595.0,1
2026-05-02 11:00:00,2026-05-02,11,PACK-LINE-01,18,day,Saturday,2097,3,18,15,83,5,63,0,15,63,0,2034,work_diverted,15,23840,288,15,0,1245,1245,22595,1.0,22595,1,23182.0,1
2026-05-02 12:00:00,2026-05-02,12,PACK-LINE-01,18,day,Saturday,2072,0,18,17,75,2,135,1,18,135,0,1937,added_packers_and_work_diverted,18,24532,328,18,0,1350,1350,23182,1.0,23182,1,23765.0,1
2026-05-02 13:00:00,2026-05-02,13,PACK-LINE-01,18,day,Saturday,1920,2,18,17,82,2,25,0,17,25,0,1895,work_diverted,16,25077,306,16,1,1312,1312,23765,1.0,23765,1,23730.0,1
2026-05-02 14:00:00,2026-05-02,14,PACK-LINE-01,18,swing,Saturday,1649,1,16,15,85,3,239,2,17,239,0,1410,added_packers_and_work_diverted,17,25175,297,17,0,1445,1445,23730,1.0,23730,1,24434.0,1
2026-05-02 15:00:00,2026-05-02,15,PACK-LINE-01,18,swing,Saturday,2121,0,16,16,80,1,57,1,17,57,0,2064,added_packers_and_work_diverted,18,25794,323,17,0,1360,1360,24434,1.0,24434,1,24052.0,1
2026-05-02 16:00:00,2026-05-02,16,PACK-LINE-01,18,swing,Saturday,1221,0,16,15,86,1,227,1,16,227,0,994,added_packers_and_work_diverted,18,25428,296,16,0,1376,1376,24052,1.0,24052,1,24788.0,1
2026-05-02 17:00:00,2026-05-02,17,PACK-LINE-01,18,swing,Saturday,2035,3,16,15,86,2,9,0,15,9,0,2026,work_diverted,15,26078,304,15,0,1290,1290,24788,1.0,24788,1,24682.0,1
2026-05-02 18:00:00,2026-05-02,18,PACK-LINE-01,18,swing,Saturday,1045,0,16,13,76,1,87,1,14,87,0,958,added_packers_and_work_diverted,18,25746,339,14,0,1064,1064,24682,1.0,24682,1,24716.0,1
2026-05-02 19:00:00,2026-05-02,19,PACK-LINE-01,18,swing,Saturday,1473,0,16,13,83,2,194,2,15,194,0,1279,added_packers_and_work_diverted,18,25961,313,15,0,1245,1245,24716,1.0,24716,1,24556.0,1
2026-05-02 20:00:00,2026-05-02,20,PACK-LINE-01,18,swing,Saturday,1318,2,16,14,81,2,182,2,16,182,0,1136,added_packers_and_work_diverted,16,25852,320,16,0,1296,1296,24556,1.0,24556,1,24577.0,1
2026-05-02 21:00:00,2026-05-02,21,PACK-LINE-01,18,swing,Saturday,1346,3,16,13,87,5,20,2,15,20,0,1326,added_packers_and_work_diverted,15,25882,298,15,0,1305,1305,24577,1.0,24577,1,24945.0,1
2026-05-02 22:00:00,2026-05-02,22,PACK-LINE-01,18,night,Saturday,1188,0,10,8,85,0,140,0,8,140,0,1048,work_diverted,18,25625,302,8,0,680,680,24945,1.0,24945,1,25636.0,1
2026-05-02 23:00:00,2026-05-02,23,PACK-LINE-01,18,night,Saturday,1388,0,10,7,81,0,130,0,7,130,0,1258,work_diverted,18,26203,324,7,0,567,567,25636,1.0,25636,1,25697.0,1
2026-05-03 00:00:00,2026-05-03,0,PACK-LINE-01,18,night,Sunday,1064,0,10,7,81,5,31,5,12,31,0,1033,added_packers_and_work_diverted,18,26669,330,12,0,972,972,25697,1.0,25697,1,25157.0,1
2026-05-03 01:00:00,2026-05-03,1,PACK-LINE-01,18,night,Sunday,644,0,10,7,88,5,340,5,12,128,0,516,added_packers_and_work_diverted,18,26213,298,12,0,1056,1056,25157,1.0,25157,1,25404.0,1
2026-05-03 02:00:00,2026-05-03,2,PACK-LINE-01,18,night,Sunday,1335,2,10,9,85,3,68,3,12,68,0,1267,added_packers_and_work_diverted,16,26424,311,12,0,1020,1020,25404,1.0,25404,1,25274.0,1
2026-05-03 03:00:00,2026-05-03,3,PACK-LINE-01,18,night,Sunday,1214,0,10,9,84,5,168,5,14,168,0,1046,added_packers_and_work_diverted,18,26450,315,14,0,1176,1176,25274,1.0,25274,1,25393.0,1
2026-05-03 04:00:00,2026-05-03,4,PACK-LINE-01,18,night,Sunday,898,0,10,8,85,0,99,0,8,99,0,799,work_diverted,18,26073,307,8,0,680,680,25393,1.0,25393,1,25442.0,1
2026-05-03 05:00:00,2026-05-03,5,PACK-LINE-01,18,night,Sunday,1034,2,10,8,84,3,61,3,11,61,0,973,added_packers_and_work_diverted,16,26366,314,11,0,924,924,25442,1.0,25442,1,25165.0,1
2026-05-03 06:00:00,2026-05-03,6,PACK-LINE-01,18,day,Sunday,1340,1,18,16,82,1,223,1,17,223,0,1117,added_packers_and_work_diverted,17,26559,324,17,0,1394,1394,25165,1.0,25165,1,24724.0,1
2026-05-03 07:00:00,2026-05-03,7,PACK-LINE-01,18,day,Sunday,1292,0,18,17,86,4,185,1,18,185,0,1107,added_packers_and_work_diverted,18,26272,306,18,0,1548,1548,24724,1.0,24724,1,25451.0,1
2026-05-03 08:00:00,2026-05-03,8,PACK-LINE-01,18,day,Sunday,2167,2,18,15,82,3,128,1,16,128,0,2039,added_packers_and_work_diverted,16,26763,327,16,0,1312,1312,25451,1.0,25451,1,25116.0,1
2026-05-03 09:00:00,2026-05-03,9,PACK-LINE-01,18,day,Sunday,1069,3,18,17,80,0,204,0,17,204,0,865,work_diverted,15,26316,329,15,2,1200,1200,25116,1.0,25116,1,25172.0,1
2026-05-03 10:00:00,2026-05-03,10,PACK-LINE-01,18,day,Sunday,1536,3,18,16,83,2,235,0,16,235,0,1301,work_diverted,15,26417,319,15,1,1245,1245,25172,1.0,25172,1,25075.0,1
2026-05-03 11:00:00,2026-05-03,11,PACK-LINE-01,18,day,Sunday,1454,2,18,15,80,5,271,1,16,271,0,1183,added_packers_and_work_diverted,16,26355,330,16,0,1280,1280,25075,1.0,25075,1,24650.0,1
2026-05-03 12:00:00,2026-05-03,12,PACK-LINE-01,18,day,Sunday,1426,0,18,18,87,5,300,0,18,285,0,1141,work_diverted,18,26216,302,18,0,1566,1566,24650,1.0,24650,1,24058.0,1
2026-05-03 13:00:00,2026-05-03,13,PACK-LINE-01,18,day,Sunday,999,0,18,16,87,0,256,0,16,199,0,800,work_diverted,18,25450,293,16,0,1392,1392,24058,1.0,24058,1,23945.0,1
2026-05-03 14:00:00,2026-05-03,14,PACK-LINE-01,18,swing,Sunday,1326,1,16,15,83,5,28,2,17,28,0,1298,added_packers_and_work_diverted,17,25356,306,17,0,1411,1411,23945,1.0,23945,1,24259.0,1
2026-05-03 15:00:00,2026-05-03,15,PACK-LINE-01,18,swing,Sunday,2149,0,16,16,86,4,287,2,18,287,0,1862,added_packers_and_work_diverted,18,25807,301,18,0,1548,1548,24259,1.0,24259,1,24658.0,1
2026-05-03 16:00:00,2026-05-03,16,PACK-LINE-01,18,swing,Sunday,2175,0,16,15,84,2,348,2,17,348,0,1827,added_packers_and_work_diverted,18,26086,311,17,0,1428,1428,24658,1.0,24658,1,24674.0,1
2026-05-03 17:00:00,2026-05-03,17,PACK-LINE-01,18,swing,Sunday,1735,0,16,16,88,4,135,2,18,135,0,1600,added_packers_and_work_diverted,18,26258,299,18,0,1584,1584,24674,1.0,24674,1,24322.0,1
2026-05-03 18:00:00,2026-05-03,18,PACK-LINE-01,18,swing,Sunday,1143,2,16,13,81,3,199,3,16,199,0,944,added_packers_and_work_diverted,16,25618,317,16,0,1296,1296,24322,1.0,24322,1,24124.0,1
2026-05-03 19:00:00,2026-05-03,19,PACK-LINE-01,18,swing,Sunday,1417,0,16,15,89,4,13,3,18,13,0,1404,added_packers_and_work_diverted,18,25726,290,18,0,1602,1602,24124,1.0,24124,1,24277.0,1
2026-05-03 20:00:00,2026-05-03,20,PACK-LINE-01,18,swing,Sunday,1728,0,16,16,85,3,45,2,18,45,0,1683,added_packers_and_work_diverted,18,25807,304,18,0,1530,1530,24277,1.0,24277,1,23891.0,1
2026-05-03 21:00:00,2026-05-03,21,PACK-LINE-01,18,swing,Sunday,1356,0,16,15,85,3,212,3,18,212,0,1144,added_packers_and_work_diverted,18,25421,300,18,0,1530,1530,23891,1.0,23891,1,23842.0,1
2026-05-03 22:00:00,2026-05-03,22,PACK-LINE-01,18,night,Sunday,1107,0,10,8,85,3,310,3,11,221,0,886,added_packers_and_work_diverted,18,24777,292,11,0,935,935,23842,1.0,23842,1,24190.0,1
2026-05-03 23:00:00,2026-05-03,23,PACK-LINE-01,18,night,Sunday,1204,1,10,9,86,0,82,0,9,82,0,1122,work_diverted,17,24964,291,9,0,774,774,24190,1.0,24190,1,24069.0,1
2026-05-04 00:00:00,2026-05-04,0,PACK-LINE-01,18,night,Monday,836,3,10,8,79,2,198,2,10,167,0,669,added_packers_and_work_diverted,15,24859,315,10,0,790,790,24069,1.0,24069,1,23704.0,1
2026-05-04 01:00:00,2026-05-04,1,PACK-LINE-01,18,night,Monday,789,2,10,10,81,3,101,3,13,101,0,688,added_packers_and_work_diverted,16,24757,306,13,0,1053,1053,23704,1.0,23704,1,23759.0,1
2026-05-04 02:00:00,2026-05-04,2,PACK-LINE-01,18,night,Monday,839,0,10,7,83,2,37,2,9,37,0,802,added_packers_and_work_diverted,18,24506,296,9,0,747,747,23759,1.0,23759,1,23404.0,1
2026-05-04 03:00:00,2026-05-04,3,PACK-LINE-01,18,night,Monday,596,0,10,7,84,3,111,3,10,111,0,485,added_packers_and_work_diverted,18,24244,289,10,0,840,840,23404,1.0,23404,1,23277.0,1
2026-05-04 04:00:00,2026-05-04,4,PACK-LINE-01,18,night,Monday,776,1,10,8,84,1,147,1,9,147,0,629,added_packers_and_work_diverted,17,24033,287,9,0,756,756,23277,1.0,23277,1,23310.0,1
2026-05-04 05:00:00,2026-05-04,5,PACK-LINE-01,18,night,Monday,820,0,10,7,89,0,308,0,7,164,0,656,work_diverted,18,23933,269,7,0,623,623,23310,1.0,23310,1,23539.0,1
2026-05-04 06:00:00,2026-05-04,6,PACK-LINE-01,18,day,Monday,1727,0,18,15,80,2,138,2,17,138,0,1589,added_packers_and_work_diverted,18,24899,312,17,0,1360,1360,23539,1.0,23539,1,22955.0,1
2026-05-04 07:00:00,2026-05-04,7,PACK-LINE-01,18,day,Monday,1038,0,18,15,89,5,20,3,18,20,0,1018,added_packers_and_work_diverted,18,24557,276,18,0,1602,1602,22955,1.0,22955,1,22456.0,1
2026-05-04 08:00:00,2026-05-04,8,PACK-LINE-01,18,day,Monday,915,0,18,16,88,0,6,0,16,6,0,909,work_diverted,18,23864,272,16,0,1408,1408,22456,1.0,22456,1,22357.0,1
2026-05-04 09:00:00,2026-05-04,9,PACK-LINE-01,18,day,Monday,1384,2,18,18,80,5,203,0,18,203,0,1181,work_diverted,16,23637,296,16,2,1280,1280,22357,1.0,22357,1,21802.0,1
2026-05-04 10:00:00,2026-05-04,10,PACK-LINE-01,18,day,Monday,1091,1,18,18,84,3,338,0,18,218,0,873,work_diverted,17,23230,277,17,1,1428,1428,21802,1.0,21802,1,21988.0,1
2026-05-04 11:00:00,2026-05-04,11,PACK-LINE-01,18,day,Monday,1622,3,18,15,80,0,236,0,15,236,0,1386,work_diverted,15,23188,290,15,0,1200,1200,21988,1.0,21988,1,21522.0,1
2026-05-04 12:00:00,2026-05-04,12,PACK-LINE-01,18,day,Monday,1204,0,18,16,89,4,68,2,18,68,0,1136,added_packers_and_work_diverted,18,23124,260,18,0,1602,1602,21522,1.0,21522,1,21058.0,1
2026-05-04 13:00:00,2026-05-04,13,PACK-LINE-01,18,day,Monday,1250,0,18,18,89,1,112,0,18,112,0,1138,work_diverted,18,22660,255,18,0,1602,1602,21058,1.0,21058,1,21167.0,1
2026-05-04 14:00:00,2026-05-04,14,PACK-LINE-01,18,swing,Monday,1438,3,16,14,82,1,99,1,15,99,0,1339,added_packers_and_work_diverted,15,22397,274,15,0,1230,1230,21167,1.0,21167,1,21278.0,1
2026-05-04 15:00:00,2026-05-04,15,PACK-LINE-01,18,swing,Monday,1810,0,16,15,87,3,133,3,18,133,0,1677,added_packers_and_work_diverted,18,22844,263,18,0,1566,1566,21278,1.0,21278,1,21912.0,1
2026-05-04 16:00:00,2026-05-04,16,PACK-LINE-01,18,swing,Monday,1906,0,16,14,79,0,166,0,14,166,0,1740,work_diverted,18,23018,292,14,0,1106,1106,21912,1.0,21912,1,21751.0,1
2026-05-04 17:00:00,2026-05-04,17,PACK-LINE-01,18,swing,Monday,1024,2,16,13,80,1,65,1,14,65,0,959,added_packers_and_work_diverted,16,22871,286,14,0,1120,1120,21751,1.0,21751,1,21741.0,1
2026-05-04 18:00:00,2026-05-04,18,PACK-LINE-01,18,swing,Monday,1562,3,16,16,90,0,222,0,16,222,0,1340,work_diverted,15,23091,257,15,1,1350,1350,21741,1.0,21741,1,21611.0,1
2026-05-04 19:00:00,2026-05-04,19,PACK-LINE-01,18,swing,Monday,1508,0,16,16,81,1,261,1,17,261,0,1247,added_packers_and_work_diverted,18,22988,284,17,0,1377,1377,21611,1.0,21611,1,20964.0,1
2026-05-04 20:00:00,2026-05-04,20,PACK-LINE-01,18,swing,Monday,916,0,16,16,88,1,67,1,17,67,0,849,added_packers_and_work_diverted,18,22460,256,17,0,1496,1496,20964,1.0,20964,1,20388.0,1
2026-05-04 21:00:00,2026-05-04,21,PACK-LINE-01,18,swing,Monday,855,0,16,14,90,0,290,0,14,171,0,684,work_diverted,18,21648,241,14,0,1260,1260,20388,1.0,20388,1,19828.0,1
2026-05-04 22:00:00,2026-05-04,22,PACK-LINE-01,18,night,Monday,717,0,10,9,81,5,177,5,14,143,0,574,added_packers_and_work_diverted,18,20962,259,14,0,1134,1134,19828,1.0,19828,1,19344.0,1
2026-05-04 23:00:00,2026-05-04,23,PACK-LINE-01,18,night,Monday,882,0,10,10,85,4,344,4,14,176,0,706,added_packers_and_work_diverted,18,20534,242,14,0,1190,1190,19344,1.0,19344,1,18777.0,1
2026-05-05 00:00:00,2026-05-05,0,PACK-LINE-01,18,night,Tuesday,866,0,10,10,90,4,347,4,14,173,0,693,added_packers_and_work_diverted,18,20037,223,14,0,1260,1260,18777,1.0,18777,1,18525.0,1
2026-05-05 01:00:00,2026-05-05,1,PACK-LINE-01,18,night,Tuesday,1020,3,10,7,89,5,318,5,12,204,0,816,added_packers_and_work_diverted,15,19593,221,12,0,1068,1068,18525,1.0,18525,1,18595.0,1
2026-05-05 02:00:00,2026-05-05,2,PACK-LINE-01,18,night,Tuesday,1143,2,10,10,89,0,183,0,10,183,0,960,work_diverted,16,19485,219,10,0,890,890,18595,1.0,18595,1,18607.0,1
2026-05-05 03:00:00,2026-05-05,3,PACK-LINE-01,18,night,Tuesday,919,0,10,10,86,0,47,0,10,47,0,872,work_diverted,18,19467,227,10,0,860,860,18607,1.0,18607,1,18423.0,1
2026-05-05 04:00:00,2026-05-05,4,PACK-LINE-01,18,night,Tuesday,993,0,10,8,89,3,213,3,11,198,0,795,added_packers_and_work_diverted,18,19402,218,11,0,979,979,18423,1.0,18423,1,17801.0,1
2026-05-05 05:00:00,2026-05-05,5,PACK-LINE-01,18,night,Tuesday,626,2,10,10,87,3,117,3,13,117,0,509,added_packers_and_work_diverted,16,18932,218,13,0,1131,1131,17801,1.0,17801,1,17783.0,1
2026-05-05 06:00:00,2026-05-05,6,PACK-LINE-01,18,day,Tuesday,1474,0,18,18,79,0,70,0,18,70,0,1404,work_diverted,18,19205,244,18,0,1422,1422,17783,1.0,17783,1,17229.0,1
2026-05-05 07:00:00,2026-05-05,7,PACK-LINE-01,18,day,Tuesday,947,2,18,17,82,3,243,0,17,189,0,758,work_diverted,16,18541,227,16,1,1312,1312,17229,1.0,17229,1,16756.0,1
2026-05-05 08:00:00,2026-05-05,8,PACK-LINE-01,18,day,Tuesday,1083,0,18,18,82,3,80,0,18,80,0,1003,work_diverted,18,18232,223,18,0,1476,1476,16756,1.0,16756,1,16951.0,1
2026-05-05 09:00:00,2026-05-05,9,PACK-LINE-01,18,day,Tuesday,1595,0,18,15,87,1,8,1,16,8,0,1587,added_packers_and_work_diverted,18,18343,211,16,0,1392,1392,16951,1.0,16951,1,16717.0,1
2026-05-05 10:00:00,2026-05-05,10,PACK-LINE-01,18,day,Tuesday,1409,0,18,16,90,5,23,2,18,23,0,1386,added_packers_and_work_diverted,18,18337,204,18,0,1620,1620,16717,1.0,16717,1,16834.0,1
2026-05-05 11:00:00,2026-05-05,11,PACK-LINE-01,18,day,Tuesday,1878,1,18,17,84,3,333,0,17,333,0,1545,work_diverted,17,18262,218,17,0,1428,1428,16834,1.0,16834,1,16810.0,1
2026-05-05 12:00:00,2026-05-05,12,PACK-LINE-01,18,day,Tuesday,1590,2,18,15,81,1,320,1,16,318,0,1272,added_packers_and_work_diverted,16,18106,224,16,0,1296,1296,16810,1.0,16810,1,16188.0,1
2026-05-05 13:00:00,2026-05-05,13,PACK-LINE-01,18,day,Tuesday,1118,0,18,17,93,2,66,1,18,66,0,1052,added_packers_and_work_diverted,18,17862,193,18,0,1674,1674,16188,1.0,16188,1,16132.0,1
2026-05-05 14:00:00,2026-05-05,14,PACK-LINE-01,18,swing,Tuesday,1533,0,16,16,82,1,195,1,17,195,0,1338,added_packers_and_work_diverted,18,17526,214,17,0,1394,1394,16132,1.0,16132,1,15705.0,1
2026-05-05 15:00:00,2026-05-05,15,PACK-LINE-01,18,swing,Tuesday,1059,3,16,14,85,1,267,1,15,211,0,848,added_packers_and_work_diverted,15,16980,200,15,0,1275,1275,15705,1.0,15705,1,15809.0,1
2026-05-05 16:00:00,2026-05-05,16,PACK-LINE-01,18,swing,Tuesday,1740,0,16,15,86,4,88,3,18,88,0,1652,added_packers_and_work_diverted,18,17357,202,18,0,1548,1548,15809,1.0,15809,1,16272.0,1
2026-05-05 17:00:00,2026-05-05,17,PACK-LINE-01,18,swing,Tuesday,1878,3,16,16,94,2,5,0,16,5,0,1873,work_diverted,15,17682,189,15,1,1410,1410,16272,1.0,16272,1,15896.0,1
2026-05-05 18:00:00,2026-05-05,18,PACK-LINE-01,18,swing,Tuesday,1048,3,16,13,81,3,233,2,15,209,0,839,added_packers_and_work_diverted,15,17111,212,15,0,1215,1215,15896,1.0,15896,1,15273.0,1
2026-05-05 19:00:00,2026-05-05,19,PACK-LINE-01,18,swing,Tuesday,975,1,16,15,88,4,102,2,17,102,0,873,added_packers_and_work_diverted,17,16769,191,17,0,1496,1496,15273,1.0,15273,1,15076.0,1
2026-05-05 20:00:00,2026-05-05,20,PACK-LINE-01,18,swing,Tuesday,1419,1,16,16,85,2,171,1,17,171,0,1248,added_packers_and_work_diverted,17,16521,195,17,0,1445,1445,15076,1.0,15076,1,14562.0,1
2026-05-05 21:00:00,2026-05-05,21,PACK-LINE-01,18,swing,Tuesday,1276,1,16,15,91,2,243,2,17,243,0,1033,added_packers_and_work_diverted,17,16109,178,17,0,1547,1547,14562,1.0,14562,1,14657.0,1
2026-05-05 22:00:00,2026-05-05,22,PACK-LINE-01,18,night,Tuesday,1027,0,10,8,93,1,95,1,9,95,0,932,added_packers_and_work_diverted,18,15494,167,9,0,837,837,14657,1.0,14657,1,14790.0,1
2026-05-05 23:00:00,2026-05-05,23,PACK-LINE-01,18,night,Tuesday,941,0,10,8,84,1,52,1,9,52,0,889,added_packers_and_work_diverted,18,15546,186,9,0,756,756,14790,1.0,14790,1,14805.0,1
2026-05-06 00:00:00,2026-05-06,0,PACK-LINE-01,18,night,Wednesday,714,0,10,7,85,1,19,1,8,19,0,695,added_packers_and_work_diverted,18,15485,183,8,0,680,680,14805,1.0,14805,1,14648.0,1
2026-05-06 01:00:00,2026-05-06,1,PACK-LINE-01,18,night,Wednesday,1282,0,10,8,91,5,335,5,13,256,0,1026,added_packers_and_work_diverted,18,15831,174,13,0,1183,1183,14648,1.0,14648,1,14252.0,1
2026-05-06 02:00:00,2026-05-06,2,PACK-LINE-01,18,night,Wednesday,740,4,10,8,76,5,155,5,13,148,0,592,added_packers_and_work_diverted,14,15240,201,13,0,988,988,14252,1.0,14252,1,14293.0,1
2026-05-06 03:00:00,2026-05-06,3,PACK-LINE-01,18,night,Wednesday,1025,2,10,9,84,2,60,2,11,60,0,965,added_packers_and_work_diverted,16,15217,182,11,0,924,924,14293,1.0,14293,1,14776.0,1
2026-05-06 04:00:00,2026-05-06,4,PACK-LINE-01,18,night,Wednesday,1373,0,10,7,80,1,250,1,8,250,0,1123,added_packers_and_work_diverted,18,15416,193,8,0,640,640,14776,1.0,14776,1,14556.0,1
2026-05-06 05:00:00,2026-05-06,5,PACK-LINE-01,18,night,Wednesday,864,0,10,8,76,4,281,4,12,172,0,692,added_packers_and_work_diverted,18,15468,204,12,0,912,912,14556,1.0,14556,1,14845.0,1
2026-05-06 06:00:00,2026-05-06,6,PACK-LINE-01,18,day,Wednesday,1938,0,18,17,86,4,101,1,18,101,0,1837,added_packers_and_work_diverted,18,16393,191,18,0,1548,1548,14845,1.0,14845,1,15317.0,1
2026-05-06 07:00:00,2026-05-06,7,PACK-LINE-01,18,day,Wednesday,1936,0,18,15,81,2,87,2,17,87,0,1849,added_packers_and_work_diverted,18,16694,207,17,0,1377,1377,15317,1.0,15317,1,14988.0,1
2026-05-06 08:00:00,2026-05-06,8,PACK-LINE-01,18,day,Wednesday,1163,3,18,18,84,2,280,0,18,232,0,931,work_diverted,15,16248,194,15,3,1260,1260,14988,1.0,14988,1,15166.0,1
2026-05-06 09:00:00,2026-05-06,9,PACK-LINE-01,18,day,Wednesday,1704,3,18,18,90,0,176,0,18,176,0,1528,work_diverted,15,16516,184,15,3,1350,1350,15166,1.0,15166,1,15305.0,1
2026-05-06 10:00:00,2026-05-06,10,PACK-LINE-01,18,day,Wednesday,1759,0,18,18,81,5,162,0,18,162,0,1597,work_diverted,18,16763,207,18,0,1458,1458,15305,1.0,15305,1,15175.0,1
2026-05-06 11:00:00,2026-05-06,11,PACK-LINE-01,18,day,Wednesday,1385,0,18,15,80,3,75,3,18,75,0,1310,added_packers_and_work_diverted,18,16615,208,18,0,1440,1440,15175,1.0,15175,1,15545.0,1
2026-05-06 12:00:00,2026-05-06,12,PACK-LINE-01,18,day,Wednesday,1866,2,18,18,83,1,168,0,18,168,0,1698,work_diverted,16,16873,204,16,2,1328,1328,15545,1.0,15545,1,15852.0,1
2026-05-06 13:00:00,2026-05-06,13,PACK-LINE-01,18,day,Wednesday,1767,0,18,16,84,1,32,1,17,32,0,1735,added_packers_and_work_diverted,18,17280,206,17,0,1428,1428,15852,1.0,15852,1,15592.0,1
2026-05-06 14:00:00,2026-05-06,14,PACK-LINE-01,18,swing,Wednesday,1449,0,16,14,87,3,230,3,17,230,0,1219,added_packers_and_work_diverted,18,17071,197,17,0,1479,1479,15592,1.0,15592,1,15218.0,1
2026-05-06 15:00:00,2026-05-06,15,PACK-LINE-01,18,swing,Wednesday,1444,1,16,14,90,4,324,3,17,288,0,1156,added_packers_and_work_diverted,17,16748,187,17,0,1530,1530,15218,1.0,15218,1,16192.0,1
2026-05-06 16:00:00,2026-05-06,16,PACK-LINE-01,18,swing,Wednesday,2080,4,16,14,78,3,14,0,14,14,0,2066,work_diverted,14,17284,222,14,0,1092,1092,16192,1.0,16192,1,16247.0,1
2026-05-06 17:00:00,2026-05-06,17,PACK-LINE-01,18,swing,Wednesday,1390,4,16,16,86,2,131,0,16,131,0,1259,work_diverted,14,17451,203,14,2,1204,1204,16247,1.0,16247,1,16307.0,1
2026-05-06 18:00:00,2026-05-06,18,PACK-LINE-01,18,swing,Wednesday,1305,4,16,14,85,5,55,0,14,55,0,1250,work_diverted,14,17497,206,14,0,1190,1190,16307,1.0,16307,1,16304.0,1
2026-05-06 19:00:00,2026-05-06,19,PACK-LINE-01,18,swing,Wednesday,1540,4,16,13,89,4,297,1,14,297,0,1243,added_packers_and_work_diverted,14,17550,198,14,0,1246,1246,16304,1.0,16304,1,15899.0,1
2026-05-06 20:00:00,2026-05-06,20,PACK-LINE-01,18,swing,Wednesday,1037,0,16,16,77,2,56,2,18,56,0,981,added_packers_and_work_diverted,18,17285,225,18,0,1386,1386,15899,1.0,15899,1,15525.0,1
2026-05-06 21:00:00,2026-05-06,21,PACK-LINE-01,18,swing,Wednesday,1164,1,16,15,82,1,226,1,16,226,0,938,added_packers_and_work_diverted,17,16837,206,16,0,1312,1312,15525,1.0,15525,1,15214.0,1
2026-05-06 22:00:00,2026-05-06,22,PACK-LINE-01,18,night,Wednesday,788,4,10,8,83,5,20,5,13,20,0,768,added_packers_and_work_diverted,14,16293,197,13,0,1079,1079,15214,1.0,15214,1,15503.0,1
2026-05-06 23:00:00,2026-05-06,23,PACK-LINE-01,18,night,Wednesday,1191,2,10,7,83,1,329,1,8,238,0,953,added_packers_and_work_diverted,16,16167,195,8,0,664,664,15503,1.0,15503,1,15673.0,1
2026-05-07 00:00:00,2026-05-07,0,PACK-LINE-01,18,night,Thursday,1239,1,10,9,84,3,61,3,12,61,0,1178,added_packers_and_work_diverted,17,16681,199,12,0,1008,1008,15673,1.0,15673,1,15647.0,1
2026-05-07 01:00:00,2026-05-07,1,PACK-LINE-01,18,night,Thursday,890,1,10,7,82,2,244,2,9,178,0,712,added_packers_and_work_diverted,17,16385,200,9,0,738,738,15647,1.0,15647,1,15732.0,1
2026-05-07 02:00:00,2026-05-07,2,PACK-LINE-01,18,night,Thursday,944,1,10,8,84,2,19,2,10,19,0,925,added_packers_and_work_diverted,17,16572,198,10,0,840,840,15732,1.0,15732,1,15907.0,1
2026-05-07 03:00:00,2026-05-07,3,PACK-LINE-01,18,night,Thursday,1231,1,10,7,81,3,250,3,10,246,0,985,added_packers_and_work_diverted,17,16717,207,10,0,810,810,15907,1.0,15907,1,16172.0,1
2026-05-07 04:00:00,2026-05-07,4,PACK-LINE-01,18,night,Thursday,1212,2,10,9,79,2,78,2,11,78,0,1134,added_packers_and_work_diverted,16,17041,216,11,0,869,869,16172,1.0,16172,1,16263.0,1
2026-05-07 05:00:00,2026-05-07,5,PACK-LINE-01,18,night,Thursday,1328,2,10,7,83,5,241,5,12,241,0,1087,added_packers_and_work_diverted,16,17259,208,12,0,996,996,16263,1.0,16263,1,16123.0,1
2026-05-07 06:00:00,2026-05-07,6,PACK-LINE-01,18,day,Thursday,1378,3,18,18,83,0,273,0,18,273,0,1105,work_diverted,15,17368,210,15,3,1245,1245,16123,1.0,16123,1,16102.0,1
2026-05-07 07:00:00,2026-05-07,7,PACK-LINE-01,18,day,Thursday,1844,0,18,17,86,4,317,1,18,317,0,1527,added_packers_and_work_diverted,18,17650,206,18,0,1548,1548,16102,1.0,16102,1,16905.0,1
2026-05-07 08:00:00,2026-05-07,8,PACK-LINE-01,18,day,Thursday,1946,4,18,15,77,5,65,0,15,65,0,1881,work_diverted,14,17983,234,14,1,1078,1078,16905,1.0,16905,1,16549.0,1
2026-05-07 09:00:00,2026-05-07,9,PACK-LINE-01,18,day,Thursday,1461,0,18,18,88,4,233,0,18,233,0,1228,work_diverted,18,18133,207,18,0,1584,1584,16549,1.0,16549,1,16840.0,1
2026-05-07 10:00:00,2026-05-07,10,PACK-LINE-01,18,day,Thursday,1677,4,18,16,83,4,224,0,16,224,0,1453,work_diverted,14,18002,217,14,2,1162,1162,16840,1.0,16840,1,16869.0,1
2026-05-07 11:00:00,2026-05-07,11,PACK-LINE-01,18,day,Thursday,1662,0,18,16,76,2,265,2,18,265,0,1397,added_packers_and_work_diverted,18,18237,240,18,0,1368,1368,16869,1.0,16869,1,17057.0,1
2026-05-07 12:00:00,2026-05-07,12,PACK-LINE-01,18,day,Thursday,1572,3,18,17,81,1,169,0,17,169,0,1403,work_diverted,15,18272,226,15,2,1215,1215,17057,1.0,17057,1,16947.0,1
2026-05-07 13:00:00,2026-05-07,13,PACK-LINE-01,18,day,Thursday,1503,0,18,18,78,3,209,0,18,209,0,1294,work_diverted,18,18351,236,18,0,1404,1404,16947,1.0,16947,1,16640.0,1
2026-05-07 14:00:00,2026-05-07,14,PACK-LINE-01,18,swing,Thursday,1143,1,16,14,84,4,22,3,17,22,0,1121,added_packers_and_work_diverted,17,18068,216,17,0,1428,1428,16640,1.0,16640,1,16416.0,1
2026-05-07 15:00:00,2026-05-07,15,PACK-LINE-01,18,swing,Thursday,1667,0,16,16,88,2,307,2,18,307,0,1360,added_packers_and_work_diverted,18,18000,205,18,0,1584,1584,16416,1.0,16416,1,16432.0,1
2026-05-07 16:00:00,2026-05-07,16,PACK-LINE-01,18,swing,Thursday,1489,4,16,16,84,3,342,0,16,297,0,1192,work_diverted,14,17608,210,14,2,1176,1176,16432,1.0,16432,1,16240.0,1
2026-05-07 17:00:00,2026-05-07,17,PACK-LINE-01,18,swing,Thursday,1454,0,16,16,87,5,80,2,18,80,0,1374,added_packers_and_work_diverted,18,17806,205,18,0,1566,1566,16240,1.0,16240,1,16365.0,1
2026-05-07 18:00:00,2026-05-07,18,PACK-LINE-01,18,swing,Thursday,1317,0,16,13,81,0,139,0,13,139,0,1178,work_diverted,18,17418,216,13,0,1053,1053,16365,1.0,16365,1,16311.0,1
2026-05-07 19:00:00,2026-05-07,19,PACK-LINE-01,18,swing,Thursday,1304,1,16,14,83,0,196,0,14,196,0,1108,work_diverted,17,17473,211,14,0,1162,1162,16311,1.0,16311,1,16069.0,1
2026-05-07 20:00:00,2026-05-07,20,PACK-LINE-01,18,swing,Thursday,1252,0,16,15,85,2,49,2,17,49,0,1203,added_packers_and_work_diverted,18,17514,207,17,0,1445,1445,16069,1.0,16069,1,16313.0,1
2026-05-07 21:00:00,2026-05-07,21,PACK-LINE-01,18,swing,Thursday,1540,0,16,15,83,0,51,0,15,51,0,1489,work_diverted,18,17558,212,15,0,1245,1245,16313,1.0,16313,1,16990.0,1
2026-05-07 22:00:00,2026-05-07,22,PACK-LINE-01,18,night,Thursday,1467,1,10,7,90,1,70,1,8,70,0,1397,added_packers_and_work_diverted,17,17710,197,8,0,720,720,16990,1.0,16990,1,17203.0,1
2026-05-07 23:00:00,2026-05-07,23,PACK-LINE-01,18,night,Thursday,1096,1,10,9,78,0,181,0,9,181,0,915,work_diverted,17,17905,230,9,0,702,702,17203,1.0,17203,1,17287.0,1
2026-05-08 00:00:00,2026-05-08,0,PACK-LINE-01,18,night,Friday,1203,1,10,9,77,4,118,4,13,118,0,1085,added_packers_and_work_diverted,17,18288,238,13,0,1001,1001,17287,1.0,17287,1,17130.0,1
2026-05-08 01:00:00,2026-05-08,1,PACK-LINE-01,18,night,Friday,958,4,10,9,84,2,206,2,11,191,0,767,added_packers_and_work_diverted,14,18054,215,11,0,924,924,17130,1.0,17130,1,17073.0,1
2026-05-08 02:00:00,2026-05-08,2,PACK-LINE-01,18,night,Friday,920,1,10,9,81,2,86,2,11,86,0,834,added_packers_and_work_diverted,17,17964,222,11,0,891,891,17073,1.0,17073,1,17149.0,1
2026-05-08 03:00:00,2026-05-08,3,PACK-LINE-01,18,night,Friday,1304,0,10,7,88,4,264,4,11,260,0,1044,added_packers_and_work_diverted,18,18117,206,11,0,968,968,17149,1.0,17149,1,17177.0,1
2026-05-08 04:00:00,2026-05-08,4,PACK-LINE-01,18,night,Friday,1218,4,10,10,83,3,111,3,13,111,0,1107,added_packers_and_work_diverted,14,18256,220,13,0,1079,1079,17177,1.0,17177,1,17249.0,1
2026-05-08 05:00:00,2026-05-08,5,PACK-LINE-01,18,night,Friday,940,2,10,9,88,0,76,0,9,76,0,864,work_diverted,16,18041,206,9,0,792,792,17249,1.0,17249,1,16769.0,1
2026-05-08 06:00:00,2026-05-08,6,PACK-LINE-01,18,day,Friday,1267,0,18,15,83,3,266,3,18,253,0,1014,added_packers_and_work_diverted,18,18263,221,18,0,1494,1494,16769,1.0,16769,1,17498.0,1
2026-05-08 07:00:00,2026-05-08,7,PACK-LINE-01,18,day,Friday,2380,0,18,15,83,5,157,3,18,157,0,2223,added_packers_and_work_diverted,18,18992,229,18,0,1494,1494,17498,1.0,17498,1,17039.0,1
2026-05-08 08:00:00,2026-05-08,8,PACK-LINE-01,18,day,Friday,1349,0,18,17,86,2,260,1,18,260,0,1089,added_packers_and_work_diverted,18,18587,217,18,0,1548,1548,17039,1.0,17039,1,17225.0,1
2026-05-08 09:00:00,2026-05-08,9,PACK-LINE-01,18,day,Friday,1569,0,18,15,88,0,63,0,15,63,0,1506,work_diverted,18,18545,211,15,0,1320,1320,17225,1.0,17225,1,18370.0,1
2026-05-08 10:00:00,2026-05-08,10,PACK-LINE-01,18,day,Friday,2392,4,18,16,85,2,57,0,16,57,0,2335,work_diverted,14,19560,231,14,2,1190,1190,18370,1.0,18370,1,19354.0,1
2026-05-08 11:00:00,2026-05-08,11,PACK-LINE-01,18,day,Friday,2585,2,18,16,87,2,209,0,16,209,0,2376,work_diverted,16,20746,239,16,0,1392,1392,19354,1.0,19354,1,20250.0,1
2026-05-08 12:00:00,2026-05-08,12,PACK-LINE-01,18,day,Friday,2249,3,18,16,81,0,138,0,16,138,0,2111,work_diverted,15,21465,265,15,1,1215,1215,20250,1.0,20250,1,19931.0,1
2026-05-08 13:00:00,2026-05-08,13,PACK-LINE-01,18,day,Friday,1245,0,18,15,85,3,34,3,18,34,0,1211,added_packers_and_work_diverted,18,21461,253,18,0,1530,1530,19931,1.0,19931,1,20527.0,1
2026-05-08 14:00:00,2026-05-08,14,PACK-LINE-01,18,swing,Friday,2063,1,16,14,85,0,277,0,14,277,0,1786,work_diverted,17,21717,256,14,0,1190,1190,20527,1.0,20527,1,21763.0,1
2026-05-08 15:00:00,2026-05-08,15,PACK-LINE-01,18,swing,Friday,2572,4,16,13,80,5,216,1,14,216,0,2356,added_packers_and_work_diverted,14,22883,287,14,0,1120,1120,21763,1.0,21763,1,22717.0,1
2026-05-08 16:00:00,2026-05-08,16,PACK-LINE-01,18,swing,Friday,2377,1,16,14,88,0,191,0,14,191,0,2186,work_diverted,17,23949,273,14,0,1232,1232,22717,1.0,22717,1,22448.0,1
2026-05-08 17:00:00,2026-05-08,17,PACK-LINE-01,18,swing,Friday,1512,0,16,13,87,4,318,4,17,302,0,1210,added_packers_and_work_diverted,18,23927,276,17,0,1479,1479,22448,1.0,22448,1,22164.0,1
2026-05-08 18:00:00,2026-05-08,18,PACK-LINE-01,18,swing,Friday,1343,1,16,16,84,1,199,1,17,199,0,1144,added_packers_and_work_diverted,17,23592,281,17,0,1428,1428,22164,1.0,22164,1,22751.0,1
2026-05-08 19:00:00,2026-05-08,19,PACK-LINE-01,18,swing,Friday,1878,1,16,13,83,0,212,0,13,212,0,1666,work_diverted,17,23830,288,13,0,1079,1079,22751,1.0,22751,1,23125.0,1
2026-05-08 20:00:00,2026-05-08,20,PACK-LINE-01,18,swing,Friday,1781,1,16,14,79,5,64,3,17,64,0,1717,added_packers_and_work_diverted,17,24468,310,17,0,1343,1343,23125,1.0,23125,1,23741.0,1
2026-05-08 21:00:00,2026-05-08,21,PACK-LINE-01,18,swing,Friday,1822,4,16,13,82,3,58,1,14,58,0,1764,added_packers_and_work_diverted,14,24889,304,14,0,1148,1148,23741,1.0,23741,1,24347.0,1
2026-05-08 22:00:00,2026-05-08,22,PACK-LINE-01,18,night,Friday,1411,3,10,7,81,2,76,2,9,76,0,1335,added_packers_and_work_diverted,15,25076,310,9,0,729,729,24347,1.0,24347,1,24556.0,1
2026-05-08 23:00:00,2026-05-08,23,PACK-LINE-01,18,night,Friday,1236,0,10,10,79,3,0,3,13,0,0,1236,added_packers,18,25583,324,13,0,1027,1027,24556,1.0,24556,1,24189.0,1
2026-05-09 00:00:00,2026-05-09,0,PACK-LINE-01,18,night,Saturday,762,2,10,8,86,5,11,5,13,11,0,751,added_packers_and_work_diverted,16,25307,295,13,0,1118,1118,24189,1.0,24189,1,24505.0,1
2026-05-09 01:00:00,2026-05-09,1,PACK-LINE-01,18,night,Saturday,1080,0,10,10,74,0,24,0,10,24,0,1056,work_diverted,18,25245,342,10,0,740,740,24505,1.0,24505,1,24458.0,1
2026-05-09 02:00:00,2026-05-09,2,PACK-LINE-01,18,night,Saturday,897,3,10,7,85,2,300,2,9,179,0,718,added_packers_and_work_diverted,15,25223,297,9,0,765,765,24458,1.0,24458,1,24456.0,1
2026-05-09 03:00:00,2026-05-09,3,PACK-LINE-01,18,night,Saturday,1013,3,10,8,81,4,43,4,12,43,0,970,added_packers_and_work_diverted,15,25428,314,12,0,972,972,24456,1.0,24456,1,24444.0,1
2026-05-09 04:00:00,2026-05-09,4,PACK-LINE-01,18,night,Saturday,882,1,10,8,85,1,129,1,9,129,0,753,added_packers_and_work_diverted,17,25209,297,9,0,765,765,24444,1.0,24444,1,24017.0,1
2026-05-09 05:00:00,2026-05-09,5,PACK-LINE-01,18,night,Saturday,648,0,10,8,86,3,245,3,11,129,0,519,added_packers_and_work_diverted,18,24963,291,11,0,946,946,24017,1.0,24017,1,23931.0,1
2026-05-09 06:00:00,2026-05-09,6,PACK-LINE-01,18,day,Saturday,1537,1,18,15,83,4,212,2,17,212,0,1325,added_packers_and_work_diverted,17,25342,306,17,0,1411,1411,23931,1.0,23931,1,23834.0,1
2026-05-09 07:00:00,2026-05-09,7,PACK-LINE-01,18,day,Saturday,1491,3,18,15,86,2,323,0,15,298,0,1193,work_diverted,15,25124,293,15,0,1290,1290,23834,1.0,23834,1,23136.0,1
2026-05-09 08:00:00,2026-05-09,8,PACK-LINE-01,18,day,Saturday,995,0,18,18,85,2,163,0,18,163,0,832,work_diverted,18,24666,291,18,0,1530,1530,23136,1.0,23136,1,22991.0,1
2026-05-09 09:00:00,2026-05-09,9,PACK-LINE-01,18,day,Saturday,1663,0,18,17,82,3,343,1,18,332,0,1331,added_packers_and_work_diverted,18,24467,299,18,0,1476,1476,22991,1.0,22991,1,23286.0,1
2026-05-09 10:00:00,2026-05-09,10,PACK-LINE-01,18,day,Saturday,1741,0,18,16,80,4,6,2,18,6,0,1735,added_packers_and_work_diverted,18,24726,310,18,0,1440,1440,23286,1.0,23286,1,23287.0,1
2026-05-09 11:00:00,2026-05-09,11,PACK-LINE-01,18,day,Saturday,1501,1,18,15,80,0,342,0,15,300,0,1201,work_diverted,17,24487,307,15,0,1200,1200,23287,1.0,23287,1,23375.0,1
2026-05-09 12:00:00,2026-05-09,12,PACK-LINE-01,18,day,Saturday,1366,2,18,17,74,1,94,0,17,94,0,1272,work_diverted,16,24559,332,16,1,1184,1184,23375,1.0,23375,1,23114.0,1
2026-05-09 13:00:00,2026-05-09,13,PACK-LINE-01,18,day,Saturday,1416,1,18,16,82,1,307,1,17,283,0,1133,added_packers_and_work_diverted,17,24508,299,17,0,1394,1394,23114,1.0,23114,1,22483.0,1
2026-05-09 14:00:00,2026-05-09,14,PACK-LINE-01,18,swing,Saturday,1123,0,16,15,85,3,258,3,18,224,0,899,added_packers_and_work_diverted,18,24013,283,18,0,1530,1530,22483,1.0,22483,1,22879.0,1
2026-05-09 15:00:00,2026-05-09,15,PACK-LINE-01,18,swing,Saturday,2032,0,16,13,81,5,178,5,18,178,0,1854,added_packers_and_work_diverted,18,24337,301,18,0,1458,1458,22879,1.0,22879,1,23516.0,1
2026-05-09 16:00:00,2026-05-09,16,PACK-LINE-01,18,swing,Saturday,1956,4,16,16,84,0,143,0,16,143,0,1813,work_diverted,14,24692,294,14,2,1176,1176,23516,1.0,23516,1,24175.0,1
2026-05-09 17:00:00,2026-05-09,17,PACK-LINE-01,18,swing,Saturday,2251,3,16,13,90,5,242,2,15,242,0,2009,added_packers_and_work_diverted,15,25525,284,15,0,1350,1350,24175,1.0,24175,1,23557.0,1
2026-05-09 18:00:00,2026-05-09,18,PACK-LINE-01,18,swing,Saturday,1185,0,16,15,87,4,278,3,18,237,0,948,added_packers_and_work_diverted,18,25123,289,18,0,1566,1566,23557,1.0,23557,1,23826.0,1
2026-05-09 19:00:00,2026-05-09,19,PACK-LINE-01,18,swing,Saturday,1595,2,16,14,78,5,78,2,16,78,0,1517,added_packers_and_work_diverted,16,25074,322,16,0,1248,1248,23826,1.0,23826,1,23404.0,1
2026-05-09 20:00:00,2026-05-09,20,PACK-LINE-01,18,swing,Saturday,1172,0,16,15,80,2,274,2,17,234,0,938,added_packers_and_work_diverted,18,24764,310,17,0,1360,1360,23404,1.0,23404,1,23467.0,1
2026-05-09 21:00:00,2026-05-09,21,PACK-LINE-01,18,swing,Saturday,1632,1,16,13,76,4,277,4,17,277,0,1355,added_packers_and_work_diverted,17,24759,326,17,0,1292,1292,23467,1.0,23467,1,23211.0,1
2026-05-09 22:00:00,2026-05-09,22,PACK-LINE-01,18,night,Saturday,647,1,10,8,86,1,244,1,9,129,0,518,added_packers_and_work_diverted,17,23985,279,9,0,774,774,23211,1.0,23211,1,22611.0,1
2026-05-09 23:00:00,2026-05-09,23,PACK-LINE-01,18,night,Saturday,849,4,10,9,97,5,91,5,14,91,0,758,added_packers_and_work_diverted,14,23969,248,14,0,1358,1358,22611,1.0,22611,1,22863.0,1
2026-05-10 00:00:00,2026-05-10,0,PACK-LINE-01,18,night,Sunday,910,0,10,7,80,0,98,0,7,98,0,812,work_diverted,18,23423,293,7,0,560,560,22863,1.0,22863,1,22392.0,1
2026-05-10 01:00:00,2026-05-10,1,PACK-LINE-01,18,night,Sunday,759,0,10,8,83,5,185,5,13,151,0,608,added_packers_and_work_diverted,18,23471,283,13,0,1079,1079,22392,1.0,22392,1,22042.0,1
2026-05-10 02:00:00,2026-05-10,2,PACK-LINE-01,18,night,Sunday,804,1,10,10,82,3,88,3,13,88,0,716,added_packers_and_work_diverted,17,23108,282,13,0,1066,1066,22042,1.0,22042,1,21454.0,1
2026-05-10 03:00:00,2026-05-10,3,PACK-LINE-01,18,night,Sunday,748,0,10,10,82,5,106,5,15,106,0,642,added_packers_and_work_diverted,18,22684,277,15,0,1230,1230,21454,1.0,21454,1,22029.0,1
2026-05-10 04:00:00,2026-05-10,4,PACK-LINE-01,18,night,Sunday,1321,0,10,8,82,0,90,0,8,90,0,1231,work_diverted,18,22685,277,8,0,656,656,22029,1.0,22029,1,21953.0,1
2026-05-10 05:00:00,2026-05-10,5,PACK-LINE-01,18,night,Sunday,1025,3,10,10,91,1,100,1,11,100,0,925,added_packers_and_work_diverted,15,22954,253,11,0,1001,1001,21953,1.0,21953,1,21456.0,1
2026-05-10 06:00:00,2026-05-10,6,PACK-LINE-01,18,day,Sunday,1201,0,18,16,81,4,262,2,18,240,0,961,added_packers_and_work_diverted,18,22914,283,18,0,1458,1458,21456,1.0,21456,1,21238.0,1
2026-05-10 07:00:00,2026-05-10,7,PACK-LINE-01,18,day,Sunday,1236,0,18,15,88,1,46,1,16,46,0,1190,added_packers_and_work_diverted,18,22646,258,16,0,1408,1408,21238,1.0,21238,1,21061.0,1
2026-05-10 08:00:00,2026-05-10,8,PACK-LINE-01,18,day,Sunday,1635,0,18,17,91,4,174,1,18,174,0,1461,added_packers_and_work_diverted,18,22699,250,18,0,1638,1638,21061,1.0,21061,1,21040.0,1
2026-05-10 09:00:00,2026-05-10,9,PACK-LINE-01,18,day,Sunday,1335,4,18,17,89,5,110,0,17,110,0,1225,work_diverted,14,22286,251,14,3,1246,1246,21040,1.0,21040,1,21591.0,1
2026-05-10 10:00:00,2026-05-10,10,PACK-LINE-01,18,day,Sunday,2067,0,18,18,84,3,4,0,18,4,0,2063,work_diverted,18,23103,276,18,0,1512,1512,21591,1.0,21591,1,22373.0,1
2026-05-10 11:00:00,2026-05-10,11,PACK-LINE-01,18,day,Sunday,2321,0,18,17,83,5,45,1,18,45,0,2276,added_packers_and_work_diverted,18,23867,288,18,0,1494,1494,22373,1.0,22373,1,22640.0,1
2026-05-10 12:00:00,2026-05-10,12,PACK-LINE-01,18,day,Sunday,1856,2,18,16,84,4,245,0,16,245,0,1611,work_diverted,16,23984,286,16,0,1344,1344,22640,1.0,22640,1,22738.0,1
2026-05-10 13:00:00,2026-05-10,13,PACK-LINE-01,18,day,Sunday,1701,0,18,15,81,1,307,1,16,307,0,1394,added_packers_and_work_diverted,18,24034,297,16,0,1296,1296,22738,1.0,22738,1,22563.0,1
2026-05-10 14:00:00,2026-05-10,14,PACK-LINE-01,18,swing,Sunday,1271,1,16,16,84,0,102,0,16,102,0,1169,work_diverted,17,23907,285,16,0,1344,1344,22563,1.0,22563,1,23178.0,1
2026-05-10 15:00:00,2026-05-10,15,PACK-LINE-01,18,swing,Sunday,2167,2,16,16,97,2,0,0,16,0,0,2167,none,16,24730,255,16,0,1552,1552,23178,1.0,23178,1,23310.0,1
2026-05-10 16:00:00,2026-05-10,16,PACK-LINE-01,18,swing,Sunday,1626,3,16,13,91,1,220,1,14,220,0,1406,added_packers_and_work_diverted,15,24584,271,14,0,1274,1274,23310,1.0,23310,1,22967.0,1
2026-05-10 17:00:00,2026-05-10,17,PACK-LINE-01,18,swing,Sunday,1393,0,16,16,81,5,329,2,18,278,0,1115,added_packers_and_work_diverted,18,24425,302,18,0,1458,1458,22967,1.0,22967,1,22789.0,1
2026-05-10 18:00:00,2026-05-10,18,PACK-LINE-01,18,swing,Sunday,1489,0,16,16,80,3,227,2,18,227,0,1262,added_packers_and_work_diverted,18,24229,303,18,0,1440,1440,22789,1.0,22789,1,23127.0,1
2026-05-10 19:00:00,2026-05-10,19,PACK-LINE-01,18,swing,Sunday,1812,0,16,13,82,3,162,3,16,162,0,1650,added_packers_and_work_diverted,18,24439,299,16,0,1312,1312,23127,1.0,23127,1,23122.0,1
2026-05-10 20:00:00,2026-05-10,20,PACK-LINE-01,18,swing,Sunday,1662,1,16,16,81,2,290,1,17,290,0,1372,added_packers_and_work_diverted,17,24499,303,17,0,1377,1377,23122,1.0,23122,1,23537.0,1
2026-05-10 21:00:00,2026-05-10,21,PACK-LINE-01,18,swing,Sunday,1693,1,16,13,83,1,116,1,14,116,0,1577,added_packers_and_work_diverted,17,24699,298,14,0,1162,1162,23537,1.0,23537,1,23495.0,1
2026-05-10 22:00:00,2026-05-10,22,PACK-LINE-01,18,night,Sunday,695,0,10,7,78,2,35,2,9,35,0,660,added_packers_and_work_diverted,18,24197,311,9,0,702,702,23495,1.0,23495,1,22998.0,1
2026-05-10 23:00:00,2026-05-10,23,PACK-LINE-01,18,night,Sunday,688,3,10,10,88,2,129,2,12,129,0,559,added_packers_and_work_diverted,15,24054,274,12,0,1056,1056,22998,1.0,22998,1,22624.0,1
2026-05-11 00:00:00,2026-05-11,0,PACK-LINE-01,18,night,Monday,742,1,10,9,88,2,279,2,11,148,0,594,added_packers_and_work_diverted,17,23592,269,11,0,968,968,22624,1.0,22624,1,22268.0,1
2026-05-11 01:00:00,2026-05-11,1,PACK-LINE-01,18,night,Monday,592,1,10,8,83,2,230,2,10,118,0,474,added_packers_and_work_diverted,17,23098,279,10,0,830,830,22268,1.0,22268,1,22389.0,1
2026-05-11 02:00:00,2026-05-11,2,PACK-LINE-01,18,night,Monday,894,0,10,9,75,1,23,1,10,23,0,871,added_packers_and_work_diverted,18,23139,309,10,0,750,750,22389,1.0,22389,1,22451.0,1
2026-05-11 03:00:00,2026-05-11,3,PACK-LINE-01,18,night,Monday,740,1,10,7,91,0,41,0,7,41,0,699,work_diverted,17,23088,254,7,0,637,637,22451,1.0,22451,1,22088.0,1
2026-05-11 04:00:00,2026-05-11,4,PACK-LINE-01,18,night,Monday,895,1,10,9,83,4,186,4,13,179,0,716,added_packers_and_work_diverted,17,23167,280,13,0,1079,1079,22088,1.0,22088,1,21641.0,1
2026-05-11 05:00:00,2026-05-11,5,PACK-LINE-01,18,night,Monday,692,3,10,7,91,4,305,4,11,138,0,554,added_packers_and_work_diverted,15,22642,249,11,0,1001,1001,21641,1.0,21641,1,21300.0,1
2026-05-11 06:00:00,2026-05-11,6,PACK-LINE-01,18,day,Monday,976,2,18,17,81,0,21,0,17,21,0,955,work_diverted,16,22596,279,16,1,1296,1296,21300,1.0,21300,1,20523.0,1
2026-05-11 07:00:00,2026-05-11,7,PACK-LINE-01,18,day,Monday,914,0,18,15,93,3,17,3,18,17,0,897,added_packers_and_work_diverted,18,22197,239,18,0,1674,1674,20523,1.0,20523,1,20568.0,1
2026-05-11 08:00:00,2026-05-11,8,PACK-LINE-01,18,day,Monday,1584,0,18,15,82,3,63,3,18,63,0,1521,added_packers_and_work_diverted,18,22044,269,18,0,1476,1476,20568,1.0,20568,1,19989.0,1
2026-05-11 09:00:00,2026-05-11,9,PACK-LINE-01,18,day,Monday,1016,2,18,16,87,5,338,0,16,203,0,813,work_diverted,16,21381,246,16,0,1392,1392,19989,1.0,19989,1,20116.0,1
2026-05-11 10:00:00,2026-05-11,10,PACK-LINE-01,18,day,Monday,1420,3,18,16,77,3,138,0,16,138,0,1282,work_diverted,15,21271,277,15,1,1155,1155,20116,1.0,20116,1,19469.0,1
2026-05-11 11:00:00,2026-05-11,11,PACK-LINE-01,18,day,Monday,1030,0,18,18,87,4,111,0,18,111,0,919,work_diverted,18,21035,242,18,0,1566,1566,19469,1.0,19469,1,19175.0,1
2026-05-11 12:00:00,2026-05-11,12,PACK-LINE-01,18,day,Monday,1377,1,18,15,90,2,141,2,17,141,0,1236,added_packers_and_work_diverted,17,20705,231,17,0,1530,1530,19175,1.0,19175,1,19058.0,1
2026-05-11 13:00:00,2026-05-11,13,PACK-LINE-01,18,day,Monday,1497,0,18,18,83,4,120,0,18,120,0,1377,work_diverted,18,20552,248,18,0,1494,1494,19058,1.0,19058,1,18904.0,1
2026-05-11 14:00:00,2026-05-11,14,PACK-LINE-01,18,swing,Monday,1273,1,16,15,88,0,107,0,15,107,0,1166,work_diverted,17,20224,230,15,0,1320,1320,18904,1.0,18904,1,19087.0,1
2026-05-11 15:00:00,2026-05-11,15,PACK-LINE-01,18,swing,Monday,1732,0,16,14,82,4,73,4,18,73,0,1659,added_packers_and_work_diverted,18,20563,251,18,0,1476,1476,19087,1.0,19087,1,18880.0,1
2026-05-11 16:00:00,2026-05-11,16,PACK-LINE-01,18,swing,Monday,1183,2,16,16,78,3,142,0,16,142,0,1041,work_diverted,16,20128,259,16,0,1248,1248,18880,1.0,18880,1,18727.0,1
2026-05-11 17:00:00,2026-05-11,17,PACK-LINE-01,18,swing,Monday,1487,0,16,15,84,4,128,3,18,128,0,1359,added_packers_and_work_diverted,18,20239,241,18,0,1512,1512,18727,1.0,18727,1,18212.0,1
2026-05-11 18:00:00,2026-05-11,18,PACK-LINE-01,18,swing,Monday,1162,1,16,14,85,5,286,3,17,232,0,930,added_packers_and_work_diverted,17,19657,232,17,0,1445,1445,18212,1.0,18212,1,18057.0,1
2026-05-11 19:00:00,2026-05-11,19,PACK-LINE-01,18,swing,Monday,1321,0,16,14,90,1,126,1,15,126,0,1195,added_packers_and_work_diverted,18,19407,216,15,0,1350,1350,18057,1.0,18057,1,17681.0,1
2026-05-11 20:00:00,2026-05-11,20,PACK-LINE-01,18,swing,Monday,1187,0,16,13,78,4,323,4,17,237,0,950,added_packers_and_work_diverted,18,19007,244,17,0,1326,1326,17681,1.0,17681,1,17672.0,1
2026-05-11 21:00:00,2026-05-11,21,PACK-LINE-01,18,swing,Monday,1427,2,16,16,86,4,60,0,16,60,0,1367,work_diverted,16,19048,222,16,0,1376,1376,17672,1.0,17672,1,17155.0,1
2026-05-11 22:00:00,2026-05-11,22,PACK-LINE-01,18,night,Monday,623,2,10,9,78,5,48,5,14,48,0,575,added_packers_and_work_diverted,16,18247,234,14,0,1092,1092,17155,1.0,17155,1,17305.0,1
2026-05-11 23:00:00,2026-05-11,23,PACK-LINE-01,18,night,Monday,989,0,10,10,81,0,29,0,10,29,0,960,work_diverted,18,18115,224,10,0,810,810,17305,1.0,17305,1,17069.0,1
2026-05-12 00:00:00,2026-05-12,0,PACK-LINE-01,18,night,Tuesday,878,1,10,9,79,4,87,4,13,87,0,791,added_packers_and_work_diverted,17,18096,230,13,0,1027,1027,17069,1.0,17069,1,16848.0,1
2026-05-12 01:00:00,2026-05-12,1,PACK-LINE-01,18,night,Tuesday,827,3,10,9,84,2,124,2,11,124,0,703,added_packers_and_work_diverted,15,17772,212,11,0,924,924,16848,1.0,16848,1,16553.0,1
2026-05-12 02:00:00,2026-05-12,2,PACK-LINE-01,18,night,Tuesday,980,0,10,10,83,3,272,3,13,196,0,784,added_packers_and_work_diverted,18,17632,213,13,0,1079,1079,16553,1.0,16553,1,16615.0,1
2026-05-12 03:00:00,2026-05-12,3,PACK-LINE-01,18,night,Tuesday,650,4,10,7,84,0,0,0,7,0,0,650,none,14,17203,205,7,0,588,588,16615,1.0,16615,1,16263.0,1
2026-05-12 04:00:00,2026-05-12,4,PACK-LINE-01,18,night,Tuesday,609,3,10,8,84,2,317,2,10,121,0,488,added_packers_and_work_diverted,15,17103,204,10,0,840,840,16263,1.0,16263,1,15978.0,1
2026-05-12 05:00:00,2026-05-12,5,PACK-LINE-01,18,night,Tuesday,667,0,10,8,91,1,136,1,9,133,0,534,added_packers_and_work_diverted,18,16797,185,9,0,819,819,15978,1.0,15978,1,15848.0,1
2026-05-12 06:00:00,2026-05-12,6,PACK-LINE-01,18,day,Tuesday,1270,0,18,17,82,0,6,0,17,6,0,1264,work_diverted,18,17242,211,17,0,1394,1394,15848,1.0,15848,1,15315.0,1
2026-05-12 07:00:00,2026-05-12,7,PACK-LINE-01,18,day,Tuesday,931,2,18,17,85,4,104,0,17,104,0,827,work_diverted,16,16675,197,16,1,1360,1360,15315,1.0,15315,1,14611.0,1
2026-05-12 08:00:00,2026-05-12,8,PACK-LINE-01,18,day,Tuesday,1100,0,18,17,88,4,325,1,18,220,0,880,added_packers_and_work_diverted,18,16195,185,18,0,1584,1584,14611,1.0,14611,1,14003.0,1
2026-05-12 09:00:00,2026-05-12,9,PACK-LINE-01,18,day,Tuesday,1019,0,18,15,86,5,79,3,18,79,0,940,added_packers_and_work_diverted,18,15551,181,18,0,1548,1548,14003,1.0,14003,1,13306.0,1
2026-05-12 10:00:00,2026-05-12,10,PACK-LINE-01,18,day,Tuesday,1088,0,18,17,89,5,183,1,18,183,0,905,added_packers_and_work_diverted,18,14908,168,18,0,1602,1602,13306,1.0,13306,1,13713.0,1
2026-05-12 11:00:00,2026-05-12,11,PACK-LINE-01,18,day,Tuesday,2232,0,18,18,90,5,205,0,18,205,0,2027,work_diverted,18,15333,171,18,0,1620,1620,13713,1.0,13713,1,13480.0,1
2026-05-12 12:00:00,2026-05-12,12,PACK-LINE-01,18,day,Tuesday,1240,0,18,16,86,0,97,0,16,97,0,1143,work_diverted,18,14856,173,16,0,1376,1376,13480,1.0,13480,1,12738.0,1
2026-05-12 13:00:00,2026-05-12,13,PACK-LINE-01,18,day,Tuesday,939,0,18,17,84,5,169,1,18,169,0,770,added_packers_and_work_diverted,18,14250,170,18,0,1512,1512,12738,1.0,12738,1,12618.0,1
2026-05-12 14:00:00,2026-05-12,14,PACK-LINE-01,18,swing,Tuesday,1172,0,16,13,88,0,148,0,13,148,0,1024,work_diverted,18,13762,157,13,0,1144,1144,12618,1.0,12618,1,13082.0,1
2026-05-12 15:00:00,2026-05-12,15,PACK-LINE-01,18,swing,Tuesday,1808,2,16,13,83,1,182,1,14,182,0,1626,added_packers_and_work_diverted,16,14244,172,14,0,1162,1162,13082,1.0,13082,1,12345.0,1
2026-05-12 16:00:00,2026-05-12,16,PACK-LINE-01,18,swing,Tuesday,969,1,16,15,89,2,273,2,17,193,0,776,added_packers_and_work_diverted,17,13858,156,17,0,1513,1513,12345,1.0,12345,1,12142.0,1
2026-05-12 17:00:00,2026-05-12,17,PACK-LINE-01,18,swing,Tuesday,1272,1,16,16,84,3,47,1,17,47,0,1225,added_packers_and_work_diverted,17,13570,162,17,0,1428,1428,12142,1.0,12142,1,11640.0,1
2026-05-12 18:00:00,2026-05-12,18,PACK-LINE-01,18,swing,Tuesday,1017,3,16,15,91,0,154,0,15,154,0,863,work_diverted,15,13005,143,15,0,1365,1365,11640,1.0,11640,1,11439.0,1
2026-05-12 19:00:00,2026-05-12,19,PACK-LINE-01,18,swing,Tuesday,1192,3,16,16,77,2,327,0,16,238,0,954,work_diverted,15,12594,164,15,1,1155,1155,11439,1.0,11439,1,10704.0,1
2026-05-12 20:00:00,2026-05-12,20,PACK-LINE-01,18,swing,Tuesday,886,0,16,15,87,2,142,2,17,142,0,744,added_packers_and_work_diverted,18,12183,141,17,0,1479,1479,10704,1.0,10704,1,10599.0,1
2026-05-12 21:00:00,2026-05-12,21,PACK-LINE-01,18,swing,Tuesday,1406,3,16,14,82,3,327,1,15,281,0,1125,added_packers_and_work_diverted,15,11829,145,15,0,1230,1230,10599,1.0,10599,1,10505.0,1
2026-05-12 22:00:00,2026-05-12,22,PACK-LINE-01,18,night,Tuesday,777,0,10,9,84,0,115,0,9,115,0,662,work_diverted,18,11261,135,9,0,756,756,10505,1.0,10505,1,10771.0,1
2026-05-12 23:00:00,2026-05-12,23,PACK-LINE-01,18,night,Tuesday,952,3,10,8,82,0,30,0,8,30,0,922,work_diverted,15,11427,140,8,0,656,656,10771,1.0,10771,1,10619.0,1
2026-05-13 00:00:00,2026-05-13,0,PACK-LINE-01,18,night,Wednesday,835,3,10,7,85,4,52,4,11,52,0,783,added_packers_and_work_diverted,15,11554,136,11,0,935,935,10619,1.0,10619,1,10581.0,1
2026-05-13 01:00:00,2026-05-13,1,PACK-LINE-01,18,night,Wednesday,914,0,10,10,77,0,192,0,10,182,0,732,work_diverted,18,11351,148,10,0,770,770,10581,1.0,10581,1,10473.0,1
2026-05-13 02:00:00,2026-05-13,2,PACK-LINE-01,18,night,Wednesday,687,0,10,10,75,0,45,0,10,45,0,642,work_diverted,18,11223,150,10,0,750,750,10473,1.0,10473,1,10131.0,1
2026-05-13 03:00:00,2026-05-13,3,PACK-LINE-01,18,night,Wednesday,970,2,10,10,86,3,329,3,13,194,0,776,added_packers_and_work_diverted,16,11249,131,13,0,1118,1118,10131,1.0,10131,1,9987.0,1
2026-05-13 04:00:00,2026-05-13,4,PACK-LINE-01,18,night,Wednesday,795,0,10,8,88,1,147,1,9,147,0,648,added_packers_and_work_diverted,18,10779,123,9,0,792,792,9987,1.0,9987,1,10505.0,1
2026-05-13 05:00:00,2026-05-13,5,PACK-LINE-01,18,night,Wednesday,1418,0,10,8,89,1,99,1,9,99,0,1319,added_packers_and_work_diverted,18,11306,128,9,0,801,801,10505,1.0,10505,1,9989.0,1
2026-05-13 06:00:00,2026-05-13,6,PACK-LINE-01,18,day,Wednesday,1054,1,18,18,80,2,270,0,18,210,0,844,work_diverted,17,11349,142,17,1,1360,1360,9989,1.0,9989,1,10418.0,1
2026-05-13 07:00:00,2026-05-13,7,PACK-LINE-01,18,day,Wednesday,1666,4,18,16,79,5,131,0,16,131,0,1535,work_diverted,14,11524,146,14,2,1106,1106,10418,1.0,10418,1,10316.0,1
2026-05-13 08:00:00,2026-05-13,8,PACK-LINE-01,18,day,Wednesday,1432,0,18,16,81,3,76,2,18,76,0,1356,added_packers_and_work_diverted,18,11774,146,18,0,1458,1458,10316,1.0,10316,1,10451.0,1
2026-05-13 09:00:00,2026-05-13,9,PACK-LINE-01,18,day,Wednesday,1477,4,18,17,90,5,82,0,17,82,0,1395,work_diverted,14,11711,131,14,3,1260,1260,10451,1.0,10451,1,10688.0,1
2026-05-13 10:00:00,2026-05-13,10,PACK-LINE-01,18,day,Wednesday,2126,0,18,15,86,3,341,3,18,341,0,1785,added_packers_and_work_diverted,18,12236,143,18,0,1548,1548,10688,1.0,10688,1,11526.0,1
2026-05-13 11:00:00,2026-05-13,11,PACK-LINE-01,18,day,Wednesday,2239,2,18,16,81,4,105,0,16,105,0,2134,work_diverted,16,12822,159,16,0,1296,1296,11526,1.0,11526,1,11417.0,1
2026-05-13 12:00:00,2026-05-13,12,PACK-LINE-01,18,day,Wednesday,1343,2,18,16,86,2,76,0,16,76,0,1267,work_diverted,16,12793,149,16,0,1376,1376,11417,1.0,11417,1,12065.0,1
2026-05-13 13:00:00,2026-05-13,13,PACK-LINE-01,18,day,Wednesday,2107,4,18,18,84,3,283,0,18,283,0,1824,work_diverted,14,13241,158,14,4,1176,1176,12065,1.0,12065,1,11683.0,1
2026-05-13 14:00:00,2026-05-13,14,PACK-LINE-01,18,swing,Wednesday,1398,0,16,15,87,4,214,3,18,214,0,1184,added_packers_and_work_diverted,18,13249,153,18,0,1566,1566,11683,1.0,11683,1,11079.0,1
2026-05-13 15:00:00,2026-05-13,15,PACK-LINE-01,18,swing,Wednesday,1270,0,16,16,90,3,315,2,18,254,0,1016,added_packers_and_work_diverted,18,12699,142,18,0,1620,1620,11079,1.0,11079,1,10916.0,1
2026-05-13 16:00:00,2026-05-13,16,PACK-LINE-01,18,swing,Wednesday,1470,1,16,14,83,4,222,3,17,222,0,1248,added_packers_and_work_diverted,17,12327,149,17,0,1411,1411,10916,1.0,10916,1,11103.0,1
2026-05-13 17:00:00,2026-05-13,17,PACK-LINE-01,18,swing,Wednesday,1836,1,16,13,93,1,347,1,14,347,0,1489,added_packers_and_work_diverted,17,12405,134,14,0,1302,1302,11103,1.0,11103,1,11275.0,1
2026-05-13 18:00:00,2026-05-13,18,PACK-LINE-01,18,swing,Wednesday,1757,0,16,15,80,2,225,2,17,225,0,1532,added_packers_and_work_diverted,18,12635,158,17,0,1360,1360,11275,1.0,11275,1,10867.0,1
2026-05-13 19:00:00,2026-05-13,19,PACK-LINE-01,18,swing,Wednesday,1189,2,16,15,85,4,265,1,16,237,0,952,added_packers_and_work_diverted,16,12227,144,16,0,1360,1360,10867,1.0,10867,1,10756.0,1
2026-05-13 20:00:00,2026-05-13,20,PACK-LINE-01,18,swing,Wednesday,1360,2,16,14,81,2,175,2,16,175,0,1185,added_packers_and_work_diverted,16,12052,149,16,0,1296,1296,10756,1.0,10756,1,10510.0,1
2026-05-13 21:00:00,2026-05-13,21,PACK-LINE-01,18,swing,Wednesday,1238,0,16,15,79,3,62,3,18,62,0,1176,added_packers_and_work_diverted,18,11932,152,18,0,1422,1422,10510,1.0,10510,1,10629.0,1
2026-05-13 22:00:00,2026-05-13,22,PACK-LINE-01,18,night,Wednesday,1068,4,10,9,80,2,69,2,11,69,0,999,added_packers_and_work_diverted,14,11509,144,11,0,880,880,10629,1.0,10629,1,10415.0,1
2026-05-13 23:00:00,2026-05-13,23,PACK-LINE-01,18,night,Wednesday,869,0,10,10,91,0,188,0,10,173,0,696,work_diverted,18,11325,125,10,0,910,910,10415,1.0,10415,1,10588.0,1
2026-05-14 00:00:00,2026-05-14,0,PACK-LINE-01,18,night,Thursday,929,0,10,7,78,2,54,2,9,54,0,875,added_packers_and_work_diverted,18,11290,145,9,0,702,702,10588,1.0,10588,1,10748.0,1
2026-05-14 01:00:00,2026-05-14,1,PACK-LINE-01,18,night,Thursday,1255,0,10,8,79,3,226,3,11,226,0,1029,added_packers_and_work_diverted,18,11617,148,11,0,869,869,10748,1.0,10748,1,11120.0,1
2026-05-14 02:00:00,2026-05-14,2,PACK-LINE-01,18,night,Thursday,1553,3,10,10,78,2,245,2,12,245,0,1308,added_packers_and_work_diverted,15,12056,155,12,0,936,936,11120,1.0,11120,1,11498.0,1
2026-05-14 03:00:00,2026-05-14,3,PACK-LINE-01,18,night,Thursday,1413,2,10,10,88,0,155,0,10,155,0,1258,work_diverted,16,12378,141,10,0,880,880,11498,1.0,11498,1,11328.0,1
2026-05-14 04:00:00,2026-05-14,4,PACK-LINE-01,18,night,Thursday,1141,2,10,10,92,2,207,2,12,207,0,934,added_packers_and_work_diverted,16,12432,136,12,0,1104,1104,11328,1.0,11328,1,11343.0,1
2026-05-14 05:00:00,2026-05-14,5,PACK-LINE-01,18,night,Thursday,1083,2,10,9,82,3,84,3,12,84,0,999,added_packers_and_work_diverted,16,12327,151,12,0,984,984,11343,1.0,11343,1,11337.0,1
2026-05-14 06:00:00,2026-05-14,6,PACK-LINE-01,18,day,Thursday,1327,2,18,15,74,1,149,1,16,149,0,1178,added_packers_and_work_diverted,16,12521,170,16,0,1184,1184,11337,1.0,11337,1,11296.0,1
2026-05-14 07:00:00,2026-05-14,7,PACK-LINE-01,18,day,Thursday,1734,0,18,18,81,4,317,0,18,317,0,1417,work_diverted,18,12754,158,18,0,1458,1458,11296,1.0,11296,1,12030.0,1
2026-05-14 08:00:00,2026-05-14,8,PACK-LINE-01,18,day,Thursday,2320,1,18,15,86,3,124,2,17,124,0,2196,added_packers_and_work_diverted,17,13492,157,17,0,1462,1462,12030,1.0,12030,1,12982.0,1
2026-05-14 09:00:00,2026-05-14,9,PACK-LINE-01,18,day,Thursday,2434,1,18,16,80,1,122,1,17,122,0,2312,added_packers_and_work_diverted,17,14342,180,17,0,1360,1360,12982,1.0,12982,1,13079.0,1
2026-05-14 10:00:00,2026-05-14,10,PACK-LINE-01,18,day,Thursday,1646,0,18,15,84,3,37,3,18,37,0,1609,added_packers_and_work_diverted,18,14591,174,18,0,1512,1512,13079,1.0,13079,1,13426.0,1
2026-05-14 11:00:00,2026-05-14,11,PACK-LINE-01,18,day,Thursday,1673,2,18,17,81,2,30,0,17,30,0,1643,work_diverted,16,14722,182,16,1,1296,1296,13426,1.0,13426,1,14183.0,1
2026-05-14 12:00:00,2026-05-14,12,PACK-LINE-01,18,day,Thursday,2068,1,18,15,78,0,141,0,15,141,0,1927,work_diverted,17,15353,197,15,0,1170,1170,14183,1.0,14183,1,14425.0,1
2026-05-14 13:00:00,2026-05-14,13,PACK-LINE-01,18,day,Thursday,1900,0,18,15,85,1,298,1,16,298,0,1602,added_packers_and_work_diverted,18,15785,186,16,0,1360,1360,14425,1.0,14425,1,15067.0,1
2026-05-14 14:00:00,2026-05-14,14,PACK-LINE-01,18,swing,Thursday,2048,2,16,15,85,0,131,0,15,131,0,1917,work_diverted,16,16342,193,15,0,1275,1275,15067,1.0,15067,1,15723.0,1
2026-05-14 15:00:00,2026-05-14,15,PACK-LINE-01,18,swing,Thursday,2026,3,16,16,84,5,110,0,16,110,0,1916,work_diverted,15,16983,203,15,1,1260,1260,15723,1.0,15723,1,15848.0,1
2026-05-14 16:00:00,2026-05-14,16,PACK-LINE-01,18,swing,Thursday,1521,1,16,13,78,1,326,1,14,304,0,1217,added_packers_and_work_diverted,17,16940,218,14,0,1092,1092,15848,1.0,15848,1,15812.0,1
2026-05-14 17:00:00,2026-05-14,17,PACK-LINE-01,18,swing,Thursday,1773,0,16,16,90,4,189,2,18,189,0,1584,added_packers_and_work_diverted,18,17432,194,18,0,1620,1620,15812,1.0,15812,1,15460.0,1
2026-05-14 18:00:00,2026-05-14,18,PACK-LINE-01,18,swing,Thursday,1200,0,16,13,82,3,301,3,16,240,0,960,added_packers_and_work_diverted,18,16772,205,16,0,1312,1312,15460,1.0,15460,1,16267.0,1
2026-05-14 19:00:00,2026-05-14,19,PACK-LINE-01,18,swing,Thursday,2270,0,16,16,78,5,59,2,18,59,0,2211,added_packers_and_work_diverted,18,17671,227,18,0,1404,1404,16267,1.0,16267,1,15967.0,1
2026-05-14 20:00:00,2026-05-14,20,PACK-LINE-01,18,swing,Thursday,1623,0,16,15,89,5,321,3,18,321,0,1302,added_packers_and_work_diverted,18,17569,198,18,0,1602,1602,15967,1.0,15967,1,16689.0,1
2026-05-14 21:00:00,2026-05-14,21,PACK-LINE-01,18,swing,Thursday,2052,4,16,16,87,5,112,0,16,112,0,1940,work_diverted,14,17907,206,14,2,1218,1218,16689,1.0,16689,1,17167.0,1
2026-05-14 22:00:00,2026-05-14,22,PACK-LINE-01,18,night,Thursday,1257,4,10,8,82,0,123,0,8,123,0,1134,work_diverted,14,17823,218,8,0,656,656,17167,1.0,17167,1,17369.0,1
2026-05-14 23:00:00,2026-05-14,23,PACK-LINE-01,18,night,Thursday,1186,0,10,9,83,0,276,0,9,237,0,949,work_diverted,18,18116,219,9,0,747,747,17369,1.0,17369,1,17393.0,1
2026-05-15 00:00:00,2026-05-15,0,PACK-LINE-01,18,night,Friday,835,3,10,9,78,0,109,0,9,109,0,726,work_diverted,15,18095,232,9,0,702,702,17393,1.0,17393,1,17553.0,1
2026-05-15 01:00:00,2026-05-15,1,PACK-LINE-01,18,night,Friday,1151,2,10,8,85,1,226,1,9,226,0,925,added_packers_and_work_diverted,16,18318,216,9,0,765,765,17553,1.0,17553,1,17554.0,1
2026-05-15 02:00:00,2026-05-15,2,PACK-LINE-01,18,night,Friday,1197,0,10,7,87,4,303,4,11,239,0,958,added_packers_and_work_diverted,18,18511,213,11,0,957,957,17554,1.0,17554,1,17635.0,1
2026-05-15 03:00:00,2026-05-15,3,PACK-LINE-01,18,night,Friday,879,4,10,7,89,0,210,0,7,175,0,704,work_diverted,14,18258,206,7,0,623,623,17635,1.0,17635,1,18435.0,1
2026-05-15 04:00:00,2026-05-15,4,PACK-LINE-01,18,night,Friday,1686,0,10,7,89,1,174,1,8,174,0,1512,added_packers_and_work_diverted,18,19147,216,8,0,712,712,18435,1.0,18435,1,18287.0,1
2026-05-15 05:00:00,2026-05-15,5,PACK-LINE-01,18,night,Friday,1098,0,10,9,95,2,201,2,11,201,0,897,added_packers_and_work_diverted,18,19332,204,11,0,1045,1045,18287,1.0,18287,1,19148.0,1
2026-05-15 06:00:00,2026-05-15,6,PACK-LINE-01,18,day,Friday,2533,1,18,18,86,1,210,0,18,210,0,2323,work_diverted,17,20610,240,17,1,1462,1462,19148,1.0,19148,1,19470.0,1
2026-05-15 07:00:00,2026-05-15,7,PACK-LINE-01,18,day,Friday,1795,1,18,18,82,0,79,0,18,79,0,1716,work_diverted,17,20864,255,17,1,1394,1394,19470,1.0,19470,1,20045.0,1
2026-05-15 08:00:00,2026-05-15,8,PACK-LINE-01,18,day,Friday,2245,0,18,15,93,1,182,1,16,182,0,2063,added_packers_and_work_diverted,18,21533,232,16,0,1488,1488,20045,1.0,20045,1,19836.0,1
2026-05-15 09:00:00,2026-05-15,9,PACK-LINE-01,18,day,Friday,1465,0,18,17,92,2,18,1,18,18,0,1447,added_packers_and_work_diverted,18,21492,234,18,0,1656,1656,19836,1.0,19836,1,20982.0,1
2026-05-15 10:00:00,2026-05-15,10,PACK-LINE-01,18,day,Friday,2626,2,18,16,88,5,72,0,16,72,0,2554,work_diverted,16,22390,255,16,0,1408,1408,20982,1.0,20982,1,21978.0,1
2026-05-15 11:00:00,2026-05-15,11,PACK-LINE-01,18,day,Friday,2782,0,18,15,80,5,346,3,18,346,0,2436,added_packers_and_work_diverted,18,23418,293,18,0,1440,1440,21978,1.0,21978,1,21978.0,1
2026-05-15 12:00:00,2026-05-15,12,PACK-LINE-01,18,day,Friday,1483,0,18,15,80,5,43,3,18,43,0,1440,added_packers_and_work_diverted,18,23418,293,18,0,1440,1440,21978,1.0,21978,1,22212.0,1
2026-05-15 13:00:00,2026-05-15,13,PACK-LINE-01,18,day,Friday,1704,1,18,15,81,2,93,2,17,93,0,1611,added_packers_and_work_diverted,17,23589,292,17,0,1377,1377,22212,1.0,22212,1,22538.0,1
2026-05-15 14:00:00,2026-05-15,14,PACK-LINE-01,18,swing,Friday,1959,1,16,15,86,1,257,1,16,257,0,1702,added_packers_and_work_diverted,17,23914,279,16,0,1376,1376,22538,1.0,22538,1,23037.0,1
2026-05-15 15:00:00,2026-05-15,15,PACK-LINE-01,18,swing,Friday,1946,3,16,13,81,1,313,1,14,313,0,1633,added_packers_and_work_diverted,15,24171,299,14,0,1134,1134,23037,1.0,23037,1,23660.0,1
2026-05-15 16:00:00,2026-05-15,16,PACK-LINE-01,18,swing,Friday,2297,0,16,16,80,2,234,2,18,234,0,2063,added_packers_and_work_diverted,18,25100,314,18,0,1440,1440,23660,1.0,23660,1,24392.0,1
2026-05-15 17:00:00,2026-05-15,17,PACK-LINE-01,18,swing,Friday,2442,0,16,15,83,3,216,3,18,216,0,2226,added_packers_and_work_diverted,18,25886,312,18,0,1494,1494,24392,1.0,24392,1,23930.0,1
2026-05-15 18:00:00,2026-05-15,18,PACK-LINE-01,18,swing,Friday,1224,1,16,16,90,1,156,1,17,156,0,1068,added_packers_and_work_diverted,17,25460,283,17,0,1530,1530,23930,1.0,23930,1,24225.0,1
2026-05-15 19:00:00,2026-05-15,19,PACK-LINE-01,18,swing,Friday,1800,0,16,15,85,1,145,1,16,145,0,1655,added_packers_and_work_diverted,18,25585,301,16,0,1360,1360,24225,1.0,24225,1,24854.0,1
2026-05-15 20:00:00,2026-05-15,20,PACK-LINE-01,18,swing,Friday,2161,4,16,13,86,5,328,1,14,328,0,1833,added_packers_and_work_diverted,14,26058,303,14,0,1204,1204,24854,1.0,24854,1,24958.0,1
2026-05-15 21:00:00,2026-05-15,21,PACK-LINE-01,18,swing,Friday,1646,2,16,14,89,0,296,0,14,296,0,1350,work_diverted,16,26204,295,14,0,1246,1246,24958,1.0,24958,1,24631.0,1
2026-05-15 22:00:00,2026-05-15,22,PACK-LINE-01,18,night,Friday,900,4,10,10,85,5,37,4,14,37,0,863,added_packers_and_work_diverted,14,25821,304,14,0,1190,1190,24631,1.0,24631,1,24861.0,1
2026-05-15 23:00:00,2026-05-15,23,PACK-LINE-01,18,night,Friday,1183,1,10,9,91,1,43,1,10,43,0,1140,added_packers_and_work_diverted,17,25771,284,10,0,910,910,24861,1.0,24861,1,24651.0,1
2026-05-16 00:00:00,2026-05-16,0,PACK-LINE-01,18,night,Saturday,671,2,10,9,83,0,179,0,9,134,0,537,work_diverted,16,25398,306,9,0,747,747,24651,1.0,24651,1,24532.0,1
2026-05-16 01:00:00,2026-05-16,1,PACK-LINE-01,18,night,Saturday,913,2,10,10,85,0,320,0,10,182,0,731,work_diverted,16,25382,299,10,0,850,850,24532,1.0,24532,1,23917.0,1
2026-05-16 02:00:00,2026-05-16,2,PACK-LINE-01,18,night,Saturday,683,0,10,9,83,5,242,5,14,136,0,547,added_packers_and_work_diverted,18,25079,303,14,0,1162,1162,23917,1.0,23917,1,23917.0,1
2026-05-16 03:00:00,2026-05-16,3,PACK-LINE-01,18,night,Saturday,987,2,10,7,90,2,177,2,9,177,0,810,added_packers_and_work_diverted,16,24727,275,9,0,810,810,23917,1.0,23917,1,23515.0,1
2026-05-16 04:00:00,2026-05-16,4,PACK-LINE-01,18,night,Saturday,757,0,10,9,84,3,261,3,12,151,0,606,added_packers_and_work_diverted,18,24523,292,12,0,1008,1008,23515,1.0,23515,1,22996.0,1
2026-05-16 05:00:00,2026-05-16,5,PACK-LINE-01,18,night,Saturday,748,0,10,8,86,5,349,5,13,149,0,599,added_packers_and_work_diverted,18,24114,281,13,0,1118,1118,22996,1.0,22996,1,23092.0,1
2026-05-16 06:00:00,2026-05-16,6,PACK-LINE-01,18,day,Saturday,1685,1,18,18,82,0,195,0,18,195,0,1490,work_diverted,17,24486,299,17,1,1394,1394,23092,1.0,23092,1,23446.0,1
2026-05-16 07:00:00,2026-05-16,7,PACK-LINE-01,18,day,Saturday,1896,2,18,18,92,0,70,0,18,70,0,1826,work_diverted,16,24918,271,16,2,1472,1472,23446,1.0,23446,1,23130.0,1
2026-05-16 08:00:00,2026-05-16,8,PACK-LINE-01,18,day,Saturday,1285,1,18,18,83,1,190,0,18,190,0,1095,work_diverted,17,24541,296,17,1,1411,1411,23130,1.0,23130,1,22519.0,1
2026-05-16 09:00:00,2026-05-16,9,PACK-LINE-01,18,day,Saturday,1106,1,18,18,88,5,244,0,18,221,0,885,work_diverted,17,24015,273,17,1,1496,1496,22519,1.0,22519,1,22839.0,1
2026-05-16 10:00:00,2026-05-16,10,PACK-LINE-01,18,day,Saturday,1886,3,18,15,84,0,306,0,15,306,0,1580,work_diverted,15,24099,287,15,0,1260,1260,22839,1.0,22839,1,23061.0,1
2026-05-16 11:00:00,2026-05-16,11,PACK-LINE-01,18,day,Saturday,1736,2,18,17,91,3,58,0,17,58,0,1678,work_diverted,16,24517,270,16,1,1456,1456,23061,1.0,23061,1,23072.0,1
2026-05-16 12:00:00,2026-05-16,12,PACK-LINE-01,18,day,Saturday,1505,4,18,16,88,3,262,0,16,262,0,1243,work_diverted,14,24304,277,14,2,1232,1232,23072,1.0,23072,1,23474.0,1
2026-05-16 13:00:00,2026-05-16,13,PACK-LINE-01,18,day,Saturday,2176,0,18,17,87,5,208,1,18,208,0,1968,added_packers_and_work_diverted,18,25040,288,18,0,1566,1566,23474,1.0,23474,1,23220.0,1
2026-05-16 14:00:00,2026-05-16,14,PACK-LINE-01,18,swing,Saturday,1462,0,16,15,88,4,132,3,18,132,0,1330,added_packers_and_work_diverted,18,24804,282,18,0,1584,1584,23220,1.0,23220,1,23869.0,1
2026-05-16 15:00:00,2026-05-16,15,PACK-LINE-01,18,swing,Saturday,2148,0,16,13,83,1,337,1,14,337,0,1811,added_packers_and_work_diverted,18,25031,302,14,0,1162,1162,23869,1.0,23869,1,23336.0,1
2026-05-16 16:00:00,2026-05-16,16,PACK-LINE-01,18,swing,Saturday,1173,0,16,15,86,5,158,3,18,158,0,1015,added_packers_and_work_diverted,18,24884,290,18,0,1548,1548,23336,1.0,23336,1,23675.0,1
2026-05-16 17:00:00,2026-05-16,17,PACK-LINE-01,18,swing,Saturday,2190,1,16,13,91,4,304,4,17,304,0,1886,added_packers_and_work_diverted,17,25222,278,17,0,1547,1547,23675,1.0,23675,1,23261.0,1
2026-05-16 18:00:00,2026-05-16,18,PACK-LINE-01,18,swing,Saturday,1049,3,16,13,86,4,173,2,15,173,0,876,added_packers_and_work_diverted,15,24551,286,15,0,1290,1290,23261,1.0,23261,1,23897.0,1
2026-05-16 19:00:00,2026-05-16,19,PACK-LINE-01,18,swing,Saturday,1906,3,16,14,83,1,25,1,15,25,0,1881,added_packers_and_work_diverted,15,25142,303,15,0,1245,1245,23897,1.0,23897,1,23494.0,1
2026-05-16 20:00:00,2026-05-16,20,PACK-LINE-01,18,swing,Saturday,1136,2,16,16,89,0,115,0,16,115,0,1021,work_diverted,16,24918,280,16,0,1424,1424,23494,1.0,23494,1,23708.0,1
2026-05-16 21:00:00,2026-05-16,21,PACK-LINE-01,18,swing,Saturday,1653,2,16,14,87,1,134,1,15,134,0,1519,added_packers_and_work_diverted,16,25013,288,15,0,1305,1305,23708,1.0,23708,1,23745.0,1
2026-05-16 22:00:00,2026-05-16,22,PACK-LINE-01,18,night,Saturday,1293,0,10,7,86,5,224,5,12,224,0,1069,added_packers_and_work_diverted,18,24777,289,12,0,1032,1032,23745,1.0,23745,1,23685.0,1
2026-05-16 23:00:00,2026-05-16,23,PACK-LINE-01,18,night,Saturday,805,0,10,8,88,0,336,0,8,161,0,644,work_diverted,18,24389,278,8,0,704,704,23685,1.0,23685,1,23416.0,1
2026-05-17 00:00:00,2026-05-17,0,PACK-LINE-01,18,night,Sunday,908,0,10,9,87,4,46,4,13,46,0,862,added_packers_and_work_diverted,18,24547,283,13,0,1131,1131,23416,1.0,23416,1,22992.0,1
2026-05-17 01:00:00,2026-05-17,1,PACK-LINE-01,18,night,Sunday,974,0,10,9,86,5,207,5,14,194,0,780,added_packers_and_work_diverted,18,24196,282,14,0,1204,1204,22992,1.0,22992,1,22941.0,1
2026-05-17 02:00:00,2026-05-17,2,PACK-LINE-01,18,night,Sunday,857,0,10,10,85,0,58,0,10,58,0,799,work_diverted,18,23791,280,10,0,850,850,22941,1.0,22941,1,23524.0,1
2026-05-17 03:00:00,2026-05-17,3,PACK-LINE-01,18,night,Sunday,1297,2,10,7,77,0,175,0,7,175,0,1122,work_diverted,16,24063,313,7,0,539,539,23524,1.0,23524,1,23705.0,1
2026-05-17 04:00:00,2026-05-17,4,PACK-LINE-01,18,night,Sunday,1252,3,10,9,84,3,63,3,12,63,0,1189,added_packers_and_work_diverted,15,24713,295,12,0,1008,1008,23705,1.0,23705,1,23809.0,1
2026-05-17 05:00:00,2026-05-17,5,PACK-LINE-01,18,night,Sunday,1272,0,10,9,86,3,136,3,12,136,0,1136,added_packers_and_work_diverted,18,24841,289,12,0,1032,1032,23809,1.0,23809,1,23464.0,1
2026-05-17 06:00:00,2026-05-17,6,PACK-LINE-01,18,day,Sunday,1015,4,18,18,86,3,156,0,18,156,0,859,work_diverted,14,24668,287,14,4,1204,1204,23464,1.0,23464,1,22857.0,1
2026-05-17 07:00:00,2026-05-17,7,PACK-LINE-01,18,day,Sunday,1068,1,18,16,86,2,304,1,17,213,0,855,added_packers_and_work_diverted,17,24319,283,17,0,1462,1462,22857,1.0,22857,1,23008.0,1
2026-05-17 08:00:00,2026-05-17,8,PACK-LINE-01,18,day,Sunday,1747,0,18,15,84,1,252,1,16,252,0,1495,added_packers_and_work_diverted,18,24352,290,16,0,1344,1344,23008,1.0,23008,1,23136.0,1
2026-05-17 09:00:00,2026-05-17,9,PACK-LINE-01,18,day,Sunday,1837,2,18,17,87,4,317,0,17,317,0,1520,work_diverted,16,24528,282,16,1,1392,1392,23136,1.0,23136,1,23925.0,1
2026-05-17 10:00:00,2026-05-17,10,PACK-LINE-01,18,day,Sunday,2505,2,18,15,90,4,276,1,16,276,0,2229,added_packers_and_work_diverted,16,25365,282,16,0,1440,1440,23925,1.0,23925,1,24795.0,1
2026-05-17 11:00:00,2026-05-17,11,PACK-LINE-01,18,day,Sunday,2546,0,18,18,82,2,200,0,18,200,0,2346,work_diverted,18,26271,321,18,0,1476,1476,24795,1.0,24795,1,24505.0,1
2026-05-17 12:00:00,2026-05-17,12,PACK-LINE-01,18,day,Sunday,1237,2,18,17,80,4,284,0,17,247,0,990,work_diverted,16,25785,323,16,1,1280,1280,24505,1.0,24505,1,24268.0,1
2026-05-17 13:00:00,2026-05-17,13,PACK-LINE-01,18,day,Sunday,1266,0,18,17,81,1,45,1,18,45,0,1221,added_packers_and_work_diverted,18,25726,318,18,0,1458,1458,24268,1.0,24268,1,24016.0,1
2026-05-17 14:00:00,2026-05-17,14,PACK-LINE-01,18,swing,Sunday,1111,0,16,13,82,2,133,2,15,133,0,978,added_packers_and_work_diverted,18,25246,308,15,0,1230,1230,24016,1.0,24016,1,23851.0,1
2026-05-17 15:00:00,2026-05-17,15,PACK-LINE-01,18,swing,Sunday,1309,1,16,14,90,2,34,2,16,34,0,1275,added_packers_and_work_diverted,17,25291,282,16,0,1440,1440,23851,1.0,23851,1,24100.0,1
2026-05-17 16:00:00,2026-05-17,16,PACK-LINE-01,18,swing,Sunday,1842,0,16,16,78,0,345,0,16,345,0,1497,work_diverted,18,25348,325,16,0,1248,1248,24100,1.0,24100,1,24510.0,1
2026-05-17 17:00:00,2026-05-17,17,PACK-LINE-01,18,swing,Sunday,2043,0,16,15,87,1,241,1,16,241,0,1802,added_packers_and_work_diverted,18,25902,298,16,0,1392,1392,24510,1.0,24510,1,24362.0,1
2026-05-17 18:00:00,2026-05-17,18,PACK-LINE-01,18,swing,Sunday,1087,2,16,13,76,1,171,1,14,171,0,916,added_packers_and_work_diverted,16,25426,335,14,0,1064,1064,24362,1.0,24362,1,24187.0,1
2026-05-17 19:00:00,2026-05-17,19,PACK-LINE-01,18,swing,Sunday,1413,0,16,14,88,1,268,1,15,268,0,1145,added_packers_and_work_diverted,18,25507,290,15,0,1320,1320,24187,1.0,24187,1,23882.0,1
2026-05-17 20:00:00,2026-05-17,20,PACK-LINE-01,18,swing,Sunday,1137,0,16,14,81,1,238,1,15,227,0,910,added_packers_and_work_diverted,18,25097,310,15,0,1215,1215,23882,1.0,23882,1,24108.0,1
2026-05-17 21:00:00,2026-05-17,21,PACK-LINE-01,18,swing,Sunday,1609,3,16,13,78,1,291,1,14,291,0,1318,added_packers_and_work_diverted,15,25200,324,14,0,1092,1092,24108,1.0,24108,1,23952.0,1
2026-05-17 22:00:00,2026-05-17,22,PACK-LINE-01,18,night,Sunday,1093,1,10,10,83,5,4,5,15,4,0,1089,added_packers_and_work_diverted,17,25197,304,15,0,1245,1245,23952,1.0,23952,1,23750.0,1
2026-05-17 23:00:00,2026-05-17,23,PACK-LINE-01,18,night,Sunday,718,1,10,8,83,3,7,3,11,7,0,711,added_packers_and_work_diverted,17,24663,298,11,0,913,913,23750,1.0,23750,1,23576.0,1
2026-05-18 00:00:00,2026-05-18,0,PACK-LINE-01,18,night,Monday,729,1,10,7,80,4,23,4,11,23,0,706,added_packers_and_work_diverted,17,24456,306,11,0,880,880,23576,1.0,23576,1,23144.0,1
2026-05-18 01:00:00,2026-05-18,1,PACK-LINE-01,18,night,Monday,754,1,10,10,74,4,341,4,14,150,0,604,added_packers_and_work_diverted,17,24180,327,14,0,1036,1036,23144,1.0,23144,1,22935.0,1
2026-05-18 02:00:00,2026-05-18,2,PACK-LINE-01,18,night,Monday,801,0,10,8,85,2,345,2,10,160,0,641,added_packers_and_work_diverted,18,23785,280,10,0,850,850,22935,1.0,22935,1,22565.0,1
2026-05-18 03:00:00,2026-05-18,3,PACK-LINE-01,18,night,Monday,890,0,10,9,89,5,14,5,14,14,0,876,added_packers_and_work_diverted,18,23811,268,14,0,1246,1246,22565,1.0,22565,1,22392.0,1
2026-05-18 04:00:00,2026-05-18,4,PACK-LINE-01,18,night,Monday,653,3,10,8,87,0,308,0,8,130,0,523,work_diverted,15,23088,266,8,0,696,696,22392,1.0,22392,1,22355.0,1
2026-05-18 05:00:00,2026-05-18,5,PACK-LINE-01,18,night,Monday,941,2,10,9,79,1,206,1,10,188,0,753,added_packers_and_work_diverted,16,23145,293,10,0,790,790,22355,1.0,22355,1,22297.0,1
2026-05-18 06:00:00,2026-05-18,6,PACK-LINE-01,18,day,Monday,1569,1,18,18,89,1,114,0,18,114,0,1455,work_diverted,17,23810,268,17,1,1513,1513,22297,1.0,22297,1,21520.0,1
2026-05-18 07:00:00,2026-05-18,7,PACK-LINE-01,18,day,Monday,896,0,18,17,83,3,255,1,18,179,0,717,added_packers_and_work_diverted,18,23014,278,18,0,1494,1494,21520,1.0,21520,1,20950.0,1
2026-05-18 08:00:00,2026-05-18,8,PACK-LINE-01,18,day,Monday,845,2,18,18,86,1,39,0,18,39,0,806,work_diverted,16,22326,260,16,2,1376,1376,20950,1.0,20950,1,20676.0,1
2026-05-18 09:00:00,2026-05-18,9,PACK-LINE-01,18,day,Monday,1126,3,18,16,90,2,50,0,16,50,0,1076,work_diverted,15,22026,245,15,1,1350,1350,20676,1.0,20676,1,20572.0,1
2026-05-18 10:00:00,2026-05-18,10,PACK-LINE-01,18,day,Monday,1677,0,18,15,89,2,268,2,17,268,0,1409,added_packers_and_work_diverted,18,22085,249,17,0,1513,1513,20572,1.0,20572,1,20945.0,1
2026-05-18 11:00:00,2026-05-18,11,PACK-LINE-01,18,day,Monday,1944,0,18,18,84,4,59,0,18,59,0,1885,work_diverted,18,22457,268,18,0,1512,1512,20945,1.0,20945,1,20363.0,1
2026-05-18 12:00:00,2026-05-18,12,PACK-LINE-01,18,day,Monday,1072,2,18,17,90,2,322,0,17,214,0,858,work_diverted,16,21803,243,16,1,1440,1440,20363,1.0,20363,1,20063.0,1
2026-05-18 13:00:00,2026-05-18,13,PACK-LINE-01,18,day,Monday,1439,0,18,18,88,2,155,0,18,155,0,1284,work_diverted,18,21647,246,18,0,1584,1584,20063,1.0,20063,1,19397.0,1
2026-05-18 14:00:00,2026-05-18,14,PACK-LINE-01,18,swing,Monday,846,1,16,16,79,1,221,1,17,169,0,677,added_packers_and_work_diverted,17,20740,263,17,0,1343,1343,19397,1.0,19397,1,19154.0,1
2026-05-18 15:00:00,2026-05-18,15,PACK-LINE-01,18,swing,Monday,1454,0,16,16,82,2,221,2,18,221,0,1233,added_packers_and_work_diverted,18,20630,252,18,0,1476,1476,19154,1.0,19154,1,18439.0,1
2026-05-18 16:00:00,2026-05-18,16,PACK-LINE-01,18,swing,Monday,786,0,16,15,84,1,313,1,16,157,0,629,added_packers_and_work_diverted,18,19783,236,16,0,1344,1344,18439,1.0,18439,1,18132.0,1
2026-05-18 17:00:00,2026-05-18,17,PACK-LINE-01,18,swing,Monday,1406,0,16,15,81,3,255,3,18,255,0,1151,added_packers_and_work_diverted,18,19590,242,18,0,1458,1458,18132,1.0,18132,1,17690.0,1
2026-05-18 18:00:00,2026-05-18,18,PACK-LINE-01,18,swing,Monday,1127,2,16,16,84,2,283,0,16,225,0,902,work_diverted,16,19034,227,16,0,1344,1344,17690,1.0,17690,1,17454.0,1
2026-05-18 19:00:00,2026-05-18,19,PACK-LINE-01,18,swing,Monday,1388,0,16,15,87,4,58,3,18,58,0,1330,added_packers_and_work_diverted,18,19020,219,18,0,1566,1566,17454,1.0,17454,1,17503.0,1
2026-05-18 20:00:00,2026-05-18,20,PACK-LINE-01,18,swing,Monday,1249,0,16,15,77,0,45,0,15,45,0,1204,work_diverted,18,18658,243,15,0,1155,1155,17503,1.0,17503,1,16967.0,1
2026-05-18 21:00:00,2026-05-18,21,PACK-LINE-01,18,swing,Monday,1093,1,16,16,83,5,225,1,17,218,0,875,added_packers_and_work_diverted,17,18378,222,17,0,1411,1411,16967,1.0,16967,1,16394.0,1
2026-05-18 22:00:00,2026-05-18,22,PACK-LINE-01,18,night,Monday,667,0,10,9,82,5,92,5,14,92,0,575,added_packers_and_work_diverted,18,17542,214,14,0,1148,1148,16394,1.0,16394,1,16289.0,1
2026-05-18 23:00:00,2026-05-18,23,PACK-LINE-01,18,night,Monday,678,0,10,8,81,0,249,0,8,135,0,543,work_diverted,18,16937,210,8,0,648,648,16289,1.0,16289,1,16375.0,1
2026-05-19 00:00:00,2026-05-19,0,PACK-LINE-01,18,night,Tuesday,793,0,10,7,89,0,84,0,7,84,0,709,work_diverted,18,16998,191,7,0,623,623,16375,1.0,16375,1,16332.0,1
2026-05-19 01:00:00,2026-05-19,1,PACK-LINE-01,18,night,Tuesday,1018,4,10,8,78,3,217,3,11,203,0,815,added_packers_and_work_diverted,14,17190,221,11,0,858,858,16332,1.0,16332,1,16301.0,1
2026-05-19 02:00:00,2026-05-19,2,PACK-LINE-01,18,night,Tuesday,623,0,10,7,79,0,101,0,7,101,0,522,work_diverted,18,16854,214,7,0,553,553,16301,1.0,16301,1,16254.0,1
2026-05-19 03:00:00,2026-05-19,3,PACK-LINE-01,18,night,Tuesday,769,0,10,7,79,3,26,3,10,26,0,743,added_packers_and_work_diverted,18,17044,216,10,0,790,790,16254,1.0,16254,1,15624.0,1
2026-05-19 04:00:00,2026-05-19,4,PACK-LINE-01,18,night,Tuesday,699,3,10,10,88,4,97,4,14,97,0,602,added_packers_and_work_diverted,15,16856,192,14,0,1232,1232,15624,1.0,15624,1,15494.0,1
2026-05-19 05:00:00,2026-05-19,5,PACK-LINE-01,18,night,Tuesday,862,0,10,9,82,1,289,1,10,172,0,690,added_packers_and_work_diverted,18,16314,199,10,0,820,820,15494,1.0,15494,1,15065.0,1
2026-05-19 06:00:00,2026-05-19,6,PACK-LINE-01,18,day,Tuesday,1113,3,18,18,88,5,338,0,18,222,0,891,work_diverted,15,16385,187,15,3,1320,1320,15065,1.0,15065,1,14736.0,1
2026-05-19 07:00:00,2026-05-19,7,PACK-LINE-01,18,day,Tuesday,1148,2,18,17,78,3,300,0,17,229,0,919,work_diverted,16,15984,205,16,1,1248,1248,14736,1.0,14736,1,15023.0,1
2026-05-19 08:00:00,2026-05-19,8,PACK-LINE-01,18,day,Tuesday,1631,3,18,16,76,2,204,0,16,204,0,1427,work_diverted,15,16163,213,15,1,1140,1140,15023,1.0,15023,1,14267.0,1
2026-05-19 09:00:00,2026-05-19,9,PACK-LINE-01,18,day,Tuesday,945,0,18,16,84,5,326,2,18,189,0,756,added_packers_and_work_diverted,18,15779,188,18,0,1512,1512,14267,1.0,14267,1,13662.0,1
2026-05-19 10:00:00,2026-05-19,10,PACK-LINE-01,18,day,Tuesday,1304,1,18,18,97,3,294,0,18,260,0,1044,work_diverted,17,15311,158,17,1,1649,1649,13662,1.0,13662,1,13644.0,1
2026-05-19 11:00:00,2026-05-19,11,PACK-LINE-01,18,day,Tuesday,1709,1,18,17,86,2,265,0,17,265,0,1444,work_diverted,17,15106,176,17,0,1462,1462,13644,1.0,13644,1,13395.0,1
2026-05-19 12:00:00,2026-05-19,12,PACK-LINE-01,18,day,Tuesday,1204,3,18,16,85,0,178,0,16,178,0,1026,work_diverted,15,14670,173,15,1,1275,1275,13395,1.0,13395,1,13078.0,1
2026-05-19 13:00:00,2026-05-19,13,PACK-LINE-01,18,day,Tuesday,1093,1,18,17,80,1,50,0,17,50,0,1043,work_diverted,17,14438,181,17,0,1360,1360,13078,1.0,13078,1,12808.0,1
2026-05-19 14:00:00,2026-05-19,14,PACK-LINE-01,18,swing,Tuesday,1218,2,16,15,83,2,160,1,16,160,0,1058,added_packers_and_work_diverted,16,14136,171,16,0,1328,1328,12808,1.0,12808,1,12401.0,1
2026-05-19 15:00:00,2026-05-19,15,PACK-LINE-01,18,swing,Tuesday,1097,0,16,14,86,1,214,1,15,214,0,883,added_packers_and_work_diverted,18,13691,160,15,0,1290,1290,12401,1.0,12401,1,12148.0,1
2026-05-19 16:00:00,2026-05-19,16,PACK-LINE-01,18,swing,Tuesday,1146,3,16,15,78,5,342,0,15,229,0,917,work_diverted,15,13318,171,15,0,1170,1170,12148,1.0,12148,1,11463.0,1
2026-05-19 17:00:00,2026-05-19,17,PACK-LINE-01,18,swing,Tuesday,943,0,16,16,88,5,44,2,18,44,0,899,added_packers_and_work_diverted,18,13047,149,18,0,1584,1584,11463,1.0,11463,1,11087.0,1
2026-05-19 18:00:00,2026-05-19,18,PACK-LINE-01,18,swing,Tuesday,943,2,16,16,80,0,39,0,16,39,0,904,work_diverted,16,12367,155,16,0,1280,1280,11087,1.0,11087,1,10997.0,1
2026-05-19 19:00:00,2026-05-19,19,PACK-LINE-01,18,swing,Tuesday,1364,0,16,14,85,3,9,3,17,9,0,1355,added_packers_and_work_diverted,18,12442,147,17,0,1445,1445,10997,1.0,10997,1,11184.0,1
2026-05-19 20:00:00,2026-05-19,20,PACK-LINE-01,18,swing,Tuesday,1516,1,16,13,83,3,1,3,16,1,0,1515,added_packers_and_work_diverted,17,12512,151,16,0,1328,1328,11184,1.0,11184,1,11318.0,1
2026-05-19 21:00:00,2026-05-19,21,PACK-LINE-01,18,swing,Tuesday,1281,4,16,14,78,1,55,0,14,55,0,1226,work_diverted,14,12410,160,14,0,1092,1092,11318,1.0,11318,1,11467.0,1
2026-05-19 22:00:00,2026-05-19,22,PACK-LINE-01,18,night,Tuesday,1036,0,10,8,85,0,269,0,8,207,0,829,work_diverted,18,12147,143,8,0,680,680,11467,1.0,11467,1,10878.0,1
2026-05-19 23:00:00,2026-05-19,23,PACK-LINE-01,18,night,Tuesday,691,4,10,10,88,3,136,3,13,136,0,555,added_packers_and_work_diverted,14,12022,137,13,0,1144,1144,10878,1.0,10878,1,10771.0,1
2026-05-20 00:00:00,2026-05-20,0,PACK-LINE-01,18,night,Wednesday,991,0,10,8,75,4,245,4,12,198,0,793,added_packers_and_work_diverted,18,11671,156,12,0,900,900,10771,1.0,10771,1,10229.0,1
2026-05-20 01:00:00,2026-05-20,1,PACK-LINE-01,18,night,Wednesday,809,2,10,9,85,5,226,5,14,161,0,648,added_packers_and_work_diverted,16,11419,135,14,0,1190,1190,10229,1.0,10229,1,9790.0,1
2026-05-20 02:00:00,2026-05-20,2,PACK-LINE-01,18,night,Wednesday,726,0,10,8,85,4,260,4,12,145,0,581,added_packers_and_work_diverted,18,10810,128,12,0,1020,1020,9790,1.0,9790,1,10034.0,1
2026-05-20 03:00:00,2026-05-20,3,PACK-LINE-01,18,night,Wednesday,1304,0,10,9,88,2,92,2,11,92,0,1212,added_packers_and_work_diverted,18,11002,126,11,0,968,968,10034,1.0,10034,1,10267.0,1
2026-05-20 04:00:00,2026-05-20,4,PACK-LINE-01,18,night,Wednesday,1439,3,10,7,81,5,234,5,12,234,0,1205,added_packers_and_work_diverted,15,11239,139,12,0,972,972,10267,1.0,10267,1,10292.0,1
2026-05-20 05:00:00,2026-05-20,5,PACK-LINE-01,18,night,Wednesday,1304,0,10,8,87,5,148,5,13,148,0,1156,added_packers_and_work_diverted,18,11423,132,13,0,1131,1131,10292,1.0,10292,1,10632.0,1
2026-05-20 06:00:00,2026-05-20,6,PACK-LINE-01,18,day,Wednesday,1515,4,18,16,81,5,41,0,16,41,0,1474,work_diverted,14,11766,146,14,2,1134,1134,10632,1.0,10632,1,11227.0,1
2026-05-20 07:00:00,2026-05-20,7,PACK-LINE-01,18,day,Wednesday,2121,0,18,15,86,2,64,2,17,64,0,2057,added_packers_and_work_diverted,18,12689,148,17,0,1462,1462,11227,1.0,11227,1,11813.0,1
2026-05-20 08:00:00,2026-05-20,8,PACK-LINE-01,18,day,Wednesday,1994,0,18,16,80,1,48,1,17,48,0,1946,added_packers_and_work_diverted,18,13173,165,17,0,1360,1360,11813,1.0,11813,1,11583.0,1
2026-05-20 09:00:00,2026-05-20,9,PACK-LINE-01,18,day,Wednesday,1328,0,18,15,81,2,181,2,17,181,0,1147,added_packers_and_work_diverted,18,12960,160,17,0,1377,1377,11583,1.0,11583,1,11459.0,1
2026-05-20 10:00:00,2026-05-20,10,PACK-LINE-01,18,day,Wednesday,1525,0,18,17,90,0,119,0,17,119,0,1406,work_diverted,18,12989,145,17,0,1530,1530,11459,1.0,11459,1,12016.0,1
2026-05-20 11:00:00,2026-05-20,11,PACK-LINE-01,18,day,Wednesday,2153,1,18,15,82,4,202,2,17,202,0,1951,added_packers_and_work_diverted,17,13410,164,17,0,1394,1394,12016,1.0,12016,1,12067.0,1
2026-05-20 12:00:00,2026-05-20,12,PACK-LINE-01,18,day,Wednesday,1723,0,18,15,80,4,232,3,18,232,0,1491,added_packers_and_work_diverted,18,13507,169,18,0,1440,1440,12067,1.0,12067,1,11963.0,1
2026-05-20 13:00:00,2026-05-20,13,PACK-LINE-01,18,day,Wednesday,1330,2,18,16,80,1,154,0,16,154,0,1176,work_diverted,16,13243,166,16,0,1280,1280,11963,1.0,11963,1,12063.0,1
2026-05-20 14:00:00,2026-05-20,14,PACK-LINE-01,18,swing,Wednesday,1807,2,16,15,90,2,267,1,16,267,0,1540,added_packers_and_work_diverted,16,13503,151,16,0,1440,1440,12063,1.0,12063,1,12250.0,1
2026-05-20 15:00:00,2026-05-20,15,PACK-LINE-01,18,swing,Wednesday,1681,0,16,14,86,1,204,1,15,204,0,1477,added_packers_and_work_diverted,18,13540,158,15,0,1290,1290,12250,1.0,12250,1,12864.0,1
2026-05-20 16:00:00,2026-05-20,16,PACK-LINE-01,18,swing,Wednesday,2041,1,16,13,77,5,118,4,17,118,0,1923,added_packers_and_work_diverted,17,14173,185,17,0,1309,1309,12864,1.0,12864,1,13647.0,1
2026-05-20 17:00:00,2026-05-20,17,PACK-LINE-01,18,swing,Wednesday,2365,0,16,16,88,1,86,1,17,86,0,2279,added_packers_and_work_diverted,18,15143,173,17,0,1496,1496,13647,1.0,13647,1,14268.0,1
2026-05-20 18:00:00,2026-05-20,18,PACK-LINE-01,18,swing,Wednesday,1937,3,16,14,86,4,26,1,15,26,0,1911,added_packers_and_work_diverted,15,15558,181,15,0,1290,1290,14268,1.0,14268,1,13749.0,1
2026-05-20 19:00:00,2026-05-20,19,PACK-LINE-01,18,swing,Wednesday,1218,0,16,13,83,5,278,5,18,243,0,975,added_packers_and_work_diverted,18,15243,184,18,0,1494,1494,13749,1.0,13749,1,13293.0,1
2026-05-20 20:00:00,2026-05-20,20,PACK-LINE-01,18,swing,Wednesday,1072,0,16,15,88,0,208,0,15,208,0,864,work_diverted,18,14613,167,15,0,1320,1320,13293,1.0,13293,1,13268.0,1
2026-05-20 21:00:00,2026-05-20,21,PACK-LINE-01,18,swing,Wednesday,1525,3,16,16,83,3,312,0,16,305,0,1220,work_diverted,15,14513,175,15,1,1245,1245,13268,1.0,13268,1,13052.0,1
2026-05-20 22:00:00,2026-05-20,22,PACK-LINE-01,18,night,Wednesday,1189,2,10,10,87,4,187,4,14,187,0,1002,added_packers_and_work_diverted,16,14270,165,14,0,1218,1218,13052,1.0,13052,1,13159.0,1
2026-05-20 23:00:00,2026-05-20,23,PACK-LINE-01,18,night,Wednesday,973,0,10,7,84,1,318,1,8,194,0,779,added_packers_and_work_diverted,18,13831,165,8,0,672,672,13159,1.0,13159,1,12930.0,1
2026-05-21 00:00:00,2026-05-21,0,PACK-LINE-01,18,night,Thursday,890,0,10,9,79,5,13,5,14,13,0,877,added_packers_and_work_diverted,18,14036,178,14,0,1106,1106,12930,1.0,12930,1,12578.0,1
2026-05-21 01:00:00,2026-05-21,1,PACK-LINE-01,18,night,Thursday,805,1,10,10,83,2,251,2,12,161,0,644,added_packers_and_work_diverted,17,13574,164,12,0,996,996,12578,1.0,12578,1,12187.0,1
2026-05-21 02:00:00,2026-05-21,2,PACK-LINE-01,18,night,Thursday,924,0,10,10,87,3,217,3,13,184,0,740,added_packers_and_work_diverted,18,13318,154,13,0,1131,1131,12187,1.0,12187,1,12334.0,1
2026-05-21 03:00:00,2026-05-21,3,PACK-LINE-01,18,night,Thursday,1523,1,10,10,82,4,228,4,14,228,0,1295,added_packers_and_work_diverted,17,13482,165,14,0,1148,1148,12334,1.0,12334,1,12099.0,1
2026-05-21 04:00:00,2026-05-21,4,PACK-LINE-01,18,night,Thursday,1152,2,10,10,89,3,249,3,13,230,0,922,added_packers_and_work_diverted,16,13256,149,13,0,1157,1157,12099,1.0,12099,1,12034.0,1
2026-05-21 05:00:00,2026-05-21,5,PACK-LINE-01,18,night,Thursday,872,0,10,8,90,1,127,1,9,127,0,745,added_packers_and_work_diverted,18,12844,143,9,0,810,810,12034,1.0,12034,1,11759.0,1
2026-05-21 06:00:00,2026-05-21,6,PACK-LINE-01,18,day,Thursday,1251,1,18,15,77,3,217,2,17,217,0,1034,added_packers_and_work_diverted,17,13068,170,17,0,1309,1309,11759,1.0,11759,1,12257.0,1
2026-05-21 07:00:00,2026-05-21,7,PACK-LINE-01,18,day,Thursday,2241,1,18,16,83,2,332,1,17,332,0,1909,added_packers_and_work_diverted,17,13668,165,17,0,1411,1411,12257,1.0,12257,1,13280.0,1
2026-05-21 08:00:00,2026-05-21,8,PACK-LINE-01,18,day,Thursday,2507,0,18,16,77,1,175,1,17,175,0,2332,added_packers_and_work_diverted,18,14589,190,17,0,1309,1309,13280,1.0,13280,1,13869.0,1
2026-05-21 09:00:00,2026-05-21,9,PACK-LINE-01,18,day,Thursday,1993,3,18,18,87,5,99,0,18,99,0,1894,work_diverted,15,15174,175,15,3,1305,1305,13869,1.0,13869,1,14512.0,1
2026-05-21 10:00:00,2026-05-21,10,PACK-LINE-01,18,day,Thursday,2474,1,18,16,88,5,335,1,17,335,0,2139,added_packers_and_work_diverted,17,16008,182,17,0,1496,1496,14512,1.0,14512,1,14315.0,1
2026-05-21 11:00:00,2026-05-21,11,PACK-LINE-01,18,day,Thursday,1686,0,18,15,91,2,336,2,17,336,0,1350,added_packers_and_work_diverted,18,15862,175,17,0,1547,1547,14315,1.0,14315,1,14758.0,1
2026-05-21 12:00:00,2026-05-21,12,PACK-LINE-01,18,day,Thursday,2255,1,18,17,90,2,282,0,17,282,0,1973,work_diverted,17,16288,181,17,0,1530,1530,14758,1.0,14758,1,15777.0,1
2026-05-21 13:00:00,2026-05-21,13,PACK-LINE-01,18,day,Thursday,2423,2,18,15,85,3,44,1,16,44,0,2379,added_packers_and_work_diverted,16,17137,202,16,0,1360,1360,15777,1.0,15777,1,15858.0,1
2026-05-21 14:00:00,2026-05-21,14,PACK-LINE-01,18,swing,Thursday,1571,0,16,13,88,1,258,1,14,258,0,1313,added_packers_and_work_diverted,18,17090,195,14,0,1232,1232,15858,1.0,15858,1,16340.0,1
2026-05-21 15:00:00,2026-05-21,15,PACK-LINE-01,18,swing,Thursday,2133,2,16,13,87,3,259,3,16,259,0,1874,added_packers_and_work_diverted,16,17732,204,16,0,1392,1392,16340,1.0,16340,1,16725.0,1
2026-05-21 16:00:00,2026-05-21,16,PACK-LINE-01,18,swing,Thursday,1798,0,16,15,86,1,37,1,16,37,0,1761,added_packers_and_work_diverted,18,18101,211,16,0,1376,1376,16725,1.0,16725,1,17267.0,1
2026-05-21 17:00:00,2026-05-21,17,PACK-LINE-01,18,swing,Thursday,2085,3,16,15,86,3,253,0,15,253,0,1832,work_diverted,15,18557,216,15,0,1290,1290,17267,1.0,17267,1,17456.0,1
2026-05-21 18:00:00,2026-05-21,18,PACK-LINE-01,18,swing,Thursday,1846,0,16,13,94,4,59,4,17,59,0,1787,added_packers_and_work_diverted,18,19054,203,17,0,1598,1598,17456,1.0,17456,1,17440.0,1
2026-05-21 19:00:00,2026-05-21,19,PACK-LINE-01,18,swing,Thursday,1519,0,16,15,79,4,113,3,18,113,0,1406,added_packers_and_work_diverted,18,18862,239,18,0,1422,1422,17440,1.0,17440,1,17752.0,1
2026-05-21 20:00:00,2026-05-21,20,PACK-LINE-01,18,swing,Thursday,1704,3,16,15,89,3,57,0,15,57,0,1647,work_diverted,15,19087,215,15,0,1335,1335,17752,1.0,17752,1,17655.0,1
2026-05-21 21:00:00,2026-05-21,21,PACK-LINE-01,18,swing,Thursday,1430,0,16,13,89,4,14,4,17,14,0,1416,added_packers_and_work_diverted,18,19168,216,17,0,1513,1513,17655,1.0,17655,1,17479.0,1
2026-05-21 22:00:00,2026-05-21,22,PACK-LINE-01,18,night,Thursday,904,0,10,9,90,1,277,1,10,180,0,724,added_packers_and_work_diverted,18,18379,205,10,0,900,900,17479,1.0,17479,1,17603.0,1
2026-05-21 23:00:00,2026-05-21,23,PACK-LINE-01,18,night,Thursday,1107,3,10,7,83,4,70,4,11,70,0,1037,added_packers_and_work_diverted,15,18516,224,11,0,913,913,17603,1.0,17603,1,18103.0,1
2026-05-22 00:00:00,2026-05-22,0,PACK-LINE-01,18,night,Friday,1453,1,10,8,85,1,188,1,9,188,0,1265,added_packers_and_work_diverted,17,18868,222,9,0,765,765,18103,1.0,18103,1,17922.0,1
2026-05-22 01:00:00,2026-05-22,1,PACK-LINE-01,18,night,Friday,958,0,10,10,79,2,237,2,12,191,0,767,added_packers_and_work_diverted,18,18870,239,12,0,948,948,17922,1.0,17922,1,18346.0,1
2026-05-22 02:00:00,2026-05-22,2,PACK-LINE-01,18,night,Friday,1197,2,10,7,85,0,178,0,7,178,0,1019,work_diverted,16,18941,223,7,0,595,595,18346,1.0,18346,1,18569.0,1
2026-05-22 03:00:00,2026-05-22,3,PACK-LINE-01,18,night,Friday,1088,0,10,8,81,0,312,0,8,217,0,871,work_diverted,18,19217,238,8,0,648,648,18569,1.0,18569,1,18654.0,1
2026-05-22 04:00:00,2026-05-22,4,PACK-LINE-01,18,night,Friday,1065,0,10,10,86,1,34,1,11,34,0,1031,added_packers_and_work_diverted,18,19600,228,11,0,946,946,18654,1.0,18654,1,18600.0,1
2026-05-22 05:00:00,2026-05-22,5,PACK-LINE-01,18,night,Friday,1177,1,10,7,83,5,324,5,12,235,0,942,added_packers_and_work_diverted,17,19596,237,12,0,996,996,18600,1.0,18600,1,19099.0,1
2026-05-22 06:00:00,2026-05-22,6,PACK-LINE-01,18,day,Friday,1968,3,18,18,81,2,254,0,18,254,0,1714,work_diverted,15,20314,251,15,3,1215,1215,19099,1.0,19099,1,19140.0,1
2026-05-22 07:00:00,2026-05-22,7,PACK-LINE-01,18,day,Friday,1556,4,18,17,86,5,332,0,17,311,0,1245,work_diverted,14,20344,237,14,3,1204,1204,19140,1.0,19140,1,19049.0,1
2026-05-22 08:00:00,2026-05-22,8,PACK-LINE-01,18,day,Friday,1782,0,18,15,88,4,289,3,18,289,0,1493,added_packers_and_work_diverted,18,20633,235,18,0,1584,1584,19049,1.0,19049,1,19188.0,1
2026-05-22 09:00:00,2026-05-22,9,PACK-LINE-01,18,day,Friday,1525,3,18,16,86,4,96,0,16,96,0,1429,work_diverted,15,20478,239,15,1,1290,1290,19188,1.0,19188,1,20140.0,1
2026-05-22 10:00:00,2026-05-22,10,PACK-LINE-01,18,day,Friday,2205,4,18,16,74,4,217,0,16,217,0,1988,work_diverted,14,21176,287,14,2,1036,1036,20140,1.0,20140,1,19944.0,1
2026-05-22 11:00:00,2026-05-22,11,PACK-LINE-01,18,day,Friday,1533,1,18,15,88,3,233,2,17,233,0,1300,added_packers_and_work_diverted,17,21440,244,17,0,1496,1496,19944,1.0,19944,1,19752.0,1
2026-05-22 12:00:00,2026-05-22,12,PACK-LINE-01,18,day,Friday,1428,0,18,17,86,0,158,0,17,158,0,1270,work_diverted,18,21214,247,17,0,1462,1462,19752,1.0,19752,1,19605.0,1
2026-05-22 13:00:00,2026-05-22,13,PACK-LINE-01,18,day,Friday,1404,0,18,15,81,3,93,3,18,93,0,1311,added_packers_and_work_diverted,18,21063,261,18,0,1458,1458,19605,1.0,19605,1,20034.0,1
2026-05-22 14:00:00,2026-05-22,14,PACK-LINE-01,18,swing,Friday,1791,2,16,15,84,0,102,0,15,102,0,1689,work_diverted,16,21294,254,15,0,1260,1260,20034,1.0,20034,1,20189.0,1
2026-05-22 15:00:00,2026-05-22,15,PACK-LINE-01,18,swing,Friday,1401,0,16,14,84,0,70,0,14,70,0,1331,work_diverted,18,21365,255,14,0,1176,1176,20189,1.0,20189,1,20830.0,1
2026-05-22 16:00:00,2026-05-22,16,PACK-LINE-01,18,swing,Friday,2265,1,16,13,86,4,162,4,17,162,0,2103,added_packers_and_work_diverted,17,22292,260,17,0,1462,1462,20830,1.0,20830,1,21818.0,1
2026-05-22 17:00:00,2026-05-22,17,PACK-LINE-01,18,swing,Friday,2177,4,16,15,82,4,41,0,15,41,0,2136,work_diverted,14,22966,281,14,1,1148,1148,21818,1.0,21818,1,22386.0,1
2026-05-22 18:00:00,2026-05-22,18,PACK-LINE-01,18,swing,Friday,2085,0,16,15,84,4,5,3,18,5,0,2080,added_packers_and_work_diverted,18,23898,285,18,0,1512,1512,22386,1.0,22386,1,22506.0,1
2026-05-22 19:00:00,2026-05-22,19,PACK-LINE-01,18,swing,Friday,1650,0,16,16,83,3,36,2,18,36,0,1614,added_packers_and_work_diverted,18,24000,290,18,0,1494,1494,22506,1.0,22506,1,22382.0,1
2026-05-22 20:00:00,2026-05-22,20,PACK-LINE-01,18,swing,Friday,1403,0,16,14,80,4,87,4,18,87,0,1316,added_packers_and_work_diverted,18,23822,298,18,0,1440,1440,22382,1.0,22382,1,22297.0,1
2026-05-22 21:00:00,2026-05-22,21,PACK-LINE-01,18,swing,Friday,1643,1,16,13,95,4,113,4,17,113,0,1530,added_packers_and_work_diverted,17,23912,252,17,0,1615,1615,22297,1.0,22297,1,22267.0,1
2026-05-22 22:00:00,2026-05-22,22,PACK-LINE-01,18,night,Friday,1049,1,10,10,87,0,314,0,10,209,0,840,work_diverted,17,23137,266,10,0,870,870,22267,1.0,22267,1,22213.0,1
2026-05-22 23:00:00,2026-05-22,23,PACK-LINE-01,18,night,Friday,1232,3,10,9,80,4,296,4,13,246,0,986,added_packers_and_work_diverted,15,23253,291,13,0,1040,1040,22213,1.0,22213,1,21915.0,1
2026-05-23 00:00:00,2026-05-23,0,PACK-LINE-01,18,night,Saturday,768,0,10,8,83,3,273,3,11,153,0,615,added_packers_and_work_diverted,18,22828,276,11,0,913,913,21915,1.0,21915,1,21935.0,1
2026-05-23 01:00:00,2026-05-23,1,PACK-LINE-01,18,night,Saturday,1000,0,10,7,78,4,122,4,11,122,0,878,added_packers_and_work_diverted,18,22793,293,11,0,858,858,21935,1.0,21935,1,21817.0,1
2026-05-23 02:00:00,2026-05-23,2,PACK-LINE-01,18,night,Saturday,926,1,10,10,90,0,144,0,10,144,0,782,work_diverted,17,22717,253,10,0,900,900,21817,1.0,21817,1,21763.0,1
2026-05-23 03:00:00,2026-05-23,3,PACK-LINE-01,18,night,Saturday,843,2,10,9,81,0,305,0,9,168,0,675,work_diverted,16,22492,278,9,0,729,729,21763,1.0,21763,1,21663.0,1
2026-05-23 04:00:00,2026-05-23,4,PACK-LINE-01,18,night,Saturday,831,4,10,9,85,0,234,0,9,166,0,665,work_diverted,14,22428,264,9,0,765,765,21663,1.0,21663,1,21816.0,1
2026-05-23 05:00:00,2026-05-23,5,PACK-LINE-01,18,night,Saturday,1224,0,10,10,91,1,70,1,11,70,0,1154,added_packers_and_work_diverted,18,22817,251,11,0,1001,1001,21816,1.0,21816,1,21799.0,1
2026-05-23 06:00:00,2026-05-23,6,PACK-LINE-01,18,day,Saturday,1741,0,18,17,88,5,174,1,18,174,0,1567,added_packers_and_work_diverted,18,23383,266,18,0,1584,1584,21799,1.0,21799,1,21713.0,1
2026-05-23 07:00:00,2026-05-23,7,PACK-LINE-01,18,day,Saturday,1430,3,18,15,82,4,348,0,15,286,0,1144,work_diverted,15,22943,280,15,0,1230,1230,21713,1.0,21713,1,21493.0,1
2026-05-23 08:00:00,2026-05-23,8,PACK-LINE-01,18,day,Saturday,1500,1,18,18,85,1,275,0,18,275,0,1225,work_diverted,17,22938,270,17,1,1445,1445,21493,1.0,21493,1,22014.0,1
2026-05-23 09:00:00,2026-05-23,9,PACK-LINE-01,18,day,Saturday,1829,4,18,16,81,2,174,0,16,174,0,1655,work_diverted,14,23148,286,14,2,1134,1134,22014,1.0,22014,1,23109.0,1
2026-05-23 10:00:00,2026-05-23,10,PACK-LINE-01,18,day,Saturday,2739,1,18,16,83,0,316,0,16,316,0,2423,work_diverted,17,24437,295,16,0,1328,1328,23109,1.0,23109,1,22981.0,1
2026-05-23 11:00:00,2026-05-23,11,PACK-LINE-01,18,day,Saturday,1336,3,18,15,84,5,204,0,15,204,0,1132,work_diverted,15,24241,289,15,0,1260,1260,22981,1.0,22981,1,23653.0,1
2026-05-23 12:00:00,2026-05-23,12,PACK-LINE-01,18,day,Saturday,2090,0,18,16,78,1,92,1,17,92,0,1998,added_packers_and_work_diverted,18,24979,321,17,0,1326,1326,23653,1.0,23653,1,23661.0,1
2026-05-23 13:00:00,2026-05-23,13,PACK-LINE-01,18,day,Saturday,1763,0,18,18,86,4,207,0,18,207,0,1556,work_diverted,18,25209,294,18,0,1548,1548,23661,1.0,23661,1,23591.0,1
2026-05-23 14:00:00,2026-05-23,14,PACK-LINE-01,18,swing,Saturday,1480,0,16,16,83,4,56,2,18,56,0,1424,added_packers_and_work_diverted,18,25085,303,18,0,1494,1494,23591,1.0,23591,1,23637.0,1
2026-05-23 15:00:00,2026-05-23,15,PACK-LINE-01,18,swing,Saturday,1541,0,16,14,82,2,183,2,16,183,0,1358,added_packers_and_work_diverted,18,24949,305,16,0,1312,1312,23637,1.0,23637,1,23610.0,1
2026-05-23 16:00:00,2026-05-23,16,PACK-LINE-01,18,swing,Saturday,1578,1,16,15,81,3,228,2,17,228,0,1350,added_packers_and_work_diverted,17,24987,309,17,0,1377,1377,23610,1.0,23610,1,23757.0,1
2026-05-23 17:00:00,2026-05-23,17,PACK-LINE-01,18,swing,Saturday,1752,0,16,16,78,5,201,2,18,201,0,1551,added_packers_and_work_diverted,18,25161,323,18,0,1404,1404,23757,1.0,23757,1,23784.0,1
2026-05-23 18:00:00,2026-05-23,18,PACK-LINE-01,18,swing,Saturday,1245,0,16,13,82,0,152,0,13,152,0,1093,work_diverted,18,24850,304,13,0,1066,1066,23784,1.0,23784,1,23821.0,1
2026-05-23 19:00:00,2026-05-23,19,PACK-LINE-01,18,swing,Saturday,1769,0,16,15,85,4,202,3,18,202,0,1567,added_packers_and_work_diverted,18,25351,299,18,0,1530,1530,23821,1.0,23821,1,23338.0,1
2026-05-23 20:00:00,2026-05-23,20,PACK-LINE-01,18,swing,Saturday,1166,2,16,15,94,4,145,1,16,145,0,1021,added_packers_and_work_diverted,16,24842,265,16,0,1504,1504,23338,1.0,23338,1,22982.0,1
2026-05-23 21:00:00,2026-05-23,21,PACK-LINE-01,18,swing,Saturday,1042,4,16,14,85,2,230,0,14,208,0,834,work_diverted,14,24172,285,14,0,1190,1190,22982,1.0,22982,1,22965.0,1
2026-05-23 22:00:00,2026-05-23,22,PACK-LINE-01,18,night,Saturday,1263,0,10,10,86,3,162,3,13,162,0,1101,added_packers_and_work_diverted,18,24083,281,13,0,1118,1118,22965,1.0,22965,1,22544.0,1
2026-05-23 23:00:00,2026-05-23,23,PACK-LINE-01,18,night,Saturday,763,2,10,10,86,2,314,2,12,152,0,611,added_packers_and_work_diverted,16,23576,275,12,0,1032,1032,22544,1.0,22544,1,22865.0,1
2026-05-24 00:00:00,2026-05-24,0,PACK-LINE-01,18,night,Sunday,1201,2,10,9,78,0,178,0,9,178,0,1023,work_diverted,16,23567,303,9,0,702,702,22865,1.0,22865,1,22799.0,1
2026-05-24 01:00:00,2026-05-24,1,PACK-LINE-01,18,night,Sunday,917,0,10,9,80,1,333,1,10,183,0,734,added_packers_and_work_diverted,18,23599,295,10,0,800,800,22799,1.0,22799,1,22809.0,1
2026-05-24 02:00:00,2026-05-24,2,PACK-LINE-01,18,night,Sunday,1255,0,10,9,87,5,27,5,14,27,0,1228,added_packers_and_work_diverted,18,24027,277,14,0,1218,1218,22809,1.0,22809,1,22623.0,1
2026-05-24 03:00:00,2026-05-24,3,PACK-LINE-01,18,night,Sunday,982,1,10,10,78,3,154,3,13,154,0,828,added_packers_and_work_diverted,17,23637,304,13,0,1014,1014,22623,1.0,22623,1,22182.0,1
2026-05-24 04:00:00,2026-05-24,4,PACK-LINE-01,18,night,Sunday,878,1,10,9,88,4,185,4,13,175,0,703,added_packers_and_work_diverted,17,23326,266,13,0,1144,1144,22182,1.0,22182,1,21541.0,1
2026-05-24 05:00:00,2026-05-24,5,PACK-LINE-01,18,night,Sunday,717,0,10,10,90,5,8,5,15,8,0,709,added_packers_and_work_diverted,18,22891,255,15,0,1350,1350,21541,1.0,21541,1,21587.0,1
2026-05-24 06:00:00,2026-05-24,6,PACK-LINE-01,18,day,Sunday,1608,0,18,15,80,2,202,2,17,202,0,1406,added_packers_and_work_diverted,18,22947,287,17,0,1360,1360,21587,1.0,21587,1,21127.0,1
2026-05-24 07:00:00,2026-05-24,7,PACK-LINE-01,18,day,Sunday,1180,0,18,17,78,4,321,1,18,236,0,944,added_packers_and_work_diverted,18,22531,289,18,0,1404,1404,21127,1.0,21127,1,21702.0,1
2026-05-24 08:00:00,2026-05-24,8,PACK-LINE-01,18,day,Sunday,2220,0,18,18,85,0,115,0,18,115,0,2105,work_diverted,18,23232,274,18,0,1530,1530,21702,1.0,21702,1,21518.0,1
2026-05-24 09:00:00,2026-05-24,9,PACK-LINE-01,18,day,Sunday,1329,2,18,17,87,2,121,0,17,121,0,1208,work_diverted,16,22910,264,16,1,1392,1392,21518,1.0,21518,1,21104.0,1
2026-05-24 10:00:00,2026-05-24,10,PACK-LINE-01,18,day,Sunday,1394,0,18,16,85,4,325,2,18,278,0,1116,added_packers_and_work_diverted,18,22634,267,18,0,1530,1530,21104,1.0,21104,1,22128.0,1
2026-05-24 11:00:00,2026-05-24,11,PACK-LINE-01,18,day,Sunday,2484,4,18,15,86,4,256,0,15,256,0,2228,work_diverted,14,23332,272,14,1,1204,1204,22128,1.0,22128,1,22000.0,1
2026-05-24 12:00:00,2026-05-24,12,PACK-LINE-01,18,day,Sunday,1579,0,18,17,87,4,141,1,18,141,0,1438,added_packers_and_work_diverted,18,23566,271,18,0,1566,1566,22000,1.0,22000,1,22290.0,1
2026-05-24 13:00:00,2026-05-24,13,PACK-LINE-01,18,day,Sunday,1650,4,18,18,84,4,184,0,18,184,0,1466,work_diverted,14,23466,280,14,4,1176,1176,22290,1.0,22290,1,22635.0,1
2026-05-24 14:00:00,2026-05-24,14,PACK-LINE-01,18,swing,Sunday,1913,2,16,15,81,1,272,1,16,272,0,1641,added_packers_and_work_diverted,16,23931,296,16,0,1296,1296,22635,1.0,22635,1,23018.0,1
2026-05-24 15:00:00,2026-05-24,15,PACK-LINE-01,18,swing,Sunday,2033,0,16,16,82,4,174,2,18,174,0,1859,added_packers_and_work_diverted,18,24494,299,18,0,1476,1476,23018,1.0,23018,1,23472.0,1
2026-05-24 16:00:00,2026-05-24,16,PACK-LINE-01,18,swing,Sunday,2338,0,16,14,93,3,303,3,17,303,0,2035,added_packers_and_work_diverted,18,25053,270,17,0,1581,1581,23472,1.0,23472,1,24243.0,1
2026-05-24 17:00:00,2026-05-24,17,PACK-LINE-01,18,swing,Sunday,2256,4,16,14,92,1,197,0,14,197,0,2059,work_diverted,14,25531,278,14,0,1288,1288,24243,1.0,24243,1,24192.0,1
2026-05-24 18:00:00,2026-05-24,18,PACK-LINE-01,18,swing,Sunday,1262,2,16,15,79,1,49,1,16,49,0,1213,added_packers_and_work_diverted,16,25456,323,16,0,1264,1264,24192,1.0,24192,1,23735.0,1
2026-05-24 19:00:00,2026-05-24,19,PACK-LINE-01,18,swing,Sunday,1256,1,16,15,87,2,234,2,17,234,0,1022,added_packers_and_work_diverted,17,25214,290,17,0,1479,1479,23735,1.0,23735,1,22903.0,1
2026-05-24 20:00:00,2026-05-24,20,PACK-LINE-01,18,swing,Sunday,1075,0,16,15,94,4,275,3,18,215,0,860,added_packers_and_work_diverted,18,24595,262,18,0,1692,1692,22903,1.0,22903,1,22790.0,1
2026-05-24 21:00:00,2026-05-24,21,PACK-LINE-01,18,swing,Sunday,1168,4,16,13,86,4,77,1,14,77,0,1091,added_packers_and_work_diverted,14,23994,279,14,0,1204,1204,22790,1.0,22790,1,22608.0,1
2026-05-24 22:00:00,2026-05-24,22,PACK-LINE-01,18,night,Sunday,1180,1,10,10,87,5,57,5,15,57,0,1123,added_packers_and_work_diverted,17,23913,275,15,0,1305,1305,22608,1.0,22608,1,22936.0,1
2026-05-24 23:00:00,2026-05-24,23,PACK-LINE-01,18,night,Sunday,960,2,10,7,80,0,72,0,7,72,0,888,work_diverted,16,23496,294,7,0,560,560,22936,1.0,22936,1,23112.0,1
2026-05-25 00:00:00,2026-05-25,0,PACK-LINE-01,18,night,Monday,999,0,10,7,78,1,277,1,8,199,0,800,added_packers_and_work_diverted,18,23736,305,8,0,624,624,23112,1.0,23112,1,22699.0,1
2026-05-25 01:00:00,2026-05-25,1,PACK-LINE-01,18,night,Monday,713,0,10,7,82,5,173,5,12,142,0,571,added_packers_and_work_diverted,18,23683,289,12,0,984,984,22699,1.0,22699,1,22414.0,1
2026-05-25 02:00:00,2026-05-25,2,PACK-LINE-01,18,night,Monday,656,3,10,9,81,1,172,1,10,131,0,525,added_packers_and_work_diverted,15,23224,287,10,0,810,810,22414,1.0,22414,1,22012.0,1
2026-05-25 03:00:00,2026-05-25,3,PACK-LINE-01,18,night,Monday,753,0,10,10,87,3,24,3,13,24,0,729,added_packers_and_work_diverted,18,23143,267,13,0,1131,1131,22012,1.0,22012,1,21817.0,1
2026-05-25 04:00:00,2026-05-25,4,PACK-LINE-01,18,night,Monday,566,0,10,8,87,0,65,0,8,65,0,501,work_diverted,18,22513,259,8,0,696,696,21817,1.0,21817,1,21433.0,1
2026-05-25 05:00:00,2026-05-25,5,PACK-LINE-01,18,night,Monday,702,0,10,8,86,3,195,3,11,140,0,562,added_packers_and_work_diverted,18,22379,261,11,0,946,946,21433,1.0,21433,1,21043.0,1
2026-05-25 06:00:00,2026-05-25,6,PACK-LINE-01,18,day,Monday,1038,2,18,18,79,2,164,0,18,164,0,874,work_diverted,16,22307,283,16,2,1264,1264,21043,1.0,21043,1,20412.0,1
2026-05-25 07:00:00,2026-05-25,7,PACK-LINE-01,18,day,Monday,857,0,18,17,81,1,30,1,18,30,0,827,added_packers_and_work_diverted,18,21870,270,18,0,1458,1458,20412,1.0,20412,1,20038.0,1
2026-05-25 08:00:00,2026-05-25,8,PACK-LINE-01,18,day,Monday,1119,0,18,18,79,1,71,0,18,71,0,1048,work_diverted,18,21460,272,18,0,1422,1422,20038,1.0,20038,1,19729.0,1
2026-05-25 09:00:00,2026-05-25,9,PACK-LINE-01,18,day,Monday,1066,4,18,18,83,0,342,0,18,213,0,853,work_diverted,14,20891,252,14,4,1162,1162,19729,1.0,19729,1,20055.0,1
2026-05-25 10:00:00,2026-05-25,10,PACK-LINE-01,18,day,Monday,1879,1,18,15,84,0,293,0,15,293,0,1586,work_diverted,17,21315,254,15,0,1260,1260,20055,1.0,20055,1,20467.0,1
2026-05-25 11:00:00,2026-05-25,11,PACK-LINE-01,18,day,Monday,1899,1,18,18,82,0,93,0,18,93,0,1806,work_diverted,17,21861,267,17,1,1394,1394,20467,1.0,20467,1,20374.0,1
2026-05-25 12:00:00,2026-05-25,12,PACK-LINE-01,18,day,Monday,1411,3,18,16,82,3,274,0,16,274,0,1137,work_diverted,15,21604,264,15,1,1230,1230,20374,1.0,20374,1,19779.0,1
2026-05-25 13:00:00,2026-05-25,13,PACK-LINE-01,18,day,Monday,973,2,18,15,88,3,160,1,16,160,0,813,added_packers_and_work_diverted,16,21187,241,16,0,1408,1408,19779,1.0,19779,1,19485.0,1
2026-05-25 14:00:00,2026-05-25,14,PACK-LINE-01,18,swing,Monday,1347,1,16,16,82,4,247,1,17,247,0,1100,added_packers_and_work_diverted,17,20879,255,17,0,1394,1394,19485,1.0,19485,1,19451.0,1
2026-05-25 15:00:00,2026-05-25,15,PACK-LINE-01,18,swing,Monday,1142,1,16,13,84,1,0,1,14,0,0,1142,added_packers,17,20627,246,14,0,1176,1176,19451,1.0,19451,1,19562.0,1
2026-05-25 16:00:00,2026-05-25,16,PACK-LINE-01,18,swing,Monday,1337,0,16,13,85,1,36,1,14,36,0,1301,added_packers_and_work_diverted,18,20752,245,14,0,1190,1190,19562,1.0,19562,1,19132.0,1
2026-05-25 17:00:00,2026-05-25,17,PACK-LINE-01,18,swing,Monday,1289,0,16,16,91,4,81,2,18,81,0,1208,added_packers_and_work_diverted,18,20770,229,18,0,1638,1638,19132,1.0,19132,1,18479.0,1
2026-05-25 18:00:00,2026-05-25,18,PACK-LINE-01,18,swing,Monday,833,2,16,15,85,1,126,1,16,126,0,707,added_packers_and_work_diverted,16,19839,234,16,0,1360,1360,18479,1.0,18479,1,17981.0,1
2026-05-25 19:00:00,2026-05-25,19,PACK-LINE-01,18,swing,Monday,1118,0,16,15,85,3,86,3,18,86,0,1032,added_packers_and_work_diverted,18,19511,230,18,0,1530,1530,17981,1.0,17981,1,17770.0,1
2026-05-25 20:00:00,2026-05-25,20,PACK-LINE-01,18,swing,Monday,1475,2,16,13,88,4,278,3,16,278,0,1197,added_packers_and_work_diverted,16,19178,218,16,0,1408,1408,17770,1.0,17770,1,17316.0,1
2026-05-25 21:00:00,2026-05-25,21,PACK-LINE-01,18,swing,Monday,1201,0,16,16,85,3,125,2,18,125,0,1076,added_packers_and_work_diverted,18,18846,222,18,0,1530,1530,17316,1.0,17316,1,17471.0,1
2026-05-25 22:00:00,2026-05-25,22,PACK-LINE-01,18,night,Monday,1053,0,10,8,86,0,302,0,8,210,0,843,work_diverted,18,18159,212,8,0,688,688,17471,1.0,17471,1,17543.0,1
2026-05-25 23:00:00,2026-05-25,23,PACK-LINE-01,18,night,Monday,1001,1,10,9,88,0,137,0,9,137,0,864,work_diverted,17,18335,209,9,0,792,792,17543,1.0,17543,1,16773.0,1
2026-05-26 00:00:00,2026-05-26,0,PACK-LINE-01,18,night,Tuesday,595,0,10,9,89,5,208,5,14,119,0,476,added_packers_and_work_diverted,18,18019,203,14,0,1246,1246,16773,1.0,16773,1,16577.0,1
2026-05-26 01:00:00,2026-05-26,1,PACK-LINE-01,18,night,Tuesday,930,0,10,8,86,5,8,5,13,8,0,922,added_packers_and_work_diverted,18,17695,206,13,0,1118,1118,16577,1.0,16577,1,16759.0,1
2026-05-26 02:00:00,2026-05-26,2,PACK-LINE-01,18,night,Tuesday,813,2,10,7,86,0,29,0,7,29,0,784,work_diverted,16,17361,202,7,0,602,602,16759,1.0,16759,1,16724.0,1
2026-05-26 03:00:00,2026-05-26,3,PACK-LINE-01,18,night,Tuesday,720,2,10,7,86,1,67,1,8,67,0,653,added_packers_and_work_diverted,16,17412,203,8,0,688,688,16724,1.0,16724,1,16572.0,1
2026-05-26 04:00:00,2026-05-26,4,PACK-LINE-01,18,night,Tuesday,698,0,10,9,79,0,215,0,9,139,0,559,work_diverted,18,17283,219,9,0,711,711,16572,1.0,16572,1,16495.0,1
2026-05-26 05:00:00,2026-05-26,5,PACK-LINE-01,18,night,Tuesday,972,0,10,7,87,5,5,5,12,5,0,967,added_packers_and_work_diverted,18,17539,202,12,0,1044,1044,16495,1.0,16495,1,16165.0,1
2026-05-26 06:00:00,2026-05-26,6,PACK-LINE-01,18,day,Tuesday,1181,1,18,15,87,2,32,2,17,32,0,1149,added_packers_and_work_diverted,17,17644,203,17,0,1479,1479,16165,1.0,16165,1,15852.0,1
2026-05-26 07:00:00,2026-05-26,7,PACK-LINE-01,18,day,Tuesday,1340,0,18,17,84,4,141,1,18,141,0,1199,added_packers_and_work_diverted,18,17364,207,18,0,1512,1512,15852,1.0,15852,1,15865.0,1
2026-05-26 08:00:00,2026-05-26,8,PACK-LINE-01,18,day,Tuesday,1683,0,18,16,85,0,310,0,16,310,0,1373,work_diverted,18,17225,203,16,0,1360,1360,15865,1.0,15865,1,15383.0,1
2026-05-26 09:00:00,2026-05-26,9,PACK-LINE-01,18,day,Tuesday,1175,0,18,16,87,3,91,2,18,91,0,1084,added_packers_and_work_diverted,18,16949,195,18,0,1566,1566,15383,1.0,15383,1,15810.0,1
2026-05-26 10:00:00,2026-05-26,10,PACK-LINE-01,18,day,Tuesday,1722,0,18,16,80,0,15,0,16,15,0,1707,work_diverted,18,17090,214,16,0,1280,1280,15810,1.0,15810,1,15860.0,1
2026-05-26 11:00:00,2026-05-26,11,PACK-LINE-01,18,day,Tuesday,1507,1,18,18,77,5,148,0,18,148,0,1359,work_diverted,17,17169,223,17,1,1309,1309,15860,1.0,15860,1,15776.0,1
2026-05-26 12:00:00,2026-05-26,12,PACK-LINE-01,18,day,Tuesday,1450,3,18,17,88,3,214,0,17,214,0,1236,work_diverted,15,17096,195,15,2,1320,1320,15776,1.0,15776,1,15347.0,1
2026-05-26 13:00:00,2026-05-26,13,PACK-LINE-01,18,day,Tuesday,1103,2,18,16,82,5,339,0,16,220,0,883,work_diverted,16,16659,204,16,0,1312,1312,15347,1.0,15347,1,15019.0,1
2026-05-26 14:00:00,2026-05-26,14,PACK-LINE-01,18,swing,Tuesday,787,4,16,15,79,3,9,0,15,9,0,778,work_diverted,14,16125,205,14,1,1106,1106,15019,1.0,15019,1,14899.0,1
2026-05-26 15:00:00,2026-05-26,15,PACK-LINE-01,18,swing,Tuesday,1413,1,16,13,84,5,105,4,17,105,0,1308,added_packers_and_work_diverted,17,16327,195,17,0,1428,1428,14899,1.0,14899,1,14937.0,1
2026-05-26 16:00:00,2026-05-26,16,PACK-LINE-01,18,swing,Tuesday,1673,0,16,15,82,3,159,3,18,159,0,1514,added_packers_and_work_diverted,18,16413,201,18,0,1476,1476,14937,1.0,14937,1,15264.0,1
2026-05-26 17:00:00,2026-05-26,17,PACK-LINE-01,18,swing,Tuesday,1501,3,16,13,83,0,95,0,13,95,0,1406,work_diverted,15,16343,197,13,0,1079,1079,15264,1.0,15264,1,14979.0,1
2026-05-26 18:00:00,2026-05-26,18,PACK-LINE-01,18,swing,Tuesday,1240,2,16,15,85,1,165,1,16,165,0,1075,added_packers_and_work_diverted,16,16339,193,16,0,1360,1360,14979,1.0,14979,1,14473.0,1
2026-05-26 19:00:00,2026-05-26,19,PACK-LINE-01,18,swing,Tuesday,1173,1,16,16,91,5,132,1,17,132,0,1041,added_packers_and_work_diverted,17,16020,177,17,0,1547,1547,14473,1.0,14473,1,13593.0,1
2026-05-26 20:00:00,2026-05-26,20,PACK-LINE-01,18,swing,Tuesday,790,0,16,16,84,5,316,2,18,158,0,632,added_packers_and_work_diverted,18,15105,180,18,0,1512,1512,13593,1.0,13593,1,13026.0,1
2026-05-26 21:00:00,2026-05-26,21,PACK-LINE-01,18,swing,Tuesday,867,1,16,13,81,3,138,3,16,138,0,729,added_packers_and_work_diverted,17,14322,177,16,0,1296,1296,13026,1.0,13026,1,12746.0,1
2026-05-26 22:00:00,2026-05-26,22,PACK-LINE-01,18,night,Tuesday,725,0,10,7,86,3,317,3,10,145,0,580,added_packers_and_work_diverted,18,13606,159,10,0,860,860,12746,1.0,12746,1,12086.0,1
2026-05-26 23:00:00,2026-05-26,23,PACK-LINE-01,18,night,Tuesday,572,1,10,9,84,5,56,5,14,56,0,516,added_packers_and_work_diverted,17,13262,158,14,0,1176,1176,12086,1.0,12086,1,12224.0,1
2026-05-27 00:00:00,2026-05-27,0,PACK-LINE-01,18,night,Wednesday,756,2,10,7,88,0,2,0,7,2,0,754,work_diverted,16,12840,146,7,0,616,616,12224,1.0,12224,1,11909.0,1
2026-05-27 01:00:00,2026-05-27,1,PACK-LINE-01,18,night,Wednesday,775,0,10,7,85,4,286,4,11,155,0,620,added_packers_and_work_diverted,18,12844,152,11,0,935,935,11909,1.0,11909,1,11557.0,1
2026-05-27 02:00:00,2026-05-27,2,PACK-LINE-01,18,night,Wednesday,1004,0,10,10,82,5,126,5,15,126,0,878,added_packers_and_work_diverted,18,12787,156,15,0,1230,1230,11557,1.0,11557,1,11573.0,1
2026-05-27 03:00:00,2026-05-27,3,PACK-LINE-01,18,night,Wednesday,1039,1,10,8,85,2,173,2,10,173,0,866,added_packers_and_work_diverted,17,12423,147,10,0,850,850,11573,1.0,11573,1,11454.0,1
2026-05-27 04:00:00,2026-05-27,4,PACK-LINE-01,18,night,Wednesday,826,4,10,10,78,0,283,0,10,165,0,661,work_diverted,14,12234,157,10,0,780,780,11454,1.0,11454,1,11401.0,1
2026-05-27 05:00:00,2026-05-27,5,PACK-LINE-01,18,night,Wednesday,996,0,10,8,85,2,261,2,10,199,0,797,added_packers_and_work_diverted,18,12251,145,10,0,850,850,11401,1.0,11401,1,11542.0,1
2026-05-27 06:00:00,2026-05-27,6,PACK-LINE-01,18,day,Wednesday,1774,2,18,16,90,0,193,0,16,193,0,1581,work_diverted,16,12982,145,16,0,1440,1440,11542,1.0,11542,1,11616.0,1
2026-05-27 07:00:00,2026-05-27,7,PACK-LINE-01,18,day,Wednesday,1814,0,18,17,79,5,318,1,18,318,0,1496,added_packers_and_work_diverted,18,13038,166,18,0,1422,1422,11616,1.0,11616,1,11228.0,1
2026-05-27 08:00:00,2026-05-27,8,PACK-LINE-01,18,day,Wednesday,1315,2,18,17,90,3,291,0,17,263,0,1052,work_diverted,16,12668,141,16,1,1440,1440,11228,1.0,11228,1,11630.0,1
2026-05-27 09:00:00,2026-05-27,9,PACK-LINE-01,18,day,Wednesday,1967,0,18,17,82,2,89,1,18,89,0,1878,added_packers_and_work_diverted,18,13106,160,18,0,1476,1476,11630,1.0,11630,1,12385.0,1
2026-05-27 10:00:00,2026-05-27,10,PACK-LINE-01,18,day,Wednesday,2512,0,18,17,87,4,191,1,18,191,0,2321,added_packers_and_work_diverted,18,13951,161,18,0,1566,1566,12385,1.0,12385,1,13468.0,1
2026-05-27 11:00:00,2026-05-27,11,PACK-LINE-01,18,day,Wednesday,2770,0,18,18,87,3,121,0,18,121,0,2649,work_diverted,18,15034,173,18,0,1566,1566,13468,1.0,13468,1,13214.0,1
2026-05-27 12:00:00,2026-05-27,12,PACK-LINE-01,18,day,Wednesday,1259,3,18,18,85,4,238,0,18,238,0,1021,work_diverted,15,14489,171,15,3,1275,1275,13214,1.0,13214,1,13378.0,1
2026-05-27 13:00:00,2026-05-27,13,PACK-LINE-01,18,day,Wednesday,1655,0,18,15,86,1,115,1,16,115,0,1540,added_packers_and_work_diverted,18,14754,172,16,0,1376,1376,13378,1.0,13378,1,13137.0,1
2026-05-27 14:00:00,2026-05-27,14,PACK-LINE-01,18,swing,Wednesday,1358,2,16,14,83,2,274,2,16,271,0,1087,added_packers_and_work_diverted,16,14465,175,16,0,1328,1328,13137,1.0,13137,1,13959.0,1
2026-05-27 15:00:00,2026-05-27,15,PACK-LINE-01,18,swing,Wednesday,2093,2,16,13,80,1,151,1,14,151,0,1942,added_packers_and_work_diverted,16,15079,189,14,0,1120,1120,13959,1.0,13959,1,15112.0,1
2026-05-27 16:00:00,2026-05-27,16,PACK-LINE-01,18,swing,Wednesday,2376,0,16,15,73,0,128,0,15,128,0,2248,work_diverted,18,16207,223,15,0,1095,1095,15112,1.0,15112,1,15972.0,1
2026-05-27 17:00:00,2026-05-27,17,PACK-LINE-01,18,swing,Wednesday,2178,0,16,13,81,2,103,2,15,103,0,2075,added_packers_and_work_diverted,18,17187,213,15,0,1215,1215,15972,1.0,15972,1,15971.0,1
2026-05-27 18:00:00,2026-05-27,18,PACK-LINE-01,18,swing,Wednesday,1340,0,16,14,88,0,109,0,14,109,0,1231,work_diverted,18,17203,196,14,0,1232,1232,15971,1.0,15971,1,16203.0,1
2026-05-27 19:00:00,2026-05-27,19,PACK-LINE-01,18,swing,Wednesday,1674,2,16,15,88,2,34,1,16,34,0,1640,added_packers_and_work_diverted,16,17611,201,16,0,1408,1408,16203,1.0,16203,1,15657.0,1
2026-05-27 20:00:00,2026-05-27,20,PACK-LINE-01,18,swing,Wednesday,1017,2,16,15,85,1,239,1,16,203,0,814,added_packers_and_work_diverted,16,17017,201,16,0,1360,1360,15657,1.0,15657,1,14896.0,1
2026-05-27 21:00:00,2026-05-27,21,PACK-LINE-01,18,swing,Wednesday,1011,0,16,13,91,5,134,5,18,134,0,877,added_packers_and_work_diverted,18,16534,182,18,0,1638,1638,14896,1.0,14896,1,14970.0,1
2026-05-27 22:00:00,2026-05-27,22,PACK-LINE-01,18,night,Wednesday,1128,1,10,7,83,4,141,4,11,141,0,987,added_packers_and_work_diverted,17,15883,192,11,0,913,913,14970,1.0,14970,1,15104.0,1
2026-05-27 23:00:00,2026-05-27,23,PACK-LINE-01,18,night,Wednesday,1164,4,10,8,83,2,200,2,10,200,0,964,added_packers_and_work_diverted,14,15934,192,10,0,830,830,15104,1.0,15104,1,15222.0,1
2026-05-28 00:00:00,2026-05-28,0,PACK-LINE-01,18,night,Thursday,1431,0,10,9,88,4,169,4,13,169,0,1262,added_packers_and_work_diverted,18,16366,186,13,0,1144,1144,15222,1.0,15222,1,15519.0,1
2026-05-28 01:00:00,2026-05-28,1,PACK-LINE-01,18,night,Thursday,1307,1,10,8,88,2,130,2,10,130,0,1177,added_packers_and_work_diverted,17,16399,187,10,0,880,880,15519,1.0,15519,1,15652.0,1
2026-05-28 02:00:00,2026-05-28,2,PACK-LINE-01,18,night,Thursday,1145,0,10,10,84,1,88,1,11,88,0,1057,added_packers_and_work_diverted,18,16576,198,11,0,924,924,15652,1.0,15652,1,15422.0,1
2026-05-28 03:00:00,2026-05-28,3,PACK-LINE-01,18,night,Thursday,1193,0,10,10,79,5,257,5,15,238,0,955,added_packers_and_work_diverted,18,16607,211,15,0,1185,1185,15422,1.0,15422,1,15634.0,1
2026-05-28 04:00:00,2026-05-28,4,PACK-LINE-01,18,night,Thursday,1249,4,10,9,90,2,47,2,11,47,0,1202,added_packers_and_work_diverted,14,16624,185,11,0,990,990,15634,1.0,15634,1,16105.0,1
2026-05-28 05:00:00,2026-05-28,5,PACK-LINE-01,18,night,Thursday,1118,0,10,7,88,0,31,0,7,31,0,1087,work_diverted,18,16721,191,7,0,616,616,16105,1.0,16105,1,16489.0,1
2026-05-28 06:00:00,2026-05-28,6,PACK-LINE-01,18,day,Thursday,1672,3,18,16,84,1,28,0,16,28,0,1644,work_diverted,15,17749,212,15,1,1260,1260,16489,1.0,16489,1,16425.0,1
2026-05-28 07:00:00,2026-05-28,7,PACK-LINE-01,18,day,Thursday,1552,1,18,18,81,2,239,0,18,239,0,1313,work_diverted,17,17802,220,17,1,1377,1377,16425,1.0,16425,1,16363.0,1
2026-05-28 08:00:00,2026-05-28,8,PACK-LINE-01,18,day,Thursday,1427,3,18,15,88,5,169,0,15,169,0,1258,work_diverted,15,17683,201,15,0,1320,1320,16363,1.0,16363,1,17128.0,1
2026-05-28 09:00:00,2026-05-28,9,PACK-LINE-01,18,day,Thursday,2118,1,18,16,82,0,41,0,16,41,0,2077,work_diverted,17,18440,225,16,0,1312,1312,17128,1.0,17128,1,17752.0,1
2026-05-28 10:00:00,2026-05-28,10,PACK-LINE-01,18,day,Thursday,2177,4,18,18,87,4,335,0,18,335,0,1842,work_diverted,14,18970,219,14,4,1218,1218,17752,1.0,17752,1,19410.0,1
2026-05-28 11:00:00,2026-05-28,11,PACK-LINE-01,18,day,Thursday,2962,4,18,17,79,4,198,0,17,198,0,2764,work_diverted,14,20516,260,14,3,1106,1106,19410,1.0,19410,1,19571.0,1
2026-05-28 12:00:00,2026-05-28,12,PACK-LINE-01,18,day,Thursday,1646,4,18,18,86,5,281,0,18,281,0,1365,work_diverted,14,20775,242,14,4,1204,1204,19571,1.0,19571,1,20050.0,1
2026-05-28 13:00:00,2026-05-28,13,PACK-LINE-01,18,day,Thursday,2246,0,18,17,86,0,305,0,17,305,0,1941,work_diverted,18,21512,251,17,0,1462,1462,20050,1.0,20050,1,19743.0,1
2026-05-28 14:00:00,2026-05-28,14,PACK-LINE-01,18,swing,Thursday,1256,0,16,15,82,1,266,1,16,251,0,1005,added_packers_and_work_diverted,18,21055,257,16,0,1312,1312,19743,1.0,19743,1,20036.0,1
2026-05-28 15:00:00,2026-05-28,15,PACK-LINE-01,18,swing,Thursday,2037,2,16,16,88,5,336,0,16,336,0,1701,work_diverted,16,21444,244,16,0,1408,1408,20036,1.0,20036,1,20680.0,1
2026-05-28 16:00:00,2026-05-28,16,PACK-LINE-01,18,swing,Thursday,2437,0,16,14,85,5,263,4,18,263,0,2174,added_packers_and_work_diverted,18,22210,262,18,0,1530,1530,20680,1.0,20680,1,20869.0,1
2026-05-28 17:00:00,2026-05-28,17,PACK-LINE-01,18,swing,Thursday,1657,1,16,15,72,4,244,2,17,244,0,1413,added_packers_and_work_diverted,17,22093,307,17,0,1224,1224,20869,1.0,20869,1,20488.0,1
2026-05-28 18:00:00,2026-05-28,18,PACK-LINE-01,18,swing,Thursday,1286,0,16,16,88,5,83,2,18,83,0,1203,added_packers_and_work_diverted,18,22072,251,18,0,1584,1584,20488,1.0,20488,1,20143.0,1
2026-05-28 19:00:00,2026-05-28,19,PACK-LINE-01,18,swing,Thursday,1374,0,16,16,85,1,315,1,17,274,0,1100,added_packers_and_work_diverted,18,21588,254,17,0,1445,1445,20143,1.0,20143,1,20685.0,1
2026-05-28 20:00:00,2026-05-28,20,PACK-LINE-01,18,swing,Thursday,2197,0,16,16,90,4,35,2,18,35,0,2162,added_packers_and_work_diverted,18,22305,248,18,0,1620,1620,20685,1.0,20685,1,20568.0,1
2026-05-28 21:00:00,2026-05-28,21,PACK-LINE-01,18,swing,Thursday,1432,0,16,13,83,3,221,3,16,221,0,1211,added_packers_and_work_diverted,18,21896,264,16,0,1328,1328,20568,1.0,20568,1,20805.0,1
2026-05-28 22:00:00,2026-05-28,22,PACK-LINE-01,18,night,Thursday,1274,0,10,7,87,2,332,2,9,254,0,1020,added_packers_and_work_diverted,18,21588,249,9,0,783,783,20805,1.0,20805,1,20976.0,1
2026-05-28 23:00:00,2026-05-28,23,PACK-LINE-01,18,night,Thursday,1224,3,10,7,90,3,153,3,10,153,0,1071,added_packers_and_work_diverted,15,21876,244,10,0,900,900,20976,1.0,20976,1,21020.0,1
2026-05-29 00:00:00,2026-05-29,0,PACK-LINE-01,18,night,Friday,968,0,10,7,83,2,177,2,9,177,0,791,added_packers_and_work_diverted,18,21767,263,9,0,747,747,21020,1.0,21020,1,20847.0,1
2026-05-29 01:00:00,2026-05-29,1,PACK-LINE-01,18,night,Friday,1323,4,10,10,88,4,291,4,14,264,0,1059,added_packers_and_work_diverted,14,22079,251,14,0,1232,1232,20847,1.0,20847,1,21308.0,1
2026-05-29 02:00:00,2026-05-29,2,PACK-LINE-01,18,night,Friday,1423,0,10,8,87,0,266,0,8,266,0,1157,work_diverted,18,22004,253,8,0,696,696,21308,1.0,21308,1,21584.0,1
2026-05-29 03:00:00,2026-05-29,3,PACK-LINE-01,18,night,Friday,1225,1,10,8,88,0,295,0,8,245,0,980,work_diverted,17,22288,254,8,0,704,704,21584,1.0,21584,1,21168.0,1
2026-05-29 04:00:00,2026-05-29,4,PACK-LINE-01,18,night,Friday,893,4,10,8,87,5,272,5,13,178,0,715,added_packers_and_work_diverted,14,22299,257,13,0,1131,1131,21168,1.0,21168,1,21241.0,1
2026-05-29 05:00:00,2026-05-29,5,PACK-LINE-01,18,night,Friday,1153,0,10,9,85,1,262,1,10,230,0,923,added_packers_and_work_diverted,18,22091,260,10,0,850,850,21241,1.0,21241,1,20810.0,1
2026-05-29 06:00:00,2026-05-29,6,PACK-LINE-01,18,day,Friday,1181,0,18,15,86,1,293,1,16,236,0,945,added_packers_and_work_diverted,18,22186,258,16,0,1376,1376,20810,1.0,20810,1,20724.0,1
2026-05-29 07:00:00,2026-05-29,7,PACK-LINE-01,18,day,Friday,1520,1,18,16,83,5,195,1,17,195,0,1325,added_packers_and_work_diverted,17,22135,267,17,0,1411,1411,20724,1.0,20724,1,21062.0,1
2026-05-29 08:00:00,2026-05-29,8,PACK-LINE-01,18,day,Friday,2029,0,18,16,82,5,215,2,18,215,0,1814,added_packers_and_work_diverted,18,22538,275,18,0,1476,1476,21062,1.0,21062,1,21294.0,1
2026-05-29 09:00:00,2026-05-29,9,PACK-LINE-01,18,day,Friday,1901,1,18,15,84,4,241,2,17,241,0,1660,added_packers_and_work_diverted,17,22722,271,17,0,1428,1428,21294,1.0,21294,1,22257.0,1
2026-05-29 10:00:00,2026-05-29,10,PACK-LINE-01,18,day,Friday,2599,2,18,18,83,3,308,0,18,308,0,2291,work_diverted,16,23585,285,16,2,1328,1328,22257,1.0,22257,1,23383.0,1
2026-05-29 11:00:00,2026-05-29,11,PACK-LINE-01,18,day,Friday,2565,3,18,16,91,4,74,0,16,74,0,2491,work_diverted,15,24748,272,15,1,1365,1365,23383,1.0,23383,1,24216.0,1
2026-05-29 12:00:00,2026-05-29,12,PACK-LINE-01,18,day,Friday,2359,0,18,15,85,1,166,1,16,166,0,2193,added_packers_and_work_diverted,18,25576,301,16,0,1360,1360,24216,1.0,24216,1,23612.0,1
2026-05-29 13:00:00,2026-05-29,13,PACK-LINE-01,18,day,Friday,1180,0,18,15,86,3,289,3,18,236,0,944,added_packers_and_work_diverted,18,25160,293,18,0,1548,1548,23612,1.0,23612,1,24015.0,1
2026-05-29 14:00:00,2026-05-29,14,PACK-LINE-01,18,swing,Friday,1826,0,16,13,88,2,103,2,15,103,0,1723,added_packers_and_work_diverted,18,25335,288,15,0,1320,1320,24015,1.0,24015,1,25050.0,1
2026-05-29 15:00:00,2026-05-29,15,PACK-LINE-01,18,swing,Friday,2574,1,16,13,86,4,77,4,17,77,0,2497,added_packers_and_work_diverted,17,26512,309,17,0,1462,1462,25050,1.0,25050,1,24753.0,1
2026-05-29 16:00:00,2026-05-29,16,PACK-LINE-01,18,swing,Friday,1252,0,16,16,86,0,173,0,16,173,0,1079,work_diverted,18,26129,304,16,0,1376,1376,24753,1.0,24753,1,25036.0,1
2026-05-29 17:00:00,2026-05-29,17,PACK-LINE-01,18,swing,Friday,1763,1,16,15,87,2,1,2,17,1,0,1762,added_packers_and_work_diverted,17,26515,305,17,0,1479,1479,25036,1.0,25036,1,24707.0,1
2026-05-29 18:00:00,2026-05-29,18,PACK-LINE-01,18,swing,Friday,1437,0,16,14,87,3,300,3,17,287,0,1150,added_packers_and_work_diverted,18,26186,301,17,0,1479,1479,24707,1.0,24707,1,25355.0,1
2026-05-29 19:00:00,2026-05-29,19,PACK-LINE-01,18,swing,Friday,1839,4,16,15,83,2,29,0,15,29,0,1810,work_diverted,14,26517,320,14,1,1162,1162,25355,1.0,25355,1,24842.0,1
2026-05-29 20:00:00,2026-05-29,20,PACK-LINE-01,18,swing,Friday,1187,0,16,16,88,5,116,2,18,116,0,1071,added_packers_and_work_diverted,18,26426,301,18,0,1584,1584,24842,1.0,24842,1,24784.0,1
2026-05-29 21:00:00,2026-05-29,21,PACK-LINE-01,18,swing,Friday,1593,1,16,15,84,2,223,2,17,223,0,1370,added_packers_and_work_diverted,17,26212,313,17,0,1428,1428,24784,1.0,24784,1,24710.0,1
2026-05-29 22:00:00,2026-05-29,22,PACK-LINE-01,18,night,Friday,772,3,10,7,84,2,90,2,9,90,0,682,added_packers_and_work_diverted,15,25466,304,9,0,756,756,24710,1.0,24710,1,24788.0,1
2026-05-29 23:00:00,2026-05-29,23,PACK-LINE-01,18,night,Friday,1543,0,10,8,90,5,295,5,13,295,0,1248,added_packers_and_work_diverted,18,25958,289,13,0,1170,1170,24788,1.0,24788,1,25234.0,1
2026-05-30 00:00:00,2026-05-30,0,PACK-LINE-01,18,night,Saturday,1168,1,10,7,87,1,26,1,8,26,0,1142,added_packers_and_work_diverted,17,25930,299,8,0,696,696,25234,1.0,25234,1,25308.0,1
2026-05-30 01:00:00,2026-05-30,1,PACK-LINE-01,18,night,Saturday,912,2,10,7,82,1,211,1,8,182,0,730,added_packers_and_work_diverted,16,25964,317,8,0,656,656,25308,1.0,25308,1,25299.0,1
2026-05-30 02:00:00,2026-05-30,2,PACK-LINE-01,18,night,Saturday,1293,0,10,8,87,4,261,4,12,258,0,1035,added_packers_and_work_diverted,18,26343,303,12,0,1044,1044,25299,1.0,25299,1,25097.0,1
2026-05-30 03:00:00,2026-05-30,3,PACK-LINE-01,18,night,Saturday,714,0,10,7,86,2,320,2,9,142,0,572,added_packers_and_work_diverted,18,25871,301,9,0,774,774,25097,1.0,25097,1,25371.0,1
2026-05-30 04:00:00,2026-05-30,4,PACK-LINE-01,18,night,Saturday,1114,0,10,8,82,0,184,0,8,184,0,930,work_diverted,18,26027,318,8,0,656,656,25371,1.0,25371,1,25825.0,1
2026-05-30 05:00:00,2026-05-30,5,PACK-LINE-01,18,night,Saturday,1393,0,10,10,84,1,15,1,11,15,0,1378,added_packers_and_work_diverted,18,26749,319,11,0,924,924,25825,1.0,25825,1,25395.0,1
2026-05-30 06:00:00,2026-05-30,6,PACK-LINE-01,18,day,Saturday,1182,2,18,15,86,4,290,1,16,236,0,946,added_packers_and_work_diverted,16,26771,312,16,0,1376,1376,25395,1.0,25395,1,25641.0,1
2026-05-30 07:00:00,2026-05-30,7,PACK-LINE-01,18,day,Saturday,1631,2,18,18,85,1,25,0,18,25,0,1606,work_diverted,16,27001,318,16,2,1360,1360,25641,1.0,25641,1,25810.0,1
2026-05-30 08:00:00,2026-05-30,8,PACK-LINE-01,18,day,Saturday,1793,3,18,15,85,2,349,0,15,349,0,1444,work_diverted,15,27085,319,15,0,1275,1275,25810,1.0,25810,1,26257.0,1
2026-05-30 09:00:00,2026-05-30,9,PACK-LINE-01,18,day,Saturday,1825,0,18,17,79,0,35,0,17,35,0,1790,work_diverted,18,27600,350,17,0,1343,1343,26257,1.0,26257,1,26244.0,1
2026-05-30 10:00:00,2026-05-30,10,PACK-LINE-01,18,day,Saturday,1593,0,18,16,88,1,110,1,17,110,0,1483,added_packers_and_work_diverted,18,27740,316,17,0,1496,1496,26244,1.0,26244,1,26447.0,1
2026-05-30 11:00:00,2026-05-30,11,PACK-LINE-01,18,day,Saturday,1832,0,18,18,79,4,207,0,18,207,0,1625,work_diverted,18,27869,353,18,0,1422,1422,26447,1.0,26447,1,26669.0,1
2026-05-30 12:00:00,2026-05-30,12,PACK-LINE-01,18,day,Saturday,1488,4,18,18,83,3,104,0,18,104,0,1384,work_diverted,14,27831,336,14,4,1162,1162,26669,1.0,26669,1,26926.0,1
2026-05-30 13:00:00,2026-05-30,13,PACK-LINE-01,18,day,Saturday,1633,3,18,18,84,2,116,0,18,116,0,1517,work_diverted,15,28186,336,15,3,1260,1260,26926,1.0,26926,1,26894.0,1
2026-05-30 14:00:00,2026-05-30,14,PACK-LINE-01,18,swing,Saturday,1280,4,16,14,83,3,150,0,14,150,0,1130,work_diverted,14,28056,339,14,0,1162,1162,26894,1.0,26894,1,27178.0,1
2026-05-30 15:00:00,2026-05-30,15,PACK-LINE-01,18,swing,Saturday,1558,4,16,13,85,3,84,1,14,84,0,1474,added_packers_and_work_diverted,14,28368,334,14,0,1190,1190,27178,1.0,27178,1,27907.0,1
2026-05-30 16:00:00,2026-05-30,16,PACK-LINE-01,18,swing,Saturday,2187,2,16,14,75,2,258,2,16,258,0,1929,added_packers_and_work_diverted,16,29107,389,16,0,1200,1200,27907,1.0,27907,1,28712.0,1
2026-05-30 17:00:00,2026-05-30,17,PACK-LINE-01,18,swing,Saturday,2252,1,16,14,82,3,53,3,17,53,0,2199,added_packers_and_work_diverted,17,30106,368,17,0,1394,1394,28712,1.0,28712,1,29076.0,1
2026-05-30 18:00:00,2026-05-30,18,PACK-LINE-01,18,swing,Saturday,1751,4,16,13,95,5,57,1,14,57,0,1694,added_packers_and_work_diverted,14,30406,321,14,0,1330,1330,29076,1.0,29076,1,29017.0,1
2026-05-30 19:00:00,2026-05-30,19,PACK-LINE-01,18,swing,Saturday,1498,0,16,14,83,4,63,4,18,63,0,1435,added_packers_and_work_diverted,18,30511,368,18,0,1494,1494,29017,1.0,29017,1,29322.0,1
2026-05-30 20:00:00,2026-05-30,20,PACK-LINE-01,18,swing,Saturday,1843,4,16,16,89,3,292,0,16,292,0,1551,work_diverted,14,30568,344,14,2,1246,1246,29322,1.0,29322,1,29591.0,1
2026-05-30 21:00:00,2026-05-30,21,PACK-LINE-01,18,swing,Saturday,1613,2,16,14,83,2,16,2,16,16,0,1597,added_packers_and_work_diverted,16,30919,373,16,0,1328,1328,29591,1.0,29591,1,29817.0,1
2026-05-30 22:00:00,2026-05-30,22,PACK-LINE-01,18,night,Saturday,1187,0,10,9,79,1,171,1,10,171,0,1016,added_packers_and_work_diverted,18,30607,388,10,0,790,790,29817,1.0,29817,1,30206.0,1
2026-05-30 23:00:00,2026-05-30,23,PACK-LINE-01,18,night,Saturday,1273,0,10,7,82,1,228,1,8,228,0,1045,added_packers_and_work_diverted,18,30862,377,8,0,656,656,30206,1.0,30206,1,30069.0,1
2026-05-31 00:00:00,2026-05-31,0,PACK-LINE-01,18,night,Sunday,784,3,10,7,85,2,345,2,9,156,0,628,added_packers_and_work_diverted,15,30834,363,9,0,765,765,30069,1.0,30069,1,29820.0,1
2026-05-31 01:00:00,2026-05-31,1,PACK-LINE-01,18,night,Sunday,1076,0,10,8,87,5,194,5,13,194,0,882,added_packers_and_work_diverted,18,30951,356,13,0,1131,1131,29820,1.0,29820,1,29735.0,1
2026-05-31 02:00:00,2026-05-31,2,PACK-LINE-01,18,night,Sunday,793,1,10,7,90,1,342,1,8,158,0,635,added_packers_and_work_diverted,17,30455,339,8,0,720,720,29735,1.0,29735,1,29687.0,1
2026-05-31 03:00:00,2026-05-31,3,PACK-LINE-01,18,night,Sunday,907,4,10,8,86,1,288,1,9,181,0,726,added_packers_and_work_diverted,14,30461,355,9,0,774,774,29687,1.0,29687,1,29328.0,1
2026-05-31 04:00:00,2026-05-31,4,PACK-LINE-01,18,night,Sunday,870,0,10,9,88,4,85,4,13,85,0,785,added_packers_and_work_diverted,18,30472,347,13,0,1144,1144,29328,1.0,29328,1,29345.0,1
2026-05-31 05:00:00,2026-05-31,5,PACK-LINE-01,18,night,Sunday,811,1,10,7,79,1,316,1,8,162,0,649,added_packers_and_work_diverted,17,29977,380,8,0,632,632,29345,1.0,29345,1,29342.0,1
2026-05-31 06:00:00,2026-05-31,6,PACK-LINE-01,18,day,Sunday,1651,0,18,17,91,2,16,1,18,16,0,1635,added_packers_and_work_diverted,18,30980,341,18,0,1638,1638,29342,1.0,29342,1,29133.0,1
2026-05-31 07:00:00,2026-05-31,7,PACK-LINE-01,18,day,Sunday,1274,0,18,15,82,2,89,2,17,89,0,1185,added_packers_and_work_diverted,18,30527,373,17,0,1394,1394,29133,1.0,29133,1,29875.0,1
2026-05-31 08:00:00,2026-05-31,8,PACK-LINE-01,18,day,Sunday,2194,1,18,15,83,5,41,2,17,41,0,2153,added_packers_and_work_diverted,17,31286,377,17,0,1411,1411,29875,1.0,29875,1,29725.0,1
2026-05-31 09:00:00,2026-05-31,9,PACK-LINE-01,18,day,Sunday,1602,1,18,17,86,0,290,0,17,290,0,1312,work_diverted,17,31187,363,17,0,1462,1462,29725,1.0,29725,1,30383.0,1
2026-05-31 10:00:00,2026-05-31,10,PACK-LINE-01,18,day,Sunday,1928,3,18,16,84,3,10,0,16,10,0,1918,work_diverted,15,31643,377,15,1,1260,1260,30383,1.0,30383,1,31113.0,1
2026-05-31 11:00:00,2026-05-31,11,PACK-LINE-01,18,day,Sunday,2477,1,18,15,84,4,319,2,17,319,0,2158,added_packers_and_work_diverted,17,32541,388,17,0,1428,1428,31113,1.0,31113,1,30749.0,1
2026-05-31 12:00:00,2026-05-31,12,PACK-LINE-01,18,day,Sunday,1375,0,18,18,93,1,65,0,18,65,0,1310,work_diverted,18,32423,349,18,0,1674,1674,30749,1.0,30749,1,30481.0,1
2026-05-31 13:00:00,2026-05-31,13,PACK-LINE-01,18,day,Sunday,1343,1,18,15,80,5,251,2,17,251,0,1092,added_packers_and_work_diverted,17,31841,399,17,0,1360,1360,30481,1.0,30481,1,30218.0,1
2026-05-31 14:00:00,2026-05-31,14,PACK-LINE-01,18,swing,Sunday,1011,2,16,13,84,2,14,2,15,14,0,997,added_packers_and_work_diverted,16,31478,375,15,0,1260,1260,30218,1.0,30218,1,30478.0,1
2026-05-31 15:00:00,2026-05-31,15,PACK-LINE-01,18,swing,Sunday,1799,0,16,16,87,0,147,0,16,147,0,1652,work_diverted,18,31870,367,16,0,1392,1392,30478,1.0,30478,1,31000.0,1
2026-05-31 16:00:00,2026-05-31,16,PACK-LINE-01,18,swing,Sunday,2182,3,16,15,88,3,340,0,15,340,0,1842,work_diverted,15,32320,368,15,0,1320,1320,31000,1.0,31000,1,31369.0,1
2026-05-31 17:00:00,2026-05-31,17,PACK-LINE-01,18,swing,Sunday,2200,0,16,13,89,5,229,5,18,229,0,1971,added_packers_and_work_diverted,18,32971,371,18,0,1602,1602,31369,1.0,31369,1,31313.0,1
2026-05-31 18:00:00,2026-05-31,18,PACK-LINE-01,18,swing,Sunday,1380,2,16,16,82,0,124,0,16,124,0,1256,work_diverted,16,32625,398,16,0,1312,1312,31313,1.0,31313,1,30857.0,1
2026-05-31 19:00:00,2026-05-31,19,PACK-LINE-01,18,swing,Sunday,1001,1,16,16,86,0,81,0,16,81,0,920,work_diverted,17,32233,375,16,0,1376,1376,30857,1.0,30857,1,30560.0,1
2026-05-31 20:00:00,2026-05-31,20,PACK-LINE-01,18,swing,Sunday,1139,1,16,15,89,1,12,1,16,12,0,1127,added_packers_and_work_diverted,17,31984,360,16,0,1424,1424,30560,1.0,30560,1,30297.0,1
2026-05-31 21:00:00,2026-05-31,21,PACK-LINE-01,18,swing,Sunday,1313,0,16,13,73,5,268,5,18,262,0,1051,added_packers_and_work_diverted,18,31611,434,18,0,1314,1314,30297,1.0,30297,1,30601.0,1
2026-05-31 22:00:00,2026-05-31,22,PACK-LINE-01,18,night,Sunday,1250,0,10,8,87,0,277,0,8,250,0,1000,work_diverted,18,31297,360,8,0,696,696,30601,1.0,30601,1,30319.0,1
2026-05-31 23:00:00,2026-05-31,23,PACK-LINE-01,18,night,Sunday,907,2,10,7,84,5,335,5,12,181,0,726,added_packers_and_work_diverted,16,31327,373,12,0,1008,1008,30319,1.0,30319,1,30183.0,1
2026-06-01 00:00:00,2026-06-01,0,PACK-LINE-01,18,night,Monday,567,0,10,8,84,0,31,0,8,31,0,536,work_diverted,18,30855,368,8,0,672,672,30183,1.0,30183,1,29987.0,1
2026-06-01 01:00:00,2026-06-01,1,PACK-LINE-01,18,night,Monday,667,0,10,7,73,3,314,3,10,133,0,534,added_packers_and_work_diverted,18,30717,421,10,0,730,730,29987,1.0,29987,1,29775.0,1
2026-06-01 02:00:00,2026-06-01,2,PACK-LINE-01,18,night,Monday,772,2,10,9,81,3,12,3,12,12,0,760,added_packers_and_work_diverted,16,30747,380,12,0,972,972,29775,1.0,29775,1,29345.0,1
2026-06-01 03:00:00,2026-06-01,3,PACK-LINE-01,18,night,Monday,1056,3,10,10,85,5,236,5,15,211,0,845,added_packers_and_work_diverted,15,30620,361,15,0,1275,1275,29345,1.0,29345,1,29258.0,1
2026-06-01 04:00:00,2026-06-01,4,PACK-LINE-01,18,night,Monday,677,3,10,8,82,0,108,0,8,108,0,569,work_diverted,15,29914,365,8,0,656,656,29258,1.0,29258,1,29240.0,1
2026-06-01 05:00:00,2026-06-01,5,PACK-LINE-01,18,night,Monday,1023,4,10,9,93,0,281,0,9,204,0,819,work_diverted,14,30077,324,9,0,837,837,29240,1.0,29240,1,28709.0,1
2026-06-01 06:00:00,2026-06-01,6,PACK-LINE-01,18,day,Monday,1057,1,18,18,81,5,329,0,18,211,0,846,work_diverted,17,30086,372,17,1,1377,1377,28709,1.0,28709,1,28666.0,1
2026-06-01 07:00:00,2026-06-01,7,PACK-LINE-01,18,day,Monday,1379,0,18,17,83,0,11,0,17,11,0,1368,work_diverted,18,30077,363,17,0,1411,1411,28666,1.0,28666,1,28204.0,1
2026-06-01 08:00:00,2026-06-01,8,PACK-LINE-01,18,day,Monday,1200,0,18,18,79,0,316,0,18,240,0,960,work_diverted,18,29626,376,18,0,1422,1422,28204,1.0,28204,1,27671.0,1
2026-06-01 09:00:00,2026-06-01,9,PACK-LINE-01,18,day,Monday,884,0,18,16,73,1,337,1,17,176,0,708,added_packers_and_work_diverted,18,28912,397,17,0,1241,1241,27671,1.0,27671,1,27860.0,1
2026-06-01 10:00:00,2026-06-01,10,PACK-LINE-01,18,day,Monday,1719,1,18,15,85,2,85,2,17,85,0,1634,added_packers_and_work_diverted,17,29305,345,17,0,1445,1445,27860,1.0,27860,1,27649.0,1
2026-06-01 11:00:00,2026-06-01,11,PACK-LINE-01,18,day,Monday,1486,0,18,17,90,0,167,0,17,167,0,1319,work_diverted,18,29179,325,17,0,1530,1530,27649,1.0,27649,1,27668.0,1
2026-06-01 12:00:00,2026-06-01,12,PACK-LINE-01,18,day,Monday,1497,2,18,18,84,2,134,0,18,134,0,1363,work_diverted,16,29012,346,16,2,1344,1344,27668,1.0,27668,1,27243.0,1
2026-06-01 13:00:00,2026-06-01,13,PACK-LINE-01,18,day,Monday,1071,2,18,18,87,4,104,0,18,104,0,967,work_diverted,16,28635,330,16,2,1392,1392,27243,1.0,27243,1,26882.0,1
2026-06-01 14:00:00,2026-06-01,14,PACK-LINE-01,18,swing,Monday,902,3,16,16,82,0,33,0,16,33,0,869,work_diverted,15,28112,343,15,1,1230,1230,26882,1.0,26882,1,27165.0,1
2026-06-01 15:00:00,2026-06-01,15,PACK-LINE-01,18,swing,Monday,1745,0,16,15,80,3,22,3,18,22,0,1723,added_packers_and_work_diverted,18,28605,358,18,0,1440,1440,27165,1.0,27165,1,26972.0,1
2026-06-01 16:00:00,2026-06-01,16,PACK-LINE-01,18,swing,Monday,1002,0,16,13,86,0,77,0,13,77,0,925,work_diverted,18,28090,327,13,0,1118,1118,26972,1.0,26972,1,26363.0,1
2026-06-01 17:00:00,2026-06-01,17,PACK-LINE-01,18,swing,Monday,1193,1,16,13,92,5,325,4,17,238,0,955,added_packers_and_work_diverted,17,27927,304,17,0,1564,1564,26363,1.0,26363,1,25966.0,1
2026-06-01 18:00:00,2026-06-01,18,PACK-LINE-01,18,swing,Monday,1288,0,16,16,84,1,347,1,17,257,0,1031,added_packers_and_work_diverted,18,27394,327,17,0,1428,1428,25966,1.0,25966,1,25918.0,1
2026-06-01 19:00:00,2026-06-01,19,PACK-LINE-01,18,swing,Monday,1188,4,16,16,87,0,18,0,16,18,0,1170,work_diverted,14,27136,312,14,2,1218,1218,25918,1.0,25918,1,25691.0,1
2026-06-01 20:00:00,2026-06-01,20,PACK-LINE-01,18,swing,Monday,1310,3,16,14,85,5,329,1,15,262,0,1048,added_packers_and_work_diverted,15,26966,318,15,0,1275,1275,25691,1.0,25691,1,25700.0,1
2026-06-01 21:00:00,2026-06-01,21,PACK-LINE-01,18,swing,Monday,1293,1,16,13,85,2,9,2,15,9,0,1284,added_packers_and_work_diverted,17,26975,318,15,0,1275,1275,25700,1.0,25700,1,25709.0,1
2026-06-01 22:00:00,2026-06-01,22,PACK-LINE-01,18,night,Monday,989,2,10,9,82,2,78,2,11,78,0,911,added_packers_and_work_diverted,16,26611,325,11,0,902,902,25709,1.0,25709,1,25657.0,1
2026-06-01 23:00:00,2026-06-01,23,PACK-LINE-01,18,night,Monday,1029,1,10,9,77,5,3,5,14,3,0,1026,added_packers_and_work_diverted,17,26735,348,14,0,1078,1078,25657,1.0,25657,1,25633.0,1
2026-06-02 00:00:00,2026-06-02,0,PACK-LINE-01,18,night,Tuesday,941,4,10,8,86,3,19,3,11,19,0,922,added_packers_and_work_diverted,14,26579,310,11,0,946,946,25633,1.0,25633,1,25480.0,1
2026-06-02 01:00:00,2026-06-02,1,PACK-LINE-01,18,night,Tuesday,1186,4,10,9,80,5,219,5,14,219,0,967,added_packers_and_work_diverted,14,26600,333,14,0,1120,1120,25480,1.0,25480,1,25224.0,1
2026-06-02 02:00:00,2026-06-02,2,PACK-LINE-01,18,night,Tuesday,1029,0,10,7,90,5,211,5,12,205,0,824,added_packers_and_work_diverted,18,26304,293,12,0,1080,1080,25224,1.0,25224,1,24780.0,1
2026-06-02 03:00:00,2026-06-02,3,PACK-LINE-01,18,night,Tuesday,914,3,10,9,84,5,248,5,14,182,0,732,added_packers_and_work_diverted,15,25956,309,14,0,1176,1176,24780,1.0,24780,1,24479.0,1
2026-06-02 04:00:00,2026-06-02,4,PACK-LINE-01,18,night,Tuesday,636,3,10,9,81,1,224,1,10,127,0,509,added_packers_and_work_diverted,15,25289,313,10,0,810,810,24479,1.0,24479,1,24108.0,1
2026-06-02 05:00:00,2026-06-02,5,PACK-LINE-01,18,night,Tuesday,561,1,10,10,82,0,168,0,10,112,0,449,work_diverted,17,24928,304,10,0,820,820,24108,1.0,24108,1,23597.0,1
2026-06-02 06:00:00,2026-06-02,6,PACK-LINE-01,18,day,Tuesday,1150,0,18,18,89,0,59,0,18,59,0,1091,work_diverted,18,25199,284,18,0,1602,1602,23597,1.0,23597,1,23181.0,1
2026-06-02 07:00:00,2026-06-02,7,PACK-LINE-01,18,day,Tuesday,1179,0,18,16,86,1,133,1,17,133,0,1046,added_packers_and_work_diverted,18,24643,287,17,0,1462,1462,23181,1.0,23181,1,22622.0,1
2026-06-02 08:00:00,2026-06-02,8,PACK-LINE-01,18,day,Tuesday,876,4,18,17,90,5,230,0,17,175,0,701,work_diverted,14,23882,266,14,3,1260,1260,22622,1.0,22622,1,22069.0,1
2026-06-02 09:00:00,2026-06-02,9,PACK-LINE-01,18,day,Tuesday,879,2,18,18,85,2,72,0,18,72,0,807,work_diverted,16,23429,276,16,2,1360,1360,22069,1.0,22069,1,22107.0,1
2026-06-02 10:00:00,2026-06-02,10,PACK-LINE-01,18,day,Tuesday,1669,0,18,15,87,4,65,3,18,65,0,1604,added_packers_and_work_diverted,18,23673,273,18,0,1566,1566,22107,1.0,22107,1,21935.0,1
2026-06-02 11:00:00,2026-06-02,11,PACK-LINE-01,18,day,Tuesday,1142,4,18,15,80,2,194,0,15,194,0,948,work_diverted,14,23055,289,14,1,1120,1120,21935,1.0,21935,1,21465.0,1
2026-06-02 12:00:00,2026-06-02,12,PACK-LINE-01,18,day,Tuesday,1325,0,18,16,85,2,265,2,18,265,0,1060,added_packers_and_work_diverted,18,22995,271,18,0,1530,1530,21465,1.0,21465,1,21678.0,1
2026-06-02 13:00:00,2026-06-02,13,PACK-LINE-01,18,day,Tuesday,1478,2,18,15,78,5,17,1,16,17,0,1461,added_packers_and_work_diverted,16,22926,294,16,0,1248,1248,21678,1.0,21678,1,21814.0,1
2026-06-02 14:00:00,2026-06-02,14,PACK-LINE-01,18,swing,Tuesday,1463,4,16,14,84,0,151,0,14,151,0,1312,work_diverted,14,22990,274,14,0,1176,1176,21814,1.0,21814,1,21165.0,1
2026-06-02 15:00:00,2026-06-02,15,PACK-LINE-01,18,swing,Tuesday,961,2,16,14,90,2,170,2,16,170,0,791,added_packers_and_work_diverted,16,22605,252,16,0,1440,1440,21165,1.0,21165,1,20985.0,1
2026-06-02 16:00:00,2026-06-02,16,PACK-LINE-01,18,swing,Tuesday,1249,3,16,14,79,2,244,1,15,244,0,1005,added_packers_and_work_diverted,15,22170,281,15,0,1185,1185,20985,1.0,20985,1,21147.0,1
2026-06-02 17:00:00,2026-06-02,17,PACK-LINE-01,18,swing,Tuesday,1686,3,16,13,81,5,309,2,15,309,0,1377,added_packers_and_work_diverted,15,22362,277,15,0,1215,1215,21147,1.0,21147,1,20608.0,1
2026-06-02 18:00:00,2026-06-02,18,PACK-LINE-01,18,swing,Tuesday,961,1,16,14,88,5,4,3,17,4,0,957,added_packers_and_work_diverted,17,22104,252,17,0,1496,1496,20608,1.0,20608,1,19979.0,1
2026-06-02 19:00:00,2026-06-02,19,PACK-LINE-01,18,swing,Tuesday,911,3,16,13,97,1,310,1,14,182,0,729,added_packers_and_work_diverted,15,21337,220,14,0,1358,1358,19979,1.0,19979,1,19707.0,1
2026-06-02 20:00:00,2026-06-02,20,PACK-LINE-01,18,swing,Tuesday,1445,0,16,15,84,5,205,3,18,205,0,1240,added_packers_and_work_diverted,18,21219,253,18,0,1512,1512,19707,1.0,19707,1,19200.0,1
2026-06-02 21:00:00,2026-06-02,21,PACK-LINE-01,18,swing,Tuesday,1113,0,16,13,91,3,164,3,16,164,0,949,added_packers_and_work_diverted,18,20656,227,16,0,1456,1456,19200,1.0,19200,1,19204.0,1
2026-06-02 22:00:00,2026-06-02,22,PACK-LINE-01,18,night,Tuesday,1055,0,10,8,84,2,315,2,10,211,0,844,added_packers_and_work_diverted,18,20044,239,10,0,840,840,19204,1.0,19204,1,18525.0,1
2026-06-02 23:00:00,2026-06-02,23,PACK-LINE-01,18,night,Tuesday,516,0,10,10,84,3,285,3,13,103,0,413,added_packers_and_work_diverted,18,19617,234,13,0,1092,1092,18525,1.0,18525,1,18417.0,1
2026-06-03 00:00:00,2026-06-03,0,PACK-LINE-01,18,night,Wednesday,882,0,10,10,74,1,331,1,11,176,0,706,added_packers_and_work_diverted,18,19231,260,11,0,814,814,18417,1.0,18417,1,18292.0,1
2026-06-03 01:00:00,2026-06-03,1,PACK-LINE-01,18,night,Wednesday,703,0,10,8,86,0,224,0,8,140,0,563,work_diverted,18,18980,221,8,0,688,688,18292,1.0,18292,1,18112.0,1
2026-06-03 02:00:00,2026-06-03,2,PACK-LINE-01,18,night,Wednesday,614,0,10,8,84,0,336,0,8,122,0,492,work_diverted,18,18784,224,8,0,672,672,18112,1.0,18112,1,18184.0,1
2026-06-03 03:00:00,2026-06-03,3,PACK-LINE-01,18,night,Wednesday,1168,0,10,9,89,2,117,2,11,117,0,1051,added_packers_and_work_diverted,18,19163,216,11,0,979,979,18184,1.0,18184,1,17709.0,1
2026-06-03 04:00:00,2026-06-03,4,PACK-LINE-01,18,night,Wednesday,734,2,10,8,82,5,143,5,13,143,0,591,added_packers_and_work_diverted,16,18775,229,13,0,1066,1066,17709,1.0,17709,1,17816.0,1
2026-06-03 05:00:00,2026-06-03,5,PACK-LINE-01,18,night,Wednesday,1416,0,10,9,81,5,175,5,14,175,0,1241,added_packers_and_work_diverted,18,18950,234,14,0,1134,1134,17816,1.0,17816,1,17869.0,1
2026-06-03 06:00:00,2026-06-03,6,PACK-LINE-01,18,day,Wednesday,1578,0,18,15,88,2,29,2,17,29,0,1549,added_packers_and_work_diverted,18,19365,221,17,0,1496,1496,17869,1.0,17869,1,17372.0,1
2026-06-03 07:00:00,2026-06-03,7,PACK-LINE-01,18,day,Wednesday,1129,0,18,17,92,0,62,0,17,62,0,1067,work_diverted,18,18936,206,17,0,1564,1564,17372,1.0,17372,1,17141.0,1
2026-06-03 08:00:00,2026-06-03,8,PACK-LINE-01,18,day,Wednesday,1280,1,18,17,87,4,32,0,17,32,0,1248,work_diverted,17,18620,215,17,0,1479,1479,17141,1.0,17141,1,16655.0,1
2026-06-03 09:00:00,2026-06-03,9,PACK-LINE-01,18,day,Wednesday,1139,0,18,18,83,3,131,0,18,131,0,1008,work_diverted,18,18149,219,18,0,1494,1494,16655,1.0,16655,1,17317.0,1
2026-06-03 10:00:00,2026-06-03,10,PACK-LINE-01,18,day,Wednesday,2379,0,18,17,84,5,205,1,18,205,0,2174,added_packers_and_work_diverted,18,18829,225,18,0,1512,1512,17317,1.0,17317,1,17267.0,1
2026-06-03 11:00:00,2026-06-03,11,PACK-LINE-01,18,day,Wednesday,1327,4,18,16,85,4,187,0,16,187,0,1140,work_diverted,14,18457,218,14,2,1190,1190,17267,1.0,17267,1,17464.0,1
2026-06-03 12:00:00,2026-06-03,12,PACK-LINE-01,18,day,Wednesday,1548,0,18,15,80,0,151,0,15,151,0,1397,work_diverted,18,18664,234,15,0,1200,1200,17464,1.0,17464,1,17976.0,1
2026-06-03 13:00:00,2026-06-03,13,PACK-LINE-01,18,day,Wednesday,1872,3,18,18,76,2,220,0,18,220,0,1652,work_diverted,15,19116,252,15,3,1140,1140,17976,1.0,17976,1,18280.0,1
2026-06-03 14:00:00,2026-06-03,14,PACK-LINE-01,18,swing,Wednesday,1747,3,16,15,83,3,198,0,15,198,0,1549,work_diverted,15,19525,236,15,0,1245,1245,18280,1.0,18280,1,18392.0,1
2026-06-03 15:00:00,2026-06-03,15,PACK-LINE-01,18,swing,Wednesday,1820,1,16,16,84,1,280,1,17,280,0,1540,added_packers_and_work_diverted,17,19820,236,17,0,1428,1428,18392,1.0,18392,1,18664.0,1
2026-06-03 16:00:00,2026-06-03,16,PACK-LINE-01,18,swing,Wednesday,1965,2,16,16,91,4,237,0,16,237,0,1728,work_diverted,16,20120,222,16,0,1456,1456,18664,1.0,18664,1,18473.0,1
2026-06-03 17:00:00,2026-06-03,17,PACK-LINE-01,18,swing,Wednesday,1316,4,16,15,90,3,247,0,15,247,0,1069,work_diverted,14,19733,220,14,1,1260,1260,18473,1.0,18473,1,18831.0,1
2026-06-03 18:00:00,2026-06-03,18,PACK-LINE-01,18,swing,Wednesday,1656,4,16,14,81,0,164,0,14,164,0,1492,work_diverted,14,19965,247,14,0,1134,1134,18831,1.0,18831,1,18392.0,1
2026-06-03 19:00:00,2026-06-03,19,PACK-LINE-01,18,swing,Wednesday,1119,3,16,16,89,3,311,0,16,223,0,896,work_diverted,15,19727,222,15,1,1335,1335,18392,1.0,18392,1,17952.0,1
2026-06-03 20:00:00,2026-06-03,20,PACK-LINE-01,18,swing,Wednesday,1083,0,16,16,84,4,11,2,18,11,0,1072,added_packers_and_work_diverted,18,19464,232,18,0,1512,1512,17952,1.0,17952,1,18121.0,1
2026-06-03 21:00:00,2026-06-03,21,PACK-LINE-01,18,swing,Wednesday,1534,0,16,13,83,0,286,0,13,286,0,1248,work_diverted,18,19200,232,13,0,1079,1079,18121,1.0,18121,1,18235.0,1
2026-06-03 22:00:00,2026-06-03,22,PACK-LINE-01,18,night,Wednesday,1022,3,10,7,88,1,218,1,8,204,0,818,added_packers_and_work_diverted,15,18939,216,8,0,704,704,18235,1.0,18235,1,18047.0,1
2026-06-03 23:00:00,2026-06-03,23,PACK-LINE-01,18,night,Wednesday,877,0,10,9,89,1,220,1,10,175,0,702,added_packers_and_work_diverted,18,18937,213,10,0,890,890,18047,1.0,18047,1,17869.0,1
2026-06-04 00:00:00,2026-06-04,0,PACK-LINE-01,18,night,Thursday,1093,1,10,9,88,4,127,4,13,127,0,966,added_packers_and_work_diverted,17,19013,217,13,0,1144,1144,17869,1.0,17869,1,17838.0,1
2026-06-04 01:00:00,2026-06-04,1,PACK-LINE-01,18,night,Thursday,886,1,10,7,86,3,57,3,10,57,0,829,added_packers_and_work_diverted,17,18698,218,10,0,860,860,17838,1.0,17838,1,18362.0,1
2026-06-04 02:00:00,2026-06-04,2,PACK-LINE-01,18,night,Thursday,1349,1,10,8,90,1,15,1,9,15,0,1334,added_packers_and_work_diverted,17,19172,214,9,0,810,810,18362,1.0,18362,1,18098.0,1
2026-06-04 03:00:00,2026-06-04,3,PACK-LINE-01,18,night,Thursday,825,0,10,8,84,3,327,3,11,165,0,660,added_packers_and_work_diverted,18,19022,227,11,0,924,924,18098,1.0,18098,1,18414.0,1
2026-06-04 04:00:00,2026-06-04,4,PACK-LINE-01,18,night,Thursday,1481,0,10,10,79,1,348,1,11,296,0,1185,added_packers_and_work_diverted,18,19283,245,11,0,869,869,18414,1.0,18414,1,18056.0,1
2026-06-04 05:00:00,2026-06-04,5,PACK-LINE-01,18,night,Thursday,841,2,10,7,93,5,83,5,12,83,0,758,added_packers_and_work_diverted,16,19172,207,12,0,1116,1116,18056,1.0,18056,1,18114.0,1
2026-06-04 06:00:00,2026-06-04,6,PACK-LINE-01,18,day,Thursday,1909,0,18,17,85,3,321,1,18,321,0,1588,added_packers_and_work_diverted,18,19644,232,18,0,1530,1530,18114,1.0,18114,1,18704.0,1
2026-06-04 07:00:00,2026-06-04,7,PACK-LINE-01,18,day,Thursday,2198,0,18,16,84,2,96,2,18,96,0,2102,added_packers_and_work_diverted,18,20216,241,18,0,1512,1512,18704,1.0,18704,1,19734.0,1
2026-06-04 08:00:00,2026-06-04,8,PACK-LINE-01,18,day,Thursday,2257,4,18,15,84,2,51,0,15,51,0,2206,work_diverted,14,20910,249,14,1,1176,1176,19734,1.0,19734,1,20662.0,1
2026-06-04 09:00:00,2026-06-04,9,PACK-LINE-01,18,day,Thursday,2179,4,18,15,87,4,33,0,15,33,0,2146,work_diverted,14,21880,252,14,1,1218,1218,20662,1.0,20662,1,21085.0,1
2026-06-04 10:00:00,2026-06-04,10,PACK-LINE-01,18,day,Thursday,1997,0,18,16,81,2,116,2,18,116,0,1881,added_packers_and_work_diverted,18,22543,279,18,0,1458,1458,21085,1.0,21085,1,21170.0,1
2026-06-04 11:00:00,2026-06-04,11,PACK-LINE-01,18,day,Thursday,1642,4,18,17,88,0,325,0,17,325,0,1317,work_diverted,14,22402,255,14,3,1232,1232,21170,1.0,21170,1,20745.0,1
2026-06-04 12:00:00,2026-06-04,12,PACK-LINE-01,18,day,Thursday,1511,0,18,16,91,4,298,2,18,298,0,1213,added_packers_and_work_diverted,18,22383,246,18,0,1638,1638,20745,1.0,20745,1,20907.0,1
2026-06-04 13:00:00,2026-06-04,13,PACK-LINE-01,18,day,Thursday,1717,0,18,15,86,3,7,3,18,7,0,1710,added_packers_and_work_diverted,18,22455,262,18,0,1548,1548,20907,1.0,20907,1,21362.0,1
2026-06-04 14:00:00,2026-06-04,14,PACK-LINE-01,18,swing,Thursday,1725,3,16,14,84,3,10,1,15,10,0,1715,added_packers_and_work_diverted,15,22622,270,15,0,1260,1260,21362,1.0,21362,1,22013.0,1
2026-06-04 15:00:00,2026-06-04,15,PACK-LINE-01,18,swing,Thursday,2077,4,16,13,87,4,208,1,14,208,0,1869,added_packers_and_work_diverted,14,23231,268,14,0,1218,1218,22013,1.0,22013,1,22309.0,1
2026-06-04 16:00:00,2026-06-04,16,PACK-LINE-01,18,swing,Thursday,2015,0,16,15,79,5,297,3,18,297,0,1718,added_packers_and_work_diverted,18,23731,301,18,0,1422,1422,22309,1.0,22309,1,22637.0,1
2026-06-04 17:00:00,2026-06-04,17,PACK-LINE-01,18,swing,Thursday,1898,1,16,14,86,5,108,3,17,108,0,1790,added_packers_and_work_diverted,17,24099,281,17,0,1462,1462,22637,1.0,22637,1,23485.0,1
2026-06-04 18:00:00,2026-06-04,18,PACK-LINE-01,18,swing,Thursday,2277,1,16,16,85,0,69,0,16,69,0,2208,work_diverted,17,24845,293,16,0,1360,1360,23485,1.0,23485,1,23725.0,1
2026-06-04 19:00:00,2026-06-04,19,PACK-LINE-01,18,swing,Thursday,2008,0,16,14,87,4,202,4,18,202,0,1806,added_packers_and_work_diverted,18,25291,291,18,0,1566,1566,23725,1.0,23725,1,24282.0,1
2026-06-04 20:00:00,2026-06-04,20,PACK-LINE-01,18,swing,Thursday,1952,1,16,16,81,1,18,1,17,18,0,1934,added_packers_and_work_diverted,17,25659,317,17,0,1377,1377,24282,1.0,24282,1,24900.0,1
2026-06-04 21:00:00,2026-06-04,21,PACK-LINE-01,18,swing,Thursday,2174,1,16,15,81,5,179,2,17,179,0,1995,added_packers_and_work_diverted,17,26277,325,17,0,1377,1377,24900,1.0,24900,1,25235.0,1
2026-06-04 22:00:00,2026-06-04,22,PACK-LINE-01,18,night,Thursday,1157,1,10,9,91,0,3,0,9,3,0,1154,work_diverted,17,26054,287,9,0,819,819,25235,1.0,25235,1,25003.0,1
2026-06-04 23:00:00,2026-06-04,23,PACK-LINE-01,18,night,Thursday,955,1,10,8,83,4,236,4,12,191,0,764,added_packers_and_work_diverted,17,25999,314,12,0,996,996,25003,1.0,25003,1,24976.0,1
2026-06-05 00:00:00,2026-06-05,0,PACK-LINE-01,18,night,Friday,1150,4,10,9,85,4,72,4,13,72,0,1078,added_packers_and_work_diverted,14,26081,307,13,0,1105,1105,24976,1.0,24976,1,25270.0,1
2026-06-05 01:00:00,2026-06-05,1,PACK-LINE-01,18,night,Friday,1184,0,10,10,81,0,80,0,10,80,0,1104,work_diverted,18,26080,322,10,0,810,810,25270,1.0,25270,1,25493.0,1
2026-06-05 02:00:00,2026-06-05,2,PACK-LINE-01,18,night,Friday,1039,2,10,7,87,0,302,0,7,207,0,832,work_diverted,16,26102,301,7,0,609,609,25493,1.0,25493,1,25716.0,1
2026-06-05 03:00:00,2026-06-05,3,PACK-LINE-01,18,night,Friday,1185,1,10,10,81,0,152,0,10,152,0,1033,work_diverted,17,26526,328,10,0,810,810,25716,1.0,25716,1,25999.0,1
2026-06-05 04:00:00,2026-06-05,4,PACK-LINE-01,18,night,Friday,1112,0,10,9,86,0,55,0,9,55,0,1057,work_diverted,18,26773,312,9,0,774,774,25999,1.0,25999,1,26012.0,1
2026-06-05 05:00:00,2026-06-05,5,PACK-LINE-01,18,night,Friday,906,2,10,8,89,0,296,0,8,181,0,725,work_diverted,16,26724,301,8,0,712,712,26012,1.0,26012,1,26253.0,1
2026-06-05 06:00:00,2026-06-05,6,PACK-LINE-01,18,day,Friday,1594,3,18,16,84,4,93,0,16,93,0,1501,work_diverted,15,27513,328,15,1,1260,1260,26253,1.0,26253,1,26969.0,1
2026-06-05 07:00:00,2026-06-05,7,PACK-LINE-01,18,day,Friday,2254,3,18,17,81,4,323,0,17,323,0,1931,work_diverted,15,28184,348,15,2,1215,1215,26969,1.0,26969,1,27925.0,1
2026-06-05 08:00:00,2026-06-05,8,PACK-LINE-01,18,day,Friday,2172,4,18,16,84,2,40,0,16,40,0,2132,work_diverted,14,29101,347,14,2,1176,1176,27925,1.0,27925,1,28483.0,1
2026-06-05 09:00:00,2026-06-05,9,PACK-LINE-01,18,day,Friday,2305,1,18,18,84,0,319,0,18,319,0,1986,work_diverted,17,29911,357,17,1,1428,1428,28483,1.0,28483,1,29854.0,1
2026-06-05 10:00:00,2026-06-05,10,PACK-LINE-01,18,day,Friday,2638,4,18,15,83,3,105,0,15,105,0,2533,work_diverted,14,31016,374,14,1,1162,1162,29854,1.0,29854,1,30392.0,1
2026-06-05 11:00:00,2026-06-05,11,PACK-LINE-01,18,day,Friday,1983,2,18,18,79,0,181,0,18,181,0,1802,work_diverted,16,31656,401,16,2,1264,1264,30392,1.0,30392,1,30302.0,1
2026-06-05 12:00:00,2026-06-05,12,PACK-LINE-01,18,day,Friday,1481,1,18,17,85,4,126,0,17,126,0,1355,work_diverted,17,31747,374,17,0,1445,1445,30302,1.0,30302,1,29817.0,1
2026-06-05 13:00:00,2026-06-05,13,PACK-LINE-01,18,day,Friday,1263,0,18,17,88,0,309,0,17,252,0,1011,work_diverted,18,31313,356,17,0,1496,1496,29817,1.0,29817,1,30200.0,1
2026-06-05 14:00:00,2026-06-05,14,PACK-LINE-01,18,swing,Friday,1576,1,16,14,79,0,87,0,14,87,0,1489,work_diverted,17,31306,397,14,0,1106,1106,30200,1.0,30200,1,30549.0,1
2026-06-05 15:00:00,2026-06-05,15,PACK-LINE-01,18,swing,Friday,1759,3,16,14,87,5,105,1,15,105,0,1654,added_packers_and_work_diverted,15,31854,367,15,0,1305,1305,30549,1.0,30549,1,31099.0,1
2026-06-05 16:00:00,2026-06-05,16,PACK-LINE-01,18,swing,Friday,1883,0,16,15,82,0,103,0,15,103,0,1780,work_diverted,18,32329,395,15,0,1230,1230,31099,1.0,31099,1,31923.0,1
2026-06-05 17:00:00,2026-06-05,17,PACK-LINE-01,18,swing,Friday,2175,0,16,13,93,1,49,1,14,49,0,2126,added_packers_and_work_diverted,18,33225,358,14,0,1302,1302,31923,1.0,31923,1,32027.0,1
2026-06-05 18:00:00,2026-06-05,18,PACK-LINE-01,18,swing,Friday,1734,2,16,16,82,4,318,0,16,318,0,1416,work_diverted,16,33339,407,16,0,1312,1312,32027,1.0,32027,1,31645.0,1
2026-06-05 19:00:00,2026-06-05,19,PACK-LINE-01,18,swing,Friday,1413,0,16,16,89,4,193,2,18,193,0,1220,added_packers_and_work_diverted,18,33247,374,18,0,1602,1602,31645,1.0,31645,1,32077.0,1
2026-06-05 20:00:00,2026-06-05,20,PACK-LINE-01,18,swing,Friday,2054,0,16,14,85,4,92,4,18,92,0,1962,added_packers_and_work_diverted,18,33607,396,18,0,1530,1530,32077,1.0,32077,1,32267.0,1
2026-06-05 21:00:00,2026-06-05,21,PACK-LINE-01,18,swing,Friday,1703,0,16,16,80,3,73,2,18,73,0,1630,added_packers_and_work_diverted,18,33707,422,18,0,1440,1440,32267,1.0,32267,1,32140.0,1
2026-06-05 22:00:00,2026-06-05,22,PACK-LINE-01,18,night,Friday,762,0,10,10,81,0,79,0,10,79,0,683,work_diverted,18,32950,407,10,0,810,810,32140,1.0,32140,1,31946.0,1
2026-06-05 23:00:00,2026-06-05,23,PACK-LINE-01,18,night,Friday,1382,0,10,10,92,5,196,5,15,196,0,1186,added_packers_and_work_diverted,18,33326,363,15,0,1380,1380,31946,1.0,31946,1,31518.0,1
2026-06-06 00:00:00,2026-06-06,0,PACK-LINE-01,18,night,Saturday,1040,2,10,10,84,5,273,5,15,208,0,832,added_packers_and_work_diverted,16,32778,391,15,0,1260,1260,31518,1.0,31518,1,31293.0,1
2026-06-06 01:00:00,2026-06-06,1,PACK-LINE-01,18,night,Saturday,785,1,10,10,83,2,14,2,12,14,0,771,added_packers_and_work_diverted,17,32289,390,12,0,996,996,31293,1.0,31293,1,31319.0,1
2026-06-06 02:00:00,2026-06-06,2,PACK-LINE-01,18,night,Saturday,869,0,10,10,82,0,23,0,10,23,0,846,work_diverted,18,32139,392,10,0,820,820,31319,1.0,31319,1,31373.0,1
2026-06-06 03:00:00,2026-06-06,3,PACK-LINE-01,18,night,Saturday,965,4,10,8,83,1,164,1,9,164,0,801,added_packers_and_work_diverted,14,32120,387,9,0,747,747,31373,1.0,31373,1,31402.0,1
2026-06-06 04:00:00,2026-06-06,4,PACK-LINE-01,18,night,Saturday,1123,0,10,9,91,3,2,3,12,2,0,1121,added_packers_and_work_diverted,18,32494,358,12,0,1092,1092,31402,1.0,31402,1,31066.0,1
2026-06-06 05:00:00,2026-06-06,5,PACK-LINE-01,18,night,Saturday,1119,4,10,10,88,4,346,4,14,223,0,896,added_packers_and_work_diverted,14,32298,368,14,0,1232,1232,31066,1.0,31066,1,30946.0,1
2026-06-06 06:00:00,2026-06-06,6,PACK-LINE-01,18,day,Saturday,1217,1,18,15,89,0,2,0,15,2,0,1215,work_diverted,17,32281,363,15,0,1335,1335,30946,1.0,30946,1,31112.0,1
2026-06-06 07:00:00,2026-06-06,7,PACK-LINE-01,18,day,Saturday,1664,3,18,18,79,3,313,0,18,313,0,1351,work_diverted,15,32297,409,15,3,1185,1185,31112,1.0,31112,1,31460.0,1
2026-06-06 08:00:00,2026-06-06,8,PACK-LINE-01,18,day,Saturday,2079,1,18,17,87,0,252,0,17,252,0,1827,work_diverted,17,32939,379,17,0,1479,1479,31460,1.0,31460,1,30980.0,1
2026-06-06 09:00:00,2026-06-06,9,PACK-LINE-01,18,day,Saturday,1357,0,18,17,87,4,277,1,18,271,0,1086,added_packers_and_work_diverted,18,32546,375,18,0,1566,1566,30980,1.0,30980,1,30781.0,1
2026-06-06 10:00:00,2026-06-06,10,PACK-LINE-01,18,day,Saturday,1271,3,18,15,87,0,165,0,15,165,0,1106,work_diverted,15,32086,369,15,0,1305,1305,30781,1.0,30781,1,31666.0,1
2026-06-06 11:00:00,2026-06-06,11,PACK-LINE-01,18,day,Saturday,2152,3,18,18,79,5,82,0,18,82,0,2070,work_diverted,15,32851,416,15,3,1185,1185,31666,1.0,31666,1,31832.0,1
2026-06-06 12:00:00,2026-06-06,12,PACK-LINE-01,18,day,Saturday,1326,4,18,18,77,4,82,0,18,82,0,1244,work_diverted,14,32910,428,14,4,1078,1078,31832,1.0,31832,1,32074.0,1
2026-06-06 13:00:00,2026-06-06,13,PACK-LINE-01,18,day,Saturday,1797,1,18,17,84,0,127,0,17,127,0,1670,work_diverted,17,33502,399,17,0,1428,1428,32074,1.0,32074,1,32062.0,1
2026-06-06 14:00:00,2026-06-06,14,PACK-LINE-01,18,swing,Saturday,1573,1,16,14,82,2,273,2,16,273,0,1300,added_packers_and_work_diverted,17,33374,407,16,0,1312,1312,32062,1.0,32062,1,32178.0,1
2026-06-06 15:00:00,2026-06-06,15,PACK-LINE-01,18,swing,Saturday,1898,0,16,14,85,4,252,4,18,252,0,1646,added_packers_and_work_diverted,18,33708,397,18,0,1530,1530,32178,1.0,32178,1,32603.0,1
2026-06-06 16:00:00,2026-06-06,16,PACK-LINE-01,18,swing,Saturday,1972,1,16,16,82,3,153,1,17,153,0,1819,added_packers_and_work_diverted,17,33997,415,17,0,1394,1394,32603,1.0,32603,1,32549.0,1
2026-06-06 17:00:00,2026-06-06,17,PACK-LINE-01,18,swing,Saturday,1777,1,16,14,92,4,267,3,17,267,0,1510,added_packers_and_work_diverted,17,34113,371,17,0,1564,1564,32549,1.0,32549,1,32052.0,1
2026-06-06 18:00:00,2026-06-06,18,PACK-LINE-01,18,swing,Saturday,1296,0,16,16,89,3,191,2,18,191,0,1105,added_packers_and_work_diverted,18,33654,379,18,0,1602,1602,32052,1.0,32052,1,31488.0,1
2026-06-06 19:00:00,2026-06-06,19,PACK-LINE-01,18,swing,Saturday,1030,1,16,13,87,4,115,4,17,115,0,915,added_packers_and_work_diverted,17,32967,379,17,0,1479,1479,31488,1.0,31488,1,31132.0,1
2026-06-06 20:00:00,2026-06-06,20,PACK-LINE-01,18,swing,Saturday,1125,2,16,15,80,1,201,1,16,201,0,924,added_packers_and_work_diverted,16,32412,406,16,0,1280,1280,31132,1.0,31132,1,31028.0,1
2026-06-06 21:00:00,2026-06-06,21,PACK-LINE-01,18,swing,Saturday,1640,0,16,16,81,2,286,2,18,286,0,1354,added_packers_and_work_diverted,18,32486,402,18,0,1458,1458,31028,1.0,31028,1,30552.0,1
2026-06-06 22:00:00,2026-06-06,22,PACK-LINE-01,18,night,Saturday,980,4,10,9,90,5,311,5,14,196,0,784,added_packers_and_work_diverted,14,31812,354,14,0,1260,1260,30552,1.0,30552,1,30212.0,1
2026-06-06 23:00:00,2026-06-06,23,PACK-LINE-01,18,night,Saturday,872,0,10,8,97,3,145,3,11,145,0,727,added_packers_and_work_diverted,18,31279,323,11,0,1067,1067,30212,1.0,30212,1,29932.0,1
2026-06-07 00:00:00,2026-06-07,0,PACK-LINE-01,18,night,Sunday,846,3,10,8,87,3,305,3,11,169,0,677,added_packers_and_work_diverted,15,30889,356,11,0,957,957,29932,1.0,29932,1,29970.0,1
2026-06-07 01:00:00,2026-06-07,1,PACK-LINE-01,18,night,Sunday,992,3,10,9,84,0,221,0,9,198,0,794,work_diverted,15,30726,366,9,0,756,756,29970,1.0,29970,1,30004.0,1
2026-06-07 02:00:00,2026-06-07,2,PACK-LINE-01,18,night,Sunday,965,2,10,9,82,0,338,0,9,193,0,772,work_diverted,16,30742,375,9,0,738,738,30004,1.0,30004,1,30175.0,1
2026-06-07 03:00:00,2026-06-07,3,PACK-LINE-01,18,night,Sunday,1136,0,10,7,85,3,115,3,10,115,0,1021,added_packers_and_work_diverted,18,31025,365,10,0,850,850,30175,1.0,30175,1,29921.0,1
2026-06-07 04:00:00,2026-06-07,4,PACK-LINE-01,18,night,Sunday,636,3,10,10,83,0,60,0,10,60,0,576,work_diverted,15,30751,371,10,0,830,830,29921,1.0,29921,1,30031.0,1
2026-06-07 05:00:00,2026-06-07,5,PACK-LINE-01,18,night,Sunday,977,1,10,7,84,1,304,1,8,195,0,782,added_packers_and_work_diverted,17,30703,366,8,0,672,672,30031,1.0,30031,1,29644.0,1
2026-06-07 06:00:00,2026-06-07,6,PACK-LINE-01,18,day,Sunday,1147,3,18,15,87,4,346,0,15,229,0,918,work_diverted,15,30949,356,15,0,1305,1305,29644,1.0,29644,1,29525.0,1
2026-06-07 07:00:00,2026-06-07,7,PACK-LINE-01,18,day,Sunday,1334,2,18,18,81,4,157,0,18,157,0,1177,work_diverted,16,30821,381,16,2,1296,1296,29525,1.0,29525,1,30198.0,1
2026-06-07 08:00:00,2026-06-07,8,PACK-LINE-01,18,day,Sunday,2093,4,18,18,86,3,216,0,18,216,0,1877,work_diverted,14,31402,366,14,4,1204,1204,30198,1.0,30198,1,30660.0,1
2026-06-07 09:00:00,2026-06-07,9,PACK-LINE-01,18,day,Sunday,1903,0,18,18,79,2,19,0,18,19,0,1884,work_diverted,18,32082,407,18,0,1422,1422,30660,1.0,30660,1,31160.0,1
2026-06-07 10:00:00,2026-06-07,10,PACK-LINE-01,18,day,Sunday,1924,2,18,15,85,3,64,1,16,64,0,1860,added_packers_and_work_diverted,16,32520,383,16,0,1360,1360,31160,1.0,31160,1,31507.0,1
2026-06-07 11:00:00,2026-06-07,11,PACK-LINE-01,18,day,Sunday,1676,4,18,17,83,1,167,0,17,167,0,1509,work_diverted,14,32669,394,14,3,1162,1162,31507,1.0,31507,1,31282.0,1
2026-06-07 12:00:00,2026-06-07,12,PACK-LINE-01,18,day,Sunday,1425,3,18,16,91,0,298,0,16,285,0,1140,work_diverted,15,32647,359,15,1,1365,1365,31282,1.0,31282,1,31413.0,1
2026-06-07 13:00:00,2026-06-07,13,PACK-LINE-01,18,day,Sunday,1618,1,18,18,82,3,93,0,18,93,0,1525,work_diverted,17,32807,401,17,1,1394,1394,31413,1.0,31413,1,31317.0,1
2026-06-07 14:00:00,2026-06-07,14,PACK-LINE-01,18,swing,Sunday,1420,0,16,14,77,2,294,2,16,284,0,1136,added_packers_and_work_diverted,18,32549,423,16,0,1232,1232,31317,1.0,31317,1,31033.0,1
2026-06-07 15:00:00,2026-06-07,15,PACK-LINE-01,18,swing,Sunday,1307,0,16,14,91,2,135,2,16,135,0,1172,added_packers_and_work_diverted,18,32489,358,16,0,1456,1456,31033,1.0,31033,1,31261.0,1
2026-06-07 16:00:00,2026-06-07,16,PACK-LINE-01,18,swing,Sunday,1404,0,16,13,76,2,36,2,15,36,0,1368,added_packers_and_work_diverted,18,32401,427,15,0,1140,1140,31261,1.0,31261,1,31798.0,1
2026-06-07 17:00:00,2026-06-07,17,PACK-LINE-01,18,swing,Sunday,1850,1,16,13,85,1,123,1,14,123,0,1727,added_packers_and_work_diverted,17,32988,389,14,0,1190,1190,31798,1.0,31798,1,31435.0,1
2026-06-07 18:00:00,2026-06-07,18,PACK-LINE-01,18,swing,Sunday,1177,3,16,14,87,4,276,1,15,235,0,942,added_packers_and_work_diverted,15,32740,377,15,0,1305,1305,31435,1.0,31435,1,31545.0,1
2026-06-07 19:00:00,2026-06-07,19,PACK-LINE-01,18,swing,Sunday,1322,4,16,13,82,5,64,1,14,64,0,1258,added_packers_and_work_diverted,14,32693,399,14,0,1148,1148,31545,1.0,31545,1,31581.0,1
2026-06-07 20:00:00,2026-06-07,20,PACK-LINE-01,18,swing,Sunday,1366,2,16,15,81,3,34,1,16,34,0,1332,added_packers_and_work_diverted,16,32877,406,16,0,1296,1296,31581,1.0,31581,1,31589.0,1
2026-06-07 21:00:00,2026-06-07,21,PACK-LINE-01,18,swing,Sunday,1287,3,16,15,82,1,49,0,15,49,0,1238,work_diverted,15,32819,401,15,0,1230,1230,31589,1.0,31589,1,31890.0,1
2026-06-07 22:00:00,2026-06-07,22,PACK-LINE-01,18,night,Sunday,1333,0,10,7,89,3,142,3,10,142,0,1191,added_packers_and_work_diverted,18,32780,369,10,0,890,890,31890,1.0,31890,1,32023.0,1
2026-06-07 23:00:00,2026-06-07,23,PACK-LINE-01,18,night,Sunday,1235,0,10,10,74,3,140,3,13,140,0,1095,added_packers_and_work_diverted,18,32985,446,13,0,962,962,32023,1.0,32023,1,32180.0,1
2026-06-08 00:00:00,2026-06-08,0,PACK-LINE-01,18,night,Monday,975,0,10,7,89,0,271,0,7,195,0,780,work_diverted,18,32803,369,7,0,623,623,32180,1.0,32180,1,31396.0,1
2026-06-08 01:00:00,2026-06-08,1,PACK-LINE-01,18,night,Monday,585,4,10,10,91,4,95,4,14,95,0,490,added_packers_and_work_diverted,14,32670,360,14,0,1274,1274,31396,1.0,31396,1,31316.0,1
2026-06-08 02:00:00,2026-06-08,2,PACK-LINE-01,18,night,Monday,1068,2,10,10,85,1,235,1,11,213,0,855,added_packers_and_work_diverted,16,32251,380,11,0,935,935,31316,1.0,31316,1,30851.0,1
2026-06-08 03:00:00,2026-06-08,3,PACK-LINE-01,18,night,Monday,663,1,10,7,83,5,262,5,12,132,0,531,added_packers_and_work_diverted,17,31847,384,12,0,996,996,30851,1.0,30851,1,30276.0,1
2026-06-08 04:00:00,2026-06-08,4,PACK-LINE-01,18,night,Monday,912,1,10,10,87,5,344,5,15,182,0,730,added_packers_and_work_diverted,17,31581,363,15,0,1305,1305,30276,1.0,30276,1,30166.0,1
2026-06-08 05:00:00,2026-06-08,5,PACK-LINE-01,18,night,Monday,900,1,10,7,83,3,186,3,10,180,0,720,added_packers_and_work_diverted,17,30996,374,10,0,830,830,30166,1.0,30166,1,29598.0,1
2026-06-08 06:00:00,2026-06-08,6,PACK-LINE-01,18,day,Monday,989,0,18,15,80,2,320,2,17,197,0,792,added_packers_and_work_diverted,18,30958,387,17,0,1360,1360,29598,1.0,29598,1,29605.0,1
2026-06-08 07:00:00,2026-06-08,7,PACK-LINE-01,18,day,Monday,1575,0,18,17,84,3,56,1,18,56,0,1519,added_packers_and_work_diverted,18,31117,371,18,0,1512,1512,29605,1.0,29605,1,28882.0,1
2026-06-08 08:00:00,2026-06-08,8,PACK-LINE-01,18,day,Monday,884,0,18,16,89,1,94,1,17,94,0,790,added_packers_and_work_diverted,18,30395,342,17,0,1513,1513,28882,1.0,28882,1,28482.0,1
2026-06-08 09:00:00,2026-06-08,9,PACK-LINE-01,18,day,Monday,1210,0,18,17,76,1,260,1,18,242,0,968,added_packers_and_work_diverted,18,29850,393,18,0,1368,1368,28482,1.0,28482,1,28170.0,1
2026-06-08 10:00:00,2026-06-08,10,PACK-LINE-01,18,day,Monday,1119,3,18,17,87,3,126,0,17,126,0,993,work_diverted,15,29475,339,15,2,1305,1305,28170,1.0,28170,1,27793.0,1
2026-06-08 11:00:00,2026-06-08,11,PACK-LINE-01,18,day,Monday,1412,0,18,15,87,3,223,3,18,223,0,1189,added_packers_and_work_diverted,18,29359,338,18,0,1566,1566,27793,1.0,27793,1,27918.0,1
2026-06-08 12:00:00,2026-06-08,12,PACK-LINE-01,18,day,Monday,1707,4,18,17,91,5,308,0,17,308,0,1399,work_diverted,14,29192,321,14,3,1274,1274,27918,1.0,27918,1,27418.0,1
2026-06-08 13:00:00,2026-06-08,13,PACK-LINE-01,18,day,Monday,1379,0,18,18,90,4,259,0,18,259,0,1120,work_diverted,18,29038,323,18,0,1620,1620,27418,1.0,27418,1,26758.0,1
2026-06-08 14:00:00,2026-06-08,14,PACK-LINE-01,18,swing,Monday,886,2,16,15,92,3,74,1,16,74,0,812,added_packers_and_work_diverted,16,28230,307,16,0,1472,1472,26758,1.0,26758,1,26834.0,1
2026-06-08 15:00:00,2026-06-08,15,PACK-LINE-01,18,swing,Monday,1561,1,16,13,82,4,91,4,17,91,0,1470,added_packers_and_work_diverted,17,28228,345,17,0,1394,1394,26834,1.0,26834,1,26546.0,1
2026-06-08 16:00:00,2026-06-08,16,PACK-LINE-01,18,swing,Monday,1311,0,16,16,96,0,63,0,16,63,0,1248,work_diverted,18,28082,293,16,0,1536,1536,26546,1.0,26546,1,26637.0,1
2026-06-08 17:00:00,2026-06-08,17,PACK-LINE-01,18,swing,Monday,1459,4,16,14,80,3,248,0,14,248,0,1211,work_diverted,14,27757,347,14,0,1120,1120,26637,1.0,26637,1,26149.0,1
2026-06-08 18:00:00,2026-06-08,18,PACK-LINE-01,18,swing,Monday,859,4,16,14,84,5,331,0,14,171,0,688,work_diverted,14,27325,326,14,0,1176,1176,26149,1.0,26149,1,25560.0,1
2026-06-08 19:00:00,2026-06-08,19,PACK-LINE-01,18,swing,Monday,883,2,16,13,90,5,32,3,16,32,0,851,added_packers_and_work_diverted,16,27000,300,16,0,1440,1440,25560,1.0,25560,1,25025.0,1
2026-06-08 20:00:00,2026-06-08,20,PACK-LINE-01,18,swing,Monday,909,2,16,15,80,2,164,1,16,164,0,745,added_packers_and_work_diverted,16,26305,329,16,0,1280,1280,25025,1.0,25025,1,24598.0,1
2026-06-08 21:00:00,2026-06-08,21,PACK-LINE-01,18,swing,Monday,811,2,16,14,87,0,20,0,14,20,0,791,work_diverted,16,25816,297,14,0,1218,1218,24598,1.0,24598,1,24118.0,1
2026-06-08 22:00:00,2026-06-08,22,PACK-LINE-01,18,night,Monday,891,0,10,9,89,5,125,5,14,125,0,766,added_packers_and_work_diverted,18,25364,285,14,0,1246,1246,24118,1.0,24118,1,23742.0,1
2026-06-08 23:00:00,2026-06-08,23,PACK-LINE-01,18,night,Monday,698,1,10,8,85,3,246,3,11,139,0,559,added_packers_and_work_diverted,17,24677,291,11,0,935,935,23742,1.0,23742,1,23369.0,1
2026-06-09 00:00:00,2026-06-09,0,PACK-LINE-01,18,night,Tuesday,633,0,10,8,80,3,295,3,11,126,0,507,added_packers_and_work_diverted,18,24249,304,11,0,880,880,23369,1.0,23369,1,23055.0,1
2026-06-09 01:00:00,2026-06-09,1,PACK-LINE-01,18,night,Tuesday,868,0,10,9,84,4,90,4,13,90,0,778,added_packers_and_work_diverted,18,24147,288,13,0,1092,1092,23055,1.0,23055,1,22436.0,1
2026-06-09 02:00:00,2026-06-09,2,PACK-LINE-01,18,night,Tuesday,610,4,10,9,85,5,39,5,14,39,0,571,added_packers_and_work_diverted,14,23626,278,14,0,1190,1190,22436,1.0,22436,1,21949.0,1
2026-06-09 03:00:00,2026-06-09,3,PACK-LINE-01,18,night,Tuesday,821,2,10,10,88,3,275,3,13,164,0,657,added_packers_and_work_diverted,16,23093,263,13,0,1144,1144,21949,1.0,21949,1,21807.0,1
2026-06-09 04:00:00,2026-06-09,4,PACK-LINE-01,18,night,Tuesday,572,4,10,8,75,0,170,0,8,114,0,458,work_diverted,14,22407,299,8,0,600,600,21807,1.0,21807,1,21471.0,1
2026-06-09 05:00:00,2026-06-09,5,PACK-LINE-01,18,night,Tuesday,729,1,10,10,92,0,260,0,10,145,0,584,work_diverted,17,22391,244,10,0,920,920,21471,1.0,21471,1,21169.0,1
2026-06-09 06:00:00,2026-06-09,6,PACK-LINE-01,18,day,Tuesday,1197,0,18,15,84,0,347,0,15,239,0,958,work_diverted,18,22429,268,15,0,1260,1260,21169,1.0,21169,1,21118.0,1
2026-06-09 07:00:00,2026-06-09,7,PACK-LINE-01,18,day,Tuesday,1625,1,18,16,90,2,146,1,17,146,0,1479,added_packers_and_work_diverted,17,22648,252,17,0,1530,1530,21118,1.0,21118,1,20856.0,1
2026-06-09 08:00:00,2026-06-09,8,PACK-LINE-01,18,day,Tuesday,1288,0,18,17,86,5,2,1,18,2,0,1286,added_packers_and_work_diverted,18,22404,261,18,0,1548,1548,20856,1.0,20856,1,20143.0,1
2026-06-09 09:00:00,2026-06-09,9,PACK-LINE-01,18,day,Tuesday,1032,0,18,16,91,2,107,2,18,107,0,925,added_packers_and_work_diverted,18,21781,240,18,0,1638,1638,20143,1.0,20143,1,19644.0,1
2026-06-09 10:00:00,2026-06-09,10,PACK-LINE-01,18,day,Tuesday,1224,1,18,16,87,4,264,1,17,244,0,980,added_packers_and_work_diverted,17,21123,243,17,0,1479,1479,19644,1.0,19644,1,19942.0,1
2026-06-09 11:00:00,2026-06-09,11,PACK-LINE-01,18,day,Tuesday,1805,1,18,18,87,4,28,0,18,28,0,1777,work_diverted,17,21421,247,17,1,1479,1479,19942,1.0,19942,1,19843.0,1
2026-06-09 12:00:00,2026-06-09,12,PACK-LINE-01,18,day,Tuesday,1310,1,18,15,84,0,149,0,15,149,0,1161,work_diverted,17,21103,252,15,0,1260,1260,19843,1.0,19843,1,19075.0,1
2026-06-09 13:00:00,2026-06-09,13,PACK-LINE-01,18,day,Tuesday,817,0,18,17,79,4,291,1,18,163,0,654,added_packers_and_work_diverted,18,20497,260,18,0,1422,1422,19075,1.0,19075,1,18552.0,1
2026-06-09 14:00:00,2026-06-09,14,PACK-LINE-01,18,swing,Tuesday,1015,2,16,13,87,3,146,3,16,146,0,869,added_packers_and_work_diverted,16,19944,230,16,0,1392,1392,18552,1.0,18552,1,18672.0,1
2026-06-09 15:00:00,2026-06-09,15,PACK-LINE-01,18,swing,Tuesday,1750,0,16,13,89,5,28,5,18,28,0,1722,added_packers_and_work_diverted,18,20274,228,18,0,1602,1602,18672,1.0,18672,1,19379.0,1
2026-06-09 16:00:00,2026-06-09,16,PACK-LINE-01,18,swing,Tuesday,1788,4,16,13,80,0,41,0,13,41,0,1747,work_diverted,14,20419,256,13,0,1040,1040,19379,1.0,19379,1,18568.0,1
2026-06-09 17:00:00,2026-06-09,17,PACK-LINE-01,18,swing,Tuesday,1101,0,16,14,94,5,335,4,18,220,0,881,added_packers_and_work_diverted,18,20260,216,18,0,1692,1692,18568,1.0,18568,1,17882.0,1
2026-06-09 18:00:00,2026-06-09,18,PACK-LINE-01,18,swing,Tuesday,794,0,16,14,79,3,137,3,17,137,0,657,added_packers_and_work_diverted,18,19225,244,17,0,1343,1343,17882,1.0,17882,1,17654.0,1
2026-06-09 19:00:00,2026-06-09,19,PACK-LINE-01,18,swing,Tuesday,1414,1,16,15,80,5,331,2,17,282,0,1132,added_packers_and_work_diverted,17,19014,238,17,0,1360,1360,17654,1.0,17654,1,17454.0,1
2026-06-09 20:00:00,2026-06-09,20,PACK-LINE-01,18,swing,Tuesday,1446,0,16,14,88,3,150,3,17,150,0,1296,added_packers_and_work_diverted,18,18950,216,17,0,1496,1496,17454,1.0,17454,1,17316.0,1
2026-06-09 21:00:00,2026-06-09,21,PACK-LINE-01,18,swing,Tuesday,1592,0,16,15,85,3,200,3,18,200,0,1392,added_packers_and_work_diverted,18,18846,222,18,0,1530,1530,17316,1.0,17316,1,16888.0,1
2026-06-09 22:00:00,2026-06-09,22,PACK-LINE-01,18,night,Tuesday,889,0,10,7,95,5,285,5,12,177,0,712,added_packers_and_work_diverted,18,18028,190,12,0,1140,1140,16888,1.0,16888,1,16409.0,1
2026-06-09 23:00:00,2026-06-09,23,PACK-LINE-01,18,night,Tuesday,736,2,10,8,89,4,149,4,12,147,0,589,added_packers_and_work_diverted,16,17477,197,12,0,1068,1068,16409,1.0,16409,1,15813.0,1
2026-06-10 00:00:00,2026-06-10,0,PACK-LINE-01,18,night,Wednesday,711,1,10,10,85,4,117,4,14,117,0,594,added_packers_and_work_diverted,17,17003,201,14,0,1190,1190,15813,1.0,15813,1,15795.0,1
2026-06-10 01:00:00,2026-06-10,1,PACK-LINE-01,18,night,Wednesday,817,2,10,7,84,1,240,1,8,163,0,654,added_packers_and_work_diverted,16,16467,197,8,0,672,672,15795,1.0,15795,1,15845.0,1
2026-06-10 02:00:00,2026-06-10,2,PACK-LINE-01,18,night,Wednesday,1109,2,10,7,84,3,219,3,10,219,0,890,added_packers_and_work_diverted,16,16685,199,10,0,840,840,15845,1.0,15845,1,15339.0,1
2026-06-10 03:00:00,2026-06-10,3,PACK-LINE-01,18,night,Wednesday,672,1,10,7,87,5,338,5,12,134,0,538,added_packers_and_work_diverted,17,16383,189,12,0,1044,1044,15339,1.0,15339,1,15200.0,1
2026-06-10 04:00:00,2026-06-10,4,PACK-LINE-01,18,night,Wednesday,1101,2,10,10,85,2,233,2,12,220,0,881,added_packers_and_work_diverted,16,16220,191,12,0,1020,1020,15200,1.0,15200,1,14968.0,1
2026-06-10 05:00:00,2026-06-10,5,PACK-LINE-01,18,night,Wednesday,884,4,10,8,84,4,108,4,12,108,0,776,added_packers_and_work_diverted,14,15976,191,12,0,1008,1008,14968,1.0,14968,1,15171.0,1
2026-06-10 06:00:00,2026-06-10,6,PACK-LINE-01,18,day,Wednesday,1463,3,18,17,84,4,0,0,17,0,0,1463,none,15,16431,196,15,2,1260,1260,15171,1.0,15171,1,15676.0,1
2026-06-10 07:00:00,2026-06-10,7,PACK-LINE-01,18,day,Wednesday,1788,3,18,17,85,1,8,0,17,8,0,1780,work_diverted,15,16951,200,15,2,1275,1275,15676,1.0,15676,1,16219.0,1
2026-06-10 08:00:00,2026-06-10,8,PACK-LINE-01,18,day,Wednesday,1901,3,18,15,88,1,38,0,15,38,0,1863,work_diverted,15,17539,200,15,0,1320,1320,16219,1.0,16219,1,16001.0,1
2026-06-10 09:00:00,2026-06-10,9,PACK-LINE-01,18,day,Wednesday,1090,4,18,15,87,5,90,0,15,90,0,1000,work_diverted,14,17219,198,14,1,1218,1218,16001,1.0,16001,1,16462.0,1
2026-06-10 10:00:00,2026-06-10,10,PACK-LINE-01,18,day,Wednesday,2184,0,18,18,87,5,157,0,18,157,0,2027,work_diverted,18,18028,208,18,0,1566,1566,16462,1.0,16462,1,16919.0,1
2026-06-10 11:00:00,2026-06-10,11,PACK-LINE-01,18,day,Wednesday,2145,1,18,18,87,4,209,0,18,209,0,1936,work_diverted,17,18398,212,17,1,1479,1479,16919,1.0,16919,1,16838.0,1
2026-06-10 12:00:00,2026-06-10,12,PACK-LINE-01,18,day,Wednesday,1382,3,18,16,82,1,233,0,16,233,0,1149,work_diverted,15,18068,221,15,1,1230,1230,16838,1.0,16838,1,17205.0,1
2026-06-10 13:00:00,2026-06-10,13,PACK-LINE-01,18,day,Wednesday,1846,0,18,15,80,4,39,3,18,39,0,1807,added_packers_and_work_diverted,18,18645,234,18,0,1440,1440,17205,1.0,17205,1,17270.0,1
2026-06-10 14:00:00,2026-06-10,14,PACK-LINE-01,18,swing,Wednesday,1796,1,16,15,83,4,320,2,17,320,0,1476,added_packers_and_work_diverted,17,18681,226,17,0,1411,1411,17270,1.0,17270,1,18442.0,1
2026-06-10 15:00:00,2026-06-10,15,PACK-LINE-01,18,swing,Wednesday,2339,0,16,13,83,0,88,0,13,88,0,2251,work_diverted,18,19521,236,13,0,1079,1079,18442,1.0,18442,1,18650.0,1
2026-06-10 16:00:00,2026-06-10,16,PACK-LINE-01,18,swing,Wednesday,1793,0,16,14,89,2,161,2,16,161,0,1632,added_packers_and_work_diverted,18,20074,226,16,0,1424,1424,18650,1.0,18650,1,19332.0,1
2026-06-10 17:00:00,2026-06-10,17,PACK-LINE-01,18,swing,Wednesday,2206,0,16,14,83,3,113,3,17,113,0,2093,added_packers_and_work_diverted,18,20743,250,17,0,1411,1411,19332,1.0,19332,1,19281.0,1
2026-06-10 18:00:00,2026-06-10,18,PACK-LINE-01,18,swing,Wednesday,1458,0,16,16,81,1,132,1,17,132,0,1326,added_packers_and_work_diverted,18,20658,256,17,0,1377,1377,19281,1.0,19281,1,19577.0,1
2026-06-10 19:00:00,2026-06-10,19,PACK-LINE-01,18,swing,Wednesday,1617,3,16,13,81,4,106,2,15,106,0,1511,added_packers_and_work_diverted,15,20792,257,15,0,1215,1215,19577,1.0,19577,1,19006.0,1
2026-06-10 20:00:00,2026-06-10,20,PACK-LINE-01,18,swing,Wednesday,1056,0,16,16,84,1,199,1,17,199,0,857,added_packers_and_work_diverted,18,20434,244,17,0,1428,1428,19006,1.0,19006,1,19142.0,1
2026-06-10 21:00:00,2026-06-10,21,PACK-LINE-01,18,swing,Wednesday,1381,1,16,13,84,1,69,1,14,69,0,1312,added_packers_and_work_diverted,17,20318,242,14,0,1176,1176,19142,1.0,19142,1,19023.0,1
2026-06-10 22:00:00,2026-06-10,22,PACK-LINE-01,18,night,Wednesday,1075,0,10,10,89,1,317,1,11,215,0,860,added_packers_and_work_diverted,18,20002,225,11,0,979,979,19023,1.0,19023,1,18770.0,1
2026-06-10 23:00:00,2026-06-10,23,PACK-LINE-01,18,night,Wednesday,758,0,10,9,86,1,303,1,10,151,0,607,added_packers_and_work_diverted,18,19630,229,10,0,860,860,18770,1.0,18770,1,18870.0,1
2026-06-11 00:00:00,2026-06-11,0,PACK-LINE-01,18,night,Thursday,1385,3,10,8,84,4,315,4,12,277,0,1108,added_packers_and_work_diverted,15,19878,237,12,0,1008,1008,18870,1.0,18870,1,19493.0,1
2026-06-11 01:00:00,2026-06-11,1,PACK-LINE-01,18,night,Thursday,1467,0,10,8,87,1,61,1,9,61,0,1406,added_packers_and_work_diverted,18,20276,234,9,0,783,783,19493,1.0,19493,1,19865.0,1
2026-06-11 02:00:00,2026-06-11,2,PACK-LINE-01,18,night,Thursday,1410,0,10,7,83,5,42,5,12,42,0,1368,added_packers_and_work_diverted,18,20861,252,12,0,996,996,19865,1.0,19865,1,20148.0,1
2026-06-11 03:00:00,2026-06-11,3,PACK-LINE-01,18,night,Thursday,1340,1,10,10,88,1,89,1,11,89,0,1251,added_packers_and_work_diverted,17,21116,240,11,0,968,968,20148,1.0,20148,1,20543.0,1
2026-06-11 04:00:00,2026-06-11,4,PACK-LINE-01,18,night,Thursday,1294,3,10,7,84,1,227,1,8,227,0,1067,added_packers_and_work_diverted,15,21215,253,8,0,672,672,20543,1.0,20543,1,19994.0,1
2026-06-11 05:00:00,2026-06-11,5,PACK-LINE-01,18,night,Thursday,941,1,10,10,93,4,201,4,14,188,0,753,added_packers_and_work_diverted,17,21296,229,14,0,1302,1302,19994,1.0,19994,1,20736.0,1
2026-06-11 06:00:00,2026-06-11,6,PACK-LINE-01,18,day,Thursday,2114,3,18,16,82,4,142,0,16,142,0,1972,work_diverted,15,21966,268,15,1,1230,1230,20736,1.0,20736,1,20017.0,1
2026-06-11 07:00:00,2026-06-11,7,PACK-LINE-01,18,day,Thursday,1047,0,18,18,90,4,146,0,18,146,0,901,work_diverted,18,21637,241,18,0,1620,1620,20017,1.0,20017,1,20020.0,1
2026-06-11 08:00:00,2026-06-11,8,PACK-LINE-01,18,day,Thursday,1636,2,18,16,82,4,321,0,16,321,0,1315,work_diverted,16,21332,261,16,0,1312,1312,20020,1.0,20020,1,20114.0,1
2026-06-11 09:00:00,2026-06-11,9,PACK-LINE-01,18,day,Thursday,1543,4,18,18,88,0,217,0,18,217,0,1326,work_diverted,14,21346,243,14,4,1232,1232,20114,1.0,20114,1,20600.0,1
2026-06-11 10:00:00,2026-06-11,10,PACK-LINE-01,18,day,Thursday,2329,0,18,16,86,5,295,2,18,295,0,2034,added_packers_and_work_diverted,18,22148,258,18,0,1548,1548,20600,1.0,20600,1,20844.0,1
2026-06-11 11:00:00,2026-06-11,11,PACK-LINE-01,18,day,Thursday,2055,0,18,18,87,3,245,0,18,245,0,1810,work_diverted,18,22410,258,18,0,1566,1566,20844,1.0,20844,1,21566.0,1
2026-06-11 12:00:00,2026-06-11,12,PACK-LINE-01,18,day,Thursday,2302,1,18,15,87,1,188,1,16,188,0,2114,added_packers_and_work_diverted,17,22958,264,16,0,1392,1392,21566,1.0,21566,1,22080.0,1
2026-06-11 13:00:00,2026-06-11,13,PACK-LINE-01,18,day,Thursday,2297,2,18,16,92,5,311,0,16,311,0,1986,work_diverted,16,23552,256,16,0,1472,1472,22080,1.0,22080,1,22203.0,1
2026-06-11 14:00:00,2026-06-11,14,PACK-LINE-01,18,swing,Thursday,1588,0,16,14,81,1,250,1,15,250,0,1338,added_packers_and_work_diverted,18,23418,290,15,0,1215,1215,22203,1.0,22203,1,22836.0,1
2026-06-11 15:00:00,2026-06-11,15,PACK-LINE-01,18,swing,Thursday,1983,1,16,13,80,2,150,2,15,150,0,1833,added_packers_and_work_diverted,17,24036,301,15,0,1200,1200,22836,1.0,22836,1,22976.0,1
2026-06-11 16:00:00,2026-06-11,16,PACK-LINE-01,18,swing,Thursday,1610,3,16,14,85,5,195,1,15,195,0,1415,added_packers_and_work_diverted,15,24251,286,15,0,1275,1275,22976,1.0,22976,1,23781.0,1
2026-06-11 17:00:00,2026-06-11,17,PACK-LINE-01,18,swing,Thursday,2144,0,16,13,74,3,155,3,16,155,0,1989,added_packers_and_work_diverted,18,24965,338,16,0,1184,1184,23781,1.0,23781,1,23585.0,1
2026-06-11 18:00:00,2026-06-11,18,PACK-LINE-01,18,swing,Thursday,1386,0,16,14,87,1,282,1,15,277,0,1109,added_packers_and_work_diverted,18,24890,287,15,0,1305,1305,23585,1.0,23585,1,24098.0,1
2026-06-11 19:00:00,2026-06-11,19,PACK-LINE-01,18,swing,Thursday,2017,4,16,16,88,4,272,0,16,272,0,1745,work_diverted,14,25330,288,14,2,1232,1232,24098,1.0,24098,1,23983.0,1
2026-06-11 20:00:00,2026-06-11,20,PACK-LINE-01,18,swing,Thursday,1790,0,16,16,89,5,303,2,18,303,0,1487,added_packers_and_work_diverted,18,25585,288,18,0,1602,1602,23983,1.0,23983,1,24565.0,1
2026-06-11 21:00:00,2026-06-11,21,PACK-LINE-01,18,swing,Thursday,1947,4,16,13,87,2,147,1,14,147,0,1800,added_packers_and_work_diverted,14,25783,297,14,0,1218,1218,24565,1.0,24565,1,24890.0,1
2026-06-11 22:00:00,2026-06-11,22,PACK-LINE-01,18,night,Thursday,1584,0,10,7,87,4,302,4,11,302,0,1282,added_packers_and_work_diverted,18,25847,298,11,0,957,957,24890,1.0,24890,1,25061.0,1
2026-06-11 23:00:00,2026-06-11,23,PACK-LINE-01,18,night,Thursday,1053,0,10,7,84,1,222,1,8,210,0,843,added_packers_and_work_diverted,18,25733,307,8,0,672,672,25061,1.0,25061,1,25159.0,1
2026-06-12 00:00:00,2026-06-12,0,PACK-LINE-01,18,night,Friday,1315,0,10,7,80,5,257,5,12,257,0,1058,added_packers_and_work_diverted,18,26119,327,12,0,960,960,25159,1.0,25159,1,25154.0,1
2026-06-12 01:00:00,2026-06-12,1,PACK-LINE-01,18,night,Friday,1325,1,10,10,83,3,251,3,13,251,0,1074,added_packers_and_work_diverted,17,26233,317,13,0,1079,1079,25154,1.0,25154,1,25358.0,1
2026-06-12 02:00:00,2026-06-12,2,PACK-LINE-01,18,night,Friday,1354,0,10,10,83,3,71,3,13,71,0,1283,added_packers_and_work_diverted,18,26437,319,13,0,1079,1079,25358,1.0,25358,1,25923.0,1
2026-06-12 03:00:00,2026-06-12,3,PACK-LINE-01,18,night,Friday,1445,0,10,8,79,1,169,1,9,169,0,1276,added_packers_and_work_diverted,18,26634,338,9,0,711,711,25923,1.0,25923,1,26108.0,1
2026-06-12 04:00:00,2026-06-12,4,PACK-LINE-01,18,night,Friday,1041,0,10,7,90,2,46,2,9,46,0,995,added_packers_and_work_diverted,18,26918,300,9,0,810,810,26108,1.0,26108,1,26552.0,1
2026-06-12 05:00:00,2026-06-12,5,PACK-LINE-01,18,night,Friday,1370,0,10,10,86,0,66,0,10,66,0,1304,work_diverted,18,27412,319,10,0,860,860,26552,1.0,26552,1,27347.0,1
2026-06-12 06:00:00,2026-06-12,6,PACK-LINE-01,18,day,Friday,2293,3,18,17,80,2,298,0,17,298,0,1995,work_diverted,15,28547,357,15,2,1200,1200,27347,1.0,27347,1,27529.0,1
2026-06-12 07:00:00,2026-06-12,7,PACK-LINE-01,18,day,Friday,1775,0,18,18,83,2,99,0,18,99,0,1676,work_diverted,18,29023,350,18,0,1494,1494,27529,1.0,27529,1,28434.0,1
2026-06-12 08:00:00,2026-06-12,8,PACK-LINE-01,18,day,Friday,2346,2,18,15,93,0,46,0,15,46,0,2300,work_diverted,16,29829,321,15,0,1395,1395,28434,1.0,28434,1,29528.0,1
2026-06-12 09:00:00,2026-06-12,9,PACK-LINE-01,18,day,Friday,2533,3,18,16,88,5,119,0,16,119,0,2414,work_diverted,15,30848,351,15,1,1320,1320,29528,1.0,29528,1,30415.0,1
2026-06-12 10:00:00,2026-06-12,10,PACK-LINE-01,18,day,Friday,2501,2,18,18,85,3,254,0,18,254,0,2247,work_diverted,16,31775,374,16,2,1360,1360,30415,1.0,30415,1,31409.0,1
2026-06-12 11:00:00,2026-06-12,11,PACK-LINE-01,18,day,Friday,2532,0,18,16,81,0,242,0,16,242,0,2290,work_diverted,18,32705,404,16,0,1296,1296,31409,1.0,31409,1,31804.0,1
2026-06-12 12:00:00,2026-06-12,12,PACK-LINE-01,18,day,Friday,1731,2,18,17,82,3,24,0,17,24,0,1707,work_diverted,16,33116,404,16,1,1312,1312,31804,1.0,31804,1,31943.0,1
2026-06-12 13:00:00,2026-06-12,13,PACK-LINE-01,18,day,Friday,1552,3,18,15,85,3,138,0,15,138,0,1414,work_diverted,15,33218,391,15,0,1275,1275,31943,1.0,31943,1,32152.0,1
2026-06-12 14:00:00,2026-06-12,14,PACK-LINE-01,18,swing,Friday,1300,1,16,13,80,0,51,0,13,51,0,1249,work_diverted,17,33192,415,13,0,1040,1040,32152,1.0,32152,1,32845.0,1
2026-06-12 15:00:00,2026-06-12,15,PACK-LINE-01,18,swing,Friday,2190,2,16,16,84,2,153,0,16,153,0,2037,work_diverted,16,34189,408,16,0,1344,1344,32845,1.0,32845,1,32909.0,1
2026-06-12 16:00:00,2026-06-12,16,PACK-LINE-01,18,swing,Friday,1852,1,16,16,85,5,343,1,17,343,0,1509,added_packers_and_work_diverted,17,34354,405,17,0,1445,1445,32909,1.0,32909,1,32727.0,1
2026-06-12 17:00:00,2026-06-12,17,PACK-LINE-01,18,swing,Friday,1600,0,16,15,86,2,330,2,17,320,0,1280,added_packers_and_work_diverted,18,34189,398,17,0,1462,1462,32727,1.0,32727,1,32607.0,1
2026-06-12 18:00:00,2026-06-12,18,PACK-LINE-01,18,swing,Friday,1071,0,16,14,77,0,113,0,14,113,0,958,work_diverted,18,33685,438,14,0,1078,1078,32607,1.0,32607,1,33329.0,1
2026-06-12 19:00:00,2026-06-12,19,PACK-LINE-01,18,swing,Friday,2136,4,16,14,86,4,210,0,14,210,0,1926,work_diverted,14,34533,402,14,0,1204,1204,33329,1.0,33329,1,33532.0,1
2026-06-12 20:00:00,2026-06-12,20,PACK-LINE-01,18,swing,Friday,1528,0,16,14,82,1,95,1,15,95,0,1433,added_packers_and_work_diverted,18,34762,424,15,0,1230,1230,33532,1.0,33532,1,33404.0,1
2026-06-12 21:00:00,2026-06-12,21,PACK-LINE-01,18,swing,Friday,1378,0,16,16,83,2,12,2,18,12,0,1366,added_packers_and_work_diverted,18,34898,421,18,0,1494,1494,33404,1.0,33404,1,33521.0,1
2026-06-12 22:00:00,2026-06-12,22,PACK-LINE-01,18,night,Friday,1389,4,10,9,79,5,166,5,14,166,0,1223,added_packers_and_work_diverted,14,34627,439,14,0,1106,1106,33521,1.0,33521,1,33175.0,1
2026-06-12 23:00:00,2026-06-12,23,PACK-LINE-01,18,night,Friday,844,0,10,8,86,4,158,4,12,158,0,686,added_packers_and_work_diverted,18,34207,398,12,0,1032,1032,33175,1.0,33175,1,32977.0,1
2026-06-13 00:00:00,2026-06-13,0,PACK-LINE-01,18,night,Saturday,794,1,10,7,83,4,79,4,11,79,0,715,added_packers_and_work_diverted,17,33890,409,11,0,913,913,32977,1.0,32977,1,32603.0,1
2026-06-13 01:00:00,2026-06-13,1,PACK-LINE-01,18,night,Saturday,880,0,10,9,77,5,208,5,14,176,0,704,added_packers_and_work_diverted,18,33681,438,14,0,1078,1078,32603,1.0,32603,1,32780.0,1
2026-06-13 02:00:00,2026-06-13,2,PACK-LINE-01,18,night,Saturday,1166,0,10,7,84,2,289,2,9,233,0,933,added_packers_and_work_diverted,18,33536,400,9,0,756,756,32780,1.0,32780,1,32599.0,1
2026-06-13 03:00:00,2026-06-13,3,PACK-LINE-01,18,night,Saturday,927,0,10,7,81,5,136,5,12,136,0,791,added_packers_and_work_diverted,18,33571,415,12,0,972,972,32599,1.0,32599,1,32823.0,1
2026-06-13 04:00:00,2026-06-13,4,PACK-LINE-01,18,night,Saturday,1304,0,10,8,82,2,326,2,10,260,0,1044,added_packers_and_work_diverted,18,33643,411,10,0,820,820,32823,1.0,32823,1,32477.0,1
2026-06-13 05:00:00,2026-06-13,5,PACK-LINE-01,18,night,Saturday,777,2,10,10,88,1,255,1,11,155,0,622,added_packers_and_work_diverted,16,33445,381,11,0,968,968,32477,1.0,32477,1,33117.0,1
2026-06-13 06:00:00,2026-06-13,6,PACK-LINE-01,18,day,Saturday,1945,4,18,16,73,4,283,0,16,283,0,1662,work_diverted,14,34139,468,14,2,1022,1022,33117,1.0,33117,1,33821.0,1
2026-06-13 07:00:00,2026-06-13,7,PACK-LINE-01,18,day,Saturday,2047,4,18,15,80,3,223,0,15,223,0,1824,work_diverted,14,34941,437,14,1,1120,1120,33821,1.0,33821,1,34026.0,1
2026-06-13 08:00:00,2026-06-13,8,PACK-LINE-01,18,day,Saturday,1895,2,18,17,85,5,330,0,17,330,0,1565,work_diverted,16,35386,417,16,1,1360,1360,34026,1.0,34026,1,34326.0,1
2026-06-13 09:00:00,2026-06-13,9,PACK-LINE-01,18,day,Saturday,1908,1,18,16,83,2,197,1,17,197,0,1711,added_packers_and_work_diverted,17,35737,431,17,0,1411,1411,34326,1.0,34326,1,35405.0,1
2026-06-13 10:00:00,2026-06-13,10,PACK-LINE-01,18,day,Saturday,2347,3,18,18,79,4,83,0,18,83,0,2264,work_diverted,15,36590,464,15,3,1185,1185,35405,1.0,35405,1,36137.0,1
2026-06-13 11:00:00,2026-06-13,11,PACK-LINE-01,18,day,Saturday,2207,3,18,15,87,5,170,0,15,170,0,2037,work_diverted,15,37442,431,15,0,1305,1305,36137,1.0,36137,1,35823.0,1
2026-06-13 12:00:00,2026-06-13,12,PACK-LINE-01,18,day,Saturday,1113,4,18,15,89,4,181,0,15,181,0,932,work_diverted,14,37069,417,14,1,1246,1246,35823,1.0,35823,1,35395.0,1
2026-06-13 13:00:00,2026-06-13,13,PACK-LINE-01,18,day,Saturday,1186,0,18,16,81,1,252,1,17,237,0,949,added_packers_and_work_diverted,18,36772,454,17,0,1377,1377,35395,1.0,35395,1,35678.0,1
2026-06-13 14:00:00,2026-06-13,14,PACK-LINE-01,18,swing,Saturday,1630,2,16,13,89,0,190,0,13,190,0,1440,work_diverted,16,36835,414,13,0,1157,1157,35678,1.0,35678,1,35617.0,1
2026-06-13 15:00:00,2026-06-13,15,PACK-LINE-01,18,swing,Saturday,1604,0,16,16,80,3,225,2,18,225,0,1379,added_packers_and_work_diverted,18,37057,464,18,0,1440,1440,35617,1.0,35617,1,35825.0,1
2026-06-13 16:00:00,2026-06-13,16,PACK-LINE-01,18,swing,Saturday,1659,0,16,14,83,2,123,2,16,123,0,1536,added_packers_and_work_diverted,18,37153,448,16,0,1328,1328,35825,1.0,35825,1,36497.0,1
2026-06-13 17:00:00,2026-06-13,17,PACK-LINE-01,18,swing,Saturday,2256,1,16,14,86,1,294,1,15,294,0,1962,added_packers_and_work_diverted,17,37787,440,15,0,1290,1290,36497,1.0,36497,1,36807.0,1
2026-06-13 18:00:00,2026-06-13,18,PACK-LINE-01,18,swing,Saturday,1852,3,16,13,81,5,327,2,15,327,0,1525,added_packers_and_work_diverted,15,38022,470,15,0,1215,1215,36807,1.0,36807,1,36342.0,1
2026-06-13 19:00:00,2026-06-13,19,PACK-LINE-01,18,swing,Saturday,1081,0,16,15,85,1,186,1,16,186,0,895,added_packers_and_work_diverted,18,37702,444,16,0,1360,1360,36342,1.0,36342,1,36626.0,1
2026-06-13 20:00:00,2026-06-13,20,PACK-LINE-01,18,swing,Saturday,1574,4,16,14,83,4,128,0,14,128,0,1446,work_diverted,14,37788,456,14,0,1162,1162,36626,1.0,36626,1,36394.0,1
2026-06-13 21:00:00,2026-06-13,21,PACK-LINE-01,18,swing,Saturday,1255,4,16,16,90,5,227,0,16,227,0,1028,work_diverted,14,37654,419,14,2,1260,1260,36394,1.0,36394,1,36257.0,1
2026-06-13 22:00:00,2026-06-13,22,PACK-LINE-01,18,night,Saturday,830,4,10,9,89,0,270,0,9,166,0,664,work_diverted,14,37058,417,9,0,801,801,36257,1.0,36257,1,36663.0,1
2026-06-13 23:00:00,2026-06-13,23,PACK-LINE-01,18,night,Saturday,1181,0,10,7,85,2,10,2,9,10,0,1171,added_packers_and_work_diverted,18,37428,441,9,0,765,765,36663,1.0,36663,1,36476.0,1
2026-06-14 00:00:00,2026-06-14,0,PACK-LINE-01,18,night,Sunday,1101,3,10,9,89,3,319,3,12,220,0,881,added_packers_and_work_diverted,15,37544,422,12,0,1068,1068,36476,1.0,36476,1,36558.0,1
2026-06-14 01:00:00,2026-06-14,1,PACK-LINE-01,18,night,Sunday,1152,0,10,8,84,2,349,2,10,230,0,922,added_packers_and_work_diverted,18,37398,446,10,0,840,840,36558,1.0,36558,1,36122.0,1
2026-06-14 02:00:00,2026-06-14,2,PACK-LINE-01,18,night,Sunday,787,0,10,10,82,3,205,3,13,157,0,630,added_packers_and_work_diverted,18,37188,454,13,0,1066,1066,36122,1.0,36122,1,36354.0,1
2026-06-14 03:00:00,2026-06-14,3,PACK-LINE-01,18,night,Sunday,1302,0,10,7,81,3,300,3,10,260,0,1042,added_packers_and_work_diverted,18,37164,459,10,0,810,810,36354,1.0,36354,1,36399.0,1
2026-06-14 04:00:00,2026-06-14,4,PACK-LINE-01,18,night,Sunday,1316,3,10,7,84,5,299,5,12,263,0,1053,added_packers_and_work_diverted,15,37407,446,12,0,1008,1008,36399,1.0,36399,1,36199.0,1
2026-06-14 05:00:00,2026-06-14,5,PACK-LINE-01,18,night,Sunday,849,2,10,7,88,3,288,3,10,169,0,680,added_packers_and_work_diverted,16,37079,422,10,0,880,880,36199,1.0,36199,1,36350.0,1
2026-06-14 06:00:00,2026-06-14,6,PACK-LINE-01,18,day,Sunday,1385,4,18,17,85,1,44,0,17,44,0,1341,work_diverted,14,37540,442,14,3,1190,1190,36350,1.0,36350,1,35967.0,1
2026-06-14 07:00:00,2026-06-14,7,PACK-LINE-01,18,day,Sunday,1234,0,18,16,81,1,240,1,17,240,0,994,added_packers_and_work_diverted,18,37344,462,17,0,1377,1377,35967,1.0,35967,1,35588.0,1
2026-06-14 08:00:00,2026-06-14,8,PACK-LINE-01,18,day,Sunday,1136,4,18,17,92,1,344,0,17,227,0,909,work_diverted,14,36876,401,14,3,1288,1288,35588,1.0,35588,1,35462.0,1
2026-06-14 09:00:00,2026-06-14,9,PACK-LINE-01,18,day,Sunday,1577,2,18,17,87,2,311,0,17,311,0,1266,work_diverted,16,36854,424,16,1,1392,1392,35462,1.0,35462,1,36205.0,1
2026-06-14 10:00:00,2026-06-14,10,PACK-LINE-01,18,day,Sunday,2376,1,18,16,77,3,324,1,17,324,0,2052,added_packers_and_work_diverted,17,37514,488,17,0,1309,1309,36205,1.0,36205,1,37415.0,1
2026-06-14 11:00:00,2026-06-14,11,PACK-LINE-01,18,day,Sunday,2543,2,18,17,83,3,5,0,17,5,0,2538,work_diverted,16,38743,467,16,1,1328,1328,37415,1.0,37415,1,37825.0,1
2026-06-14 12:00:00,2026-06-14,12,PACK-LINE-01,18,day,Sunday,2117,0,18,15,82,2,313,2,17,313,0,1804,added_packers_and_work_diverted,18,39219,479,17,0,1394,1394,37825,1.0,37825,1,37579.0,1
2026-06-14 13:00:00,2026-06-14,13,PACK-LINE-01,18,day,Sunday,1373,0,18,18,80,1,179,0,18,179,0,1194,work_diverted,18,39019,488,18,0,1440,1440,37579,1.0,37579,1,37493.0,1
2026-06-14 14:00:00,2026-06-14,14,PACK-LINE-01,18,swing,Sunday,1720,0,16,16,86,1,348,1,17,344,0,1376,added_packers_and_work_diverted,18,38955,453,17,0,1462,1462,37493,1.0,37493,1,38061.0,1
2026-06-14 15:00:00,2026-06-14,15,PACK-LINE-01,18,swing,Sunday,2253,1,16,15,87,4,206,2,17,206,0,2047,added_packers_and_work_diverted,17,39540,455,17,0,1479,1479,38061,1.0,38061,1,38687.0,1
2026-06-14 16:00:00,2026-06-14,16,PACK-LINE-01,18,swing,Sunday,1889,2,16,13,89,0,106,0,13,106,0,1783,work_diverted,16,39844,448,13,0,1157,1157,38687,1.0,38687,1,39850.0,1
2026-06-14 17:00:00,2026-06-14,17,PACK-LINE-01,18,swing,Sunday,2465,0,16,15,78,1,54,1,16,54,0,2411,added_packers_and_work_diverted,18,41098,527,16,0,1248,1248,39850,1.0,39850,1,39407.0,1
2026-06-14 18:00:00,2026-06-14,18,PACK-LINE-01,18,swing,Sunday,1146,2,16,14,85,2,332,2,16,229,0,917,added_packers_and_work_diverted,16,40767,480,16,0,1360,1360,39407,1.0,39407,1,38982.0,1
2026-06-14 19:00:00,2026-06-14,19,PACK-LINE-01,18,swing,Sunday,1041,1,16,15,84,2,38,2,17,38,0,1003,added_packers_and_work_diverted,17,40410,482,17,0,1428,1428,38982,1.0,38982,1,39036.0,1
2026-06-14 20:00:00,2026-06-14,20,PACK-LINE-01,18,swing,Sunday,1441,1,16,16,74,4,129,1,17,129,0,1312,added_packers_and_work_diverted,17,40294,545,17,0,1258,1258,39036,1.0,39036,1,38875.0,1
2026-06-14 21:00:00,2026-06-14,21,PACK-LINE-01,18,swing,Sunday,1345,1,16,15,84,2,78,2,17,78,0,1267,added_packers_and_work_diverted,17,40303,480,17,0,1428,1428,38875,1.0,38875,1,38286.0,1
2026-06-14 22:00:00,2026-06-14,22,PACK-LINE-01,18,night,Sunday,677,0,10,8,87,5,240,5,13,135,0,542,added_packers_and_work_diverted,18,39417,454,13,0,1131,1131,38286,1.0,38286,1,38010.0,1
2026-06-14 23:00:00,2026-06-14,23,PACK-LINE-01,18,night,Sunday,1223,0,10,9,91,5,225,5,14,225,0,998,added_packers_and_work_diverted,18,39284,432,14,0,1274,1274,38010,1.0,38010,1,37854.0,1
2026-06-15 00:00:00,2026-06-15,0,PACK-LINE-01,18,night,Monday,808,0,10,7,84,3,124,3,10,124,0,684,added_packers_and_work_diverted,18,38694,461,10,0,840,840,37854,1.0,37854,1,37684.0,1
2026-06-15 01:00:00,2026-06-15,1,PACK-LINE-01,18,night,Monday,859,1,10,8,79,4,81,4,12,81,0,778,added_packers_and_work_diverted,17,38632,490,12,0,948,948,37684,1.0,37684,1,37309.0,1
2026-06-15 02:00:00,2026-06-15,2,PACK-LINE-01,18,night,Monday,802,0,10,10,84,3,85,3,13,85,0,717,added_packers_and_work_diverted,18,38401,458,13,0,1092,1092,37309,1.0,37309,1,36992.0,1
2026-06-15 03:00:00,2026-06-15,3,PACK-LINE-01,18,night,Monday,1064,4,10,10,85,4,191,4,14,191,0,873,added_packers_and_work_diverted,14,38182,450,14,0,1190,1190,36992,1.0,36992,1,36335.0,1
2026-06-15 04:00:00,2026-06-15,4,PACK-LINE-01,18,night,Monday,633,0,10,10,85,4,100,4,14,100,0,533,added_packers_and_work_diverted,18,37525,442,14,0,1190,1190,36335,1.0,36335,1,36063.0,1
2026-06-15 05:00:00,2026-06-15,5,PACK-LINE-01,18,night,Monday,792,1,10,10,76,2,152,2,12,152,0,640,added_packers_and_work_diverted,17,36975,487,12,0,912,912,36063,1.0,36063,1,35430.0,1
2026-06-15 06:00:00,2026-06-15,6,PACK-LINE-01,18,day,Monday,1163,1,18,15,92,4,237,2,17,232,0,931,added_packers_and_work_diverted,17,36994,403,17,0,1564,1564,35430,1.0,35430,1,35113.0,1
2026-06-15 07:00:00,2026-06-15,7,PACK-LINE-01,18,day,Monday,1252,1,18,16,79,1,226,1,17,226,0,1026,added_packers_and_work_diverted,17,36456,462,17,0,1343,1343,35113,1.0,35113,1,34799.0,1
2026-06-15 08:00:00,2026-06-15,8,PACK-LINE-01,18,day,Monday,1643,0,18,18,94,0,265,0,18,265,0,1378,work_diverted,18,36491,389,18,0,1692,1692,34799,1.0,34799,1,34542.0,1
2026-06-15 09:00:00,2026-06-15,9,PACK-LINE-01,18,day,Monday,1178,2,18,16,75,5,347,0,16,235,0,943,work_diverted,16,35742,477,16,0,1200,1200,34542,1.0,34542,1,34461.0,1
2026-06-15 10:00:00,2026-06-15,10,PACK-LINE-01,18,day,Monday,1362,1,18,15,87,0,138,0,15,138,0,1224,work_diverted,17,35766,412,15,0,1305,1305,34461,1.0,34461,1,34797.0,1
2026-06-15 11:00:00,2026-06-15,11,PACK-LINE-01,18,day,Monday,1846,0,18,15,82,4,34,3,18,34,0,1812,added_packers_and_work_diverted,18,36273,443,18,0,1476,1476,34797,1.0,34797,1,34121.0,1
2026-06-15 12:00:00,2026-06-15,12,PACK-LINE-01,18,day,Monday,895,1,18,16,89,0,147,0,16,147,0,748,work_diverted,17,35545,400,16,0,1424,1424,34121,1.0,34121,1,33720.0,1
2026-06-15 13:00:00,2026-06-15,13,PACK-LINE-01,18,day,Monday,1276,0,18,18,79,4,305,0,18,255,0,1021,work_diverted,18,35142,445,18,0,1422,1422,33720,1.0,33720,1,33126.0,1
2026-06-15 14:00:00,2026-06-15,14,PACK-LINE-01,18,swing,Monday,791,3,16,16,84,4,125,0,16,125,0,666,work_diverted,15,34386,410,15,1,1260,1260,33126,1.0,33126,1,32343.0,1
2026-06-15 15:00:00,2026-06-15,15,PACK-LINE-01,18,swing,Monday,1068,0,16,15,91,4,228,3,18,213,0,855,added_packers_and_work_diverted,18,33981,374,18,0,1638,1638,32343,1.0,32343,1,31959.0,1
2026-06-15 16:00:00,2026-06-15,16,PACK-LINE-01,18,swing,Monday,1300,2,16,16,89,5,293,0,16,260,0,1040,work_diverted,16,33383,376,16,0,1424,1424,31959,1.0,31959,1,31401.0,1
2026-06-15 17:00:00,2026-06-15,17,PACK-LINE-01,18,swing,Monday,1024,2,16,14,92,5,110,2,16,110,0,914,added_packers_and_work_diverted,16,32873,358,16,0,1472,1472,31401,1.0,31401,1,30830.0,1
2026-06-15 18:00:00,2026-06-15,18,PACK-LINE-01,18,swing,Monday,910,2,16,14,88,4,73,2,16,73,0,837,added_packers_and_work_diverted,16,32238,367,16,0,1408,1408,30830,1.0,30830,1,30365.0,1
2026-06-15 19:00:00,2026-06-15,19,PACK-LINE-01,18,swing,Monday,1173,0,16,14,78,4,309,4,18,234,0,939,added_packers_and_work_diverted,18,31769,408,18,0,1404,1404,30365,1.0,30365,1,30033.0,1
2026-06-15 20:00:00,2026-06-15,20,PACK-LINE-01,18,swing,Monday,1353,2,16,15,93,5,197,1,16,197,0,1156,added_packers_and_work_diverted,16,31521,339,16,0,1488,1488,30033,1.0,30033,1,29744.0,1
2026-06-15 21:00:00,2026-06-15,21,PACK-LINE-01,18,swing,Monday,1268,0,16,16,82,3,81,2,18,81,0,1187,added_packers_and_work_diverted,18,31220,381,18,0,1476,1476,29744,1.0,29744,1,29544.0,1
2026-06-15 22:00:00,2026-06-15,22,PACK-LINE-01,18,night,Monday,912,1,10,9,93,1,268,1,10,182,0,730,added_packers_and_work_diverted,17,30474,328,10,0,930,930,29544,1.0,29544,1,29325.0,1
2026-06-15 23:00:00,2026-06-15,23,PACK-LINE-01,18,night,Monday,975,1,10,7,85,5,174,5,12,174,0,801,added_packers_and_work_diverted,17,30345,357,12,0,1020,1020,29325,1.0,29325,1,29515.0,1
2026-06-16 00:00:00,2026-06-16,0,PACK-LINE-01,18,night,Tuesday,976,2,10,8,86,0,98,0,8,98,0,878,work_diverted,16,30203,352,8,0,688,688,29515,1.0,29515,1,29465.0,1
2026-06-16 01:00:00,2026-06-16,1,PACK-LINE-01,18,night,Tuesday,1078,1,10,10,83,1,249,1,11,215,0,863,added_packers_and_work_diverted,17,30378,366,11,0,913,913,29465,1.0,29465,1,28850.0,1
2026-06-16 02:00:00,2026-06-16,2,PACK-LINE-01,18,night,Tuesday,545,1,10,9,93,3,44,3,12,44,0,501,added_packers_and_work_diverted,17,29966,323,12,0,1116,1116,28850,1.0,28850,1,28492.0,1
2026-06-16 03:00:00,2026-06-16,3,PACK-LINE-01,18,night,Tuesday,627,2,10,7,86,3,154,3,10,125,0,502,added_packers_and_work_diverted,16,29352,342,10,0,860,860,28492,1.0,28492,1,28597.0,1
2026-06-16 04:00:00,2026-06-16,4,PACK-LINE-01,18,night,Tuesday,891,0,10,8,76,0,299,0,8,178,0,713,work_diverted,18,29205,385,8,0,608,608,28597,1.0,28597,1,28537.0,1
2026-06-16 05:00:00,2026-06-16,5,PACK-LINE-01,18,night,Tuesday,755,1,10,7,83,1,248,1,8,151,0,604,added_packers_and_work_diverted,17,29201,352,8,0,664,664,28537,1.0,28537,1,28067.0,1
2026-06-16 06:00:00,2026-06-16,6,PACK-LINE-01,18,day,Tuesday,1122,0,18,18,76,3,248,0,18,224,0,898,work_diverted,18,29435,388,18,0,1368,1368,28067,1.0,28067,1,27665.0,1
2026-06-16 07:00:00,2026-06-16,7,PACK-LINE-01,18,day,Tuesday,1231,1,18,16,90,1,103,1,17,103,0,1128,added_packers_and_work_diverted,17,29195,325,17,0,1530,1530,27665,1.0,27665,1,27111.0,1
2026-06-16 08:00:00,2026-06-16,8,PACK-LINE-01,18,day,Tuesday,845,3,18,15,82,2,243,0,15,169,0,676,work_diverted,15,28341,346,15,0,1230,1230,27111,1.0,27111,1,26847.0,1
2026-06-16 09:00:00,2026-06-16,9,PACK-LINE-01,18,day,Tuesday,1135,1,18,15,84,0,139,0,15,139,0,996,work_diverted,17,28107,335,15,0,1260,1260,26847,1.0,26847,1,27054.0,1
2026-06-16 10:00:00,2026-06-16,10,PACK-LINE-01,18,day,Tuesday,1433,3,18,17,81,2,11,0,17,11,0,1422,work_diverted,15,28269,349,15,2,1215,1215,27054,1.0,27054,1,27142.0,1
2026-06-16 11:00:00,2026-06-16,11,PACK-LINE-01,18,day,Tuesday,1506,3,18,18,83,1,173,0,18,173,0,1333,work_diverted,15,28387,343,15,3,1245,1245,27142,1.0,27142,1,26738.0,1
2026-06-16 12:00:00,2026-06-16,12,PACK-LINE-01,18,day,Tuesday,1113,2,18,17,84,3,173,0,17,173,0,940,work_diverted,16,28082,335,16,1,1344,1344,26738,1.0,26738,1,26368.0,1
2026-06-16 13:00:00,2026-06-16,13,PACK-LINE-01,18,day,Tuesday,1170,1,18,16,85,0,180,0,16,180,0,990,work_diverted,17,27728,327,16,0,1360,1360,26368,1.0,26368,1,25988.0,1
2026-06-16 14:00:00,2026-06-16,14,PACK-LINE-01,18,swing,Tuesday,1210,0,16,16,79,4,168,2,18,168,0,1042,added_packers_and_work_diverted,18,27410,347,18,0,1422,1422,25988,1.0,25988,1,25895.0,1
2026-06-16 15:00:00,2026-06-16,15,PACK-LINE-01,18,swing,Tuesday,1364,2,16,13,90,3,17,3,16,17,0,1347,added_packers_and_work_diverted,16,27335,304,16,0,1440,1440,25895,1.0,25895,1,25575.0,1
2026-06-16 16:00:00,2026-06-16,16,PACK-LINE-01,18,swing,Tuesday,926,4,16,16,89,0,0,0,16,0,0,926,none,14,26821,302,14,2,1246,1246,25575,1.0,25575,1,25311.0,1
2026-06-16 17:00:00,2026-06-16,17,PACK-LINE-01,18,swing,Tuesday,1362,2,16,15,86,2,250,1,16,250,0,1112,added_packers_and_work_diverted,16,26687,311,16,0,1376,1376,25311,1.0,25311,1,24833.0,1
2026-06-16 18:00:00,2026-06-16,18,PACK-LINE-01,18,swing,Tuesday,1022,2,16,16,81,1,224,0,16,204,0,818,work_diverted,16,26129,323,16,0,1296,1296,24833,1.0,24833,1,24739.0,1
2026-06-16 19:00:00,2026-06-16,19,PACK-LINE-01,18,swing,Tuesday,1345,3,16,14,78,1,296,1,15,269,0,1076,added_packers_and_work_diverted,15,25909,333,15,0,1170,1170,24739,1.0,24739,1,24774.0,1
2026-06-16 20:00:00,2026-06-16,20,PACK-LINE-01,18,swing,Tuesday,1378,0,16,14,86,1,53,1,15,53,0,1325,added_packers_and_work_diverted,18,26064,304,15,0,1290,1290,24774,1.0,24774,1,24413.0,1
2026-06-16 21:00:00,2026-06-16,21,PACK-LINE-01,18,swing,Tuesday,1239,0,16,15,80,5,160,3,18,160,0,1079,added_packers_and_work_diverted,18,25853,324,18,0,1440,1440,24413,1.0,24413,1,23950.0,1
2026-06-16 22:00:00,2026-06-16,22,PACK-LINE-01,18,night,Tuesday,699,3,10,10,80,4,42,4,14,42,0,657,added_packers_and_work_diverted,15,25070,314,14,0,1120,1120,23950,1.0,23950,1,23710.0,1
2026-06-16 23:00:00,2026-06-16,23,PACK-LINE-01,18,night,Tuesday,915,0,10,9,81,3,301,3,12,183,0,732,added_packers_and_work_diverted,18,24682,305,12,0,972,972,23710,1.0,23710,1,23172.0,1
2026-06-17 00:00:00,2026-06-17,0,PACK-LINE-01,18,night,Wednesday,761,1,10,10,83,4,137,4,14,137,0,624,added_packers_and_work_diverted,17,24334,294,14,0,1162,1162,23172,1.0,23172,1,23469.0,1
2026-06-17 01:00:00,2026-06-17,1,PACK-LINE-01,18,night,Wednesday,1231,0,10,8,87,2,64,2,10,64,0,1167,added_packers_and_work_diverted,18,24339,280,10,0,870,870,23469,1.0,23469,1,23312.0,1
2026-06-17 02:00:00,2026-06-17,2,PACK-LINE-01,18,night,Wednesday,1054,0,10,8,91,3,254,3,11,210,0,844,added_packers_and_work_diverted,18,24313,268,11,0,1001,1001,23312,1.0,23312,1,23304.0,1
2026-06-17 03:00:00,2026-06-17,3,PACK-LINE-01,18,night,Wednesday,1151,1,10,7,88,4,191,4,11,191,0,960,added_packers_and_work_diverted,17,24272,276,11,0,968,968,23304,1.0,23304,1,23300.0,1
2026-06-17 04:00:00,2026-06-17,4,PACK-LINE-01,18,night,Wednesday,894,0,10,7,90,1,332,1,8,178,0,716,added_packers_and_work_diverted,18,24020,267,8,0,720,720,23300,1.0,23300,1,23199.0,1
2026-06-17 05:00:00,2026-06-17,5,PACK-LINE-01,18,night,Wednesday,873,3,10,10,80,0,257,0,10,174,0,699,work_diverted,15,23999,300,10,0,800,800,23199,1.0,23199,1,22641.0,1
2026-06-17 06:00:00,2026-06-17,6,PACK-LINE-01,18,day,Wednesday,1350,0,18,18,91,5,275,0,18,270,0,1080,work_diverted,18,24279,267,18,0,1638,1638,22641,1.0,22641,1,22031.0,1
2026-06-17 07:00:00,2026-06-17,7,PACK-LINE-01,18,day,Wednesday,1059,0,18,18,81,2,259,0,18,211,0,848,work_diverted,18,23489,290,18,0,1458,1458,22031,1.0,22031,1,22281.0,1
2026-06-17 08:00:00,2026-06-17,8,PACK-LINE-01,18,day,Wednesday,1797,3,18,15,91,3,182,0,15,182,0,1615,work_diverted,15,23646,260,15,0,1365,1365,22281,1.0,22281,1,22198.0,1
2026-06-17 09:00:00,2026-06-17,9,PACK-LINE-01,18,day,Wednesday,1458,1,18,16,84,2,113,1,17,113,0,1345,added_packers_and_work_diverted,17,23626,282,17,0,1428,1428,22198,1.0,22198,1,22470.0,1
2026-06-17 10:00:00,2026-06-17,10,PACK-LINE-01,18,day,Wednesday,1884,0,18,15,90,1,172,1,16,172,0,1712,added_packers_and_work_diverted,18,23910,266,16,0,1440,1440,22470,1.0,22470,1,23294.0,1
2026-06-17 11:00:00,2026-06-17,11,PACK-LINE-01,18,day,Wednesday,2404,0,18,18,79,4,158,0,18,158,0,2246,work_diverted,18,24716,313,18,0,1422,1422,23294,1.0,23294,1,23130.0,1
2026-06-17 12:00:00,2026-06-17,12,PACK-LINE-01,18,day,Wednesday,1346,1,18,15,82,1,198,1,16,198,0,1148,added_packers_and_work_diverted,17,24442,299,16,0,1312,1312,23130,1.0,23130,1,22626.0,1
2026-06-17 13:00:00,2026-06-17,13,PACK-LINE-01,18,day,Wednesday,1297,0,18,16,86,2,253,2,18,253,0,1044,added_packers_and_work_diverted,18,24174,282,18,0,1548,1548,22626,1.0,22626,1,22605.0,1
2026-06-17 14:00:00,2026-06-17,14,PACK-LINE-01,18,swing,Wednesday,1498,0,16,15,84,4,7,3,18,7,0,1491,added_packers_and_work_diverted,18,24117,288,18,0,1512,1512,22605,1.0,22605,1,23365.0,1
2026-06-17 15:00:00,2026-06-17,15,PACK-LINE-01,18,swing,Wednesday,2523,1,16,16,88,4,267,1,17,267,0,2256,added_packers_and_work_diverted,17,24861,283,17,0,1496,1496,23365,1.0,23365,1,23725.0,1
2026-06-17 16:00:00,2026-06-17,16,PACK-LINE-01,18,swing,Wednesday,1954,1,16,15,85,2,149,2,17,149,0,1805,added_packers_and_work_diverted,17,25170,297,17,0,1445,1445,23725,1.0,23725,1,24288.0,1
2026-06-17 17:00:00,2026-06-17,17,PACK-LINE-01,18,swing,Wednesday,1966,0,16,13,90,1,143,1,14,143,0,1823,added_packers_and_work_diverted,18,25548,284,14,0,1260,1260,24288,1.0,24288,1,23824.0,1
2026-06-17 18:00:00,2026-06-17,18,PACK-LINE-01,18,swing,Wednesday,1309,0,16,16,84,5,336,2,18,261,0,1048,added_packers_and_work_diverted,18,25336,302,18,0,1512,1512,23824,1.0,23824,1,23812.0,1
2026-06-17 19:00:00,2026-06-17,19,PACK-LINE-01,18,swing,Wednesday,1330,0,16,14,80,2,62,2,16,62,0,1268,added_packers_and_work_diverted,18,25092,314,16,0,1280,1280,23812,1.0,23812,1,23290.0,1
2026-06-17 20:00:00,2026-06-17,20,PACK-LINE-01,18,swing,Wednesday,1087,0,16,14,87,2,238,2,16,217,0,870,added_packers_and_work_diverted,18,24682,284,16,0,1392,1392,23290,1.0,23290,1,22557.0,1
2026-06-17 21:00:00,2026-06-17,21,PACK-LINE-01,18,swing,Wednesday,996,0,16,13,90,4,294,4,17,199,0,797,added_packers_and_work_diverted,18,24087,268,17,0,1530,1530,22557,1.0,22557,1,22757.0,1
2026-06-17 22:00:00,2026-06-17,22,PACK-LINE-01,18,night,Wednesday,1275,0,10,10,82,0,306,0,10,255,0,1020,work_diverted,18,23577,288,10,0,820,820,22757,1.0,22757,1,22310.0,1
2026-06-17 23:00:00,2026-06-17,23,PACK-LINE-01,18,night,Wednesday,823,4,10,10,79,5,245,4,14,164,0,659,added_packers_and_work_diverted,14,23416,297,14,0,1106,1106,22310,1.0,22310,1,22313.0,1
2026-06-18 00:00:00,2026-06-18,0,PACK-LINE-01,18,night,Thursday,1168,2,10,10,83,4,3,4,14,3,0,1165,added_packers_and_work_diverted,16,23475,283,14,0,1162,1162,22313,1.0,22313,1,22197.0,1
2026-06-18 01:00:00,2026-06-18,1,PACK-LINE-01,18,night,Thursday,1092,0,10,7,90,4,231,4,11,218,0,874,added_packers_and_work_diverted,18,23187,258,11,0,990,990,22197,1.0,22197,1,22190.0,1
2026-06-18 02:00:00,2026-06-18,2,PACK-LINE-01,18,night,Thursday,1287,0,10,8,82,5,228,5,13,228,0,1059,added_packers_and_work_diverted,18,23256,284,13,0,1066,1066,22190,1.0,22190,1,22290.0,1
2026-06-18 03:00:00,2026-06-18,3,PACK-LINE-01,18,night,Thursday,1109,4,10,9,91,1,99,1,10,99,0,1010,added_packers_and_work_diverted,14,23200,255,10,0,910,910,22290,1.0,22290,1,22029.0,1
2026-06-18 04:00:00,2026-06-18,4,PACK-LINE-01,18,night,Thursday,950,3,10,8,80,5,171,5,13,171,0,779,added_packers_and_work_diverted,15,23069,289,13,0,1040,1040,22029,1.0,22029,1,22196.0,1
2026-06-18 05:00:00,2026-06-18,5,PACK-LINE-01,18,night,Thursday,1313,0,10,8,89,3,167,3,11,167,0,1146,added_packers_and_work_diverted,18,23175,261,11,0,979,979,22196,1.0,22196,1,22519.0,1
2026-06-18 06:00:00,2026-06-18,6,PACK-LINE-01,18,day,Thursday,1948,1,18,18,91,0,78,0,18,78,0,1870,work_diverted,17,24066,265,17,1,1547,1547,22519,1.0,22519,1,22470.0,1
2026-06-18 07:00:00,2026-06-18,7,PACK-LINE-01,18,day,Thursday,1491,2,18,17,83,0,212,0,17,212,0,1279,work_diverted,16,23798,287,16,1,1328,1328,22470,1.0,22470,1,23156.0,1
2026-06-18 08:00:00,2026-06-18,8,PACK-LINE-01,18,day,Thursday,2269,1,18,15,90,1,143,1,16,143,0,2126,added_packers_and_work_diverted,17,24596,274,16,0,1440,1440,23156,1.0,23156,1,22869.0,1
2026-06-18 09:00:00,2026-06-18,9,PACK-LINE-01,18,day,Thursday,1276,1,18,18,80,4,203,0,18,203,0,1073,work_diverted,17,24229,303,17,1,1360,1360,22869,1.0,22869,1,22790.0,1
2026-06-18 10:00:00,2026-06-18,10,PACK-LINE-01,18,day,Thursday,1589,0,18,15,85,1,308,1,16,308,0,1281,added_packers_and_work_diverted,18,24150,285,16,0,1360,1360,22790,1.0,22790,1,24076.0,1
2026-06-18 11:00:00,2026-06-18,11,PACK-LINE-01,18,day,Thursday,2566,0,18,15,78,0,110,0,15,110,0,2456,work_diverted,18,25246,324,15,0,1170,1170,24076,1.0,24076,1,24047.0,1
2026-06-18 12:00:00,2026-06-18,12,PACK-LINE-01,18,day,Thursday,1653,0,18,15,87,4,116,3,18,116,0,1537,added_packers_and_work_diverted,18,25613,295,18,0,1566,1566,24047,1.0,24047,1,24071.0,1
2026-06-18 13:00:00,2026-06-18,13,PACK-LINE-01,18,day,Thursday,1958,0,18,17,92,5,278,1,18,278,0,1680,added_packers_and_work_diverted,18,25727,280,18,0,1656,1656,24071,1.0,24071,1,24084.0,1
2026-06-18 14:00:00,2026-06-18,14,PACK-LINE-01,18,swing,Thursday,1602,1,16,15,90,1,149,1,16,149,0,1453,added_packers_and_work_diverted,17,25524,284,16,0,1440,1440,24084,1.0,24084,1,25018.0,1
2026-06-18 15:00:00,2026-06-18,15,PACK-LINE-01,18,swing,Thursday,2216,0,16,13,83,0,203,0,13,203,0,2013,work_diverted,18,26097,315,13,0,1079,1079,25018,1.0,25018,1,26221.0,1
2026-06-18 16:00:00,2026-06-18,16,PACK-LINE-01,18,swing,Thursday,2572,3,16,13,84,5,109,2,15,109,0,2463,added_packers_and_work_diverted,15,27481,328,15,0,1260,1260,26221,1.0,26221,1,26609.0,1
2026-06-18 17:00:00,2026-06-18,17,PACK-LINE-01,18,swing,Thursday,1896,1,16,13,86,3,132,3,16,132,0,1764,added_packers_and_work_diverted,17,27985,326,16,0,1376,1376,26609,1.0,26609,1,26493.0,1
2026-06-18 18:00:00,2026-06-18,18,PACK-LINE-01,18,swing,Thursday,1503,0,16,13,80,4,259,4,17,259,0,1244,added_packers_and_work_diverted,18,27853,349,17,0,1360,1360,26493,1.0,26493,1,26760.0,1
2026-06-18 19:00:00,2026-06-18,19,PACK-LINE-01,18,swing,Thursday,1684,2,16,15,87,1,25,1,16,25,0,1659,added_packers_and_work_diverted,16,28152,324,16,0,1392,1392,26760,1.0,26760,1,27124.0,1
2026-06-18 20:00:00,2026-06-18,20,PACK-LINE-01,18,swing,Thursday,2009,2,16,13,88,5,237,3,16,237,0,1772,added_packers_and_work_diverted,16,28532,325,16,0,1408,1408,27124,1.0,27124,1,26898.0,1
2026-06-18 21:00:00,2026-06-18,21,PACK-LINE-01,18,swing,Thursday,1712,0,16,13,91,5,300,5,18,300,0,1412,added_packers_and_work_diverted,18,28536,314,18,0,1638,1638,26898,1.0,26898,1,26769.0,1
2026-06-18 22:00:00,2026-06-18,22,PACK-LINE-01,18,night,Thursday,866,1,10,10,86,0,135,0,10,135,0,731,work_diverted,17,27629,322,10,0,860,860,26769,1.0,26769,1,26439.0,1
2026-06-18 23:00:00,2026-06-18,23,PACK-LINE-01,18,night,Thursday,832,0,10,9,83,3,220,3,12,166,0,666,added_packers_and_work_diverted,18,27435,331,12,0,996,996,26439,1.0,26439,1,26555.0,1
2026-06-19 00:00:00,2026-06-19,0,PACK-LINE-01,18,night,Friday,1220,1,10,9,86,1,314,1,10,244,0,976,added_packers_and_work_diverted,17,27415,319,10,0,860,860,26555,1.0,26555,1,27149.0,1
2026-06-19 01:00:00,2026-06-19,1,PACK-LINE-01,18,night,Friday,1481,0,10,8,84,1,131,1,9,131,0,1350,added_packers_and_work_diverted,18,27905,333,9,0,756,756,27149,1.0,27149,1,27686.0,1
2026-06-19 02:00:00,2026-06-19,2,PACK-LINE-01,18,night,Friday,1506,3,10,7,90,3,69,3,10,69,0,1437,added_packers_and_work_diverted,15,28586,318,10,0,900,900,27686,1.0,27686,1,28134.0,1
2026-06-19 03:00:00,2026-06-19,3,PACK-LINE-01,18,night,Friday,1278,0,10,9,78,1,50,1,10,50,0,1228,added_packers_and_work_diverted,18,28914,371,10,0,780,780,28134,1.0,28134,1,28525.0,1
2026-06-19 04:00:00,2026-06-19,4,PACK-LINE-01,18,night,Friday,1287,0,10,7,79,2,185,2,9,185,0,1102,added_packers_and_work_diverted,18,29236,371,9,0,711,711,28525,1.0,28525,1,28475.0,1
2026-06-19 05:00:00,2026-06-19,5,PACK-LINE-01,18,night,Friday,1392,3,10,10,87,5,137,5,15,137,0,1255,added_packers_and_work_diverted,15,29780,343,15,0,1305,1305,28475,1.0,28475,1,28638.0,1
2026-06-19 06:00:00,2026-06-19,6,PACK-LINE-01,18,day,Friday,1606,4,18,18,90,0,183,0,18,183,0,1423,work_diverted,14,29898,333,14,4,1260,1260,28638,1.0,28638,1,29394.0,1
2026-06-19 07:00:00,2026-06-19,7,PACK-LINE-01,18,day,Friday,2442,1,18,17,84,1,258,0,17,258,0,2184,work_diverted,17,30822,367,17,0,1428,1428,29394,1.0,29394,1,30018.0,1
2026-06-19 08:00:00,2026-06-19,8,PACK-LINE-01,18,day,Friday,2491,0,18,18,85,0,337,0,18,337,0,2154,work_diverted,18,31548,372,18,0,1530,1530,30018,1.0,30018,1,30479.0,1
2026-06-19 09:00:00,2026-06-19,9,PACK-LINE-01,18,day,Friday,1772,4,18,15,82,4,163,0,15,163,0,1609,work_diverted,14,31627,386,14,1,1148,1148,30479,1.0,30479,1,30460.0,1
2026-06-19 10:00:00,2026-06-19,10,PACK-LINE-01,18,day,Friday,1851,0,18,15,89,5,268,3,18,268,0,1583,added_packers_and_work_diverted,18,32062,361,18,0,1602,1602,30460,1.0,30460,1,31570.0,1
2026-06-19 11:00:00,2026-06-19,11,PACK-LINE-01,18,day,Friday,2484,0,18,15,86,0,84,0,15,84,0,2400,work_diverted,18,32860,383,15,0,1290,1290,31570,1.0,31570,1,32291.0,1
2026-06-19 12:00:00,2026-06-19,12,PACK-LINE-01,18,day,Friday,2180,1,18,16,84,4,31,1,17,31,0,2149,added_packers_and_work_diverted,17,33719,402,17,0,1428,1428,32291,1.0,32291,1,32231.0,1
2026-06-19 13:00:00,2026-06-19,13,PACK-LINE-01,18,day,Friday,1484,2,18,17,79,2,280,0,17,280,0,1204,work_diverted,16,33495,424,16,1,1264,1264,32231,1.0,32231,1,32648.0,1
2026-06-19 14:00:00,2026-06-19,14,PACK-LINE-01,18,swing,Friday,2079,1,16,14,81,3,285,3,17,285,0,1794,added_packers_and_work_diverted,17,34025,421,17,0,1377,1377,32648,1.0,32648,1,32687.0,1
2026-06-19 15:00:00,2026-06-19,15,PACK-LINE-01,18,swing,Friday,1715,1,16,16,87,0,284,0,16,284,0,1431,work_diverted,17,34079,392,16,0,1392,1392,32687,1.0,32687,1,32696.0,1
2026-06-19 16:00:00,2026-06-19,16,PACK-LINE-01,18,swing,Friday,1468,3,16,14,83,2,214,1,15,214,0,1254,added_packers_and_work_diverted,15,33941,409,15,0,1245,1245,32696,1.0,32696,1,33875.0,1
2026-06-19 17:00:00,2026-06-19,17,PACK-LINE-01,18,swing,Friday,2627,0,16,13,85,0,343,0,13,343,0,2284,work_diverted,18,34980,412,13,0,1105,1105,33875,1.0,33875,1,33781.0,1
2026-06-19 18:00:00,2026-06-19,18,PACK-LINE-01,18,swing,Friday,1552,0,16,14,83,3,235,3,17,235,0,1317,added_packers_and_work_diverted,18,35192,424,17,0,1411,1411,33781,1.0,33781,1,34136.0,1
2026-06-19 19:00:00,2026-06-19,19,PACK-LINE-01,18,swing,Friday,1969,0,16,15,83,2,203,2,17,203,0,1766,added_packers_and_work_diverted,18,35547,429,17,0,1411,1411,34136,1.0,34136,1,33858.0,1
2026-06-19 20:00:00,2026-06-19,20,PACK-LINE-01,18,swing,Friday,1250,2,16,14,87,4,136,2,16,136,0,1114,added_packers_and_work_diverted,16,35250,406,16,0,1392,1392,33858,1.0,33858,1,34612.0,1
2026-06-19 21:00:00,2026-06-19,21,PACK-LINE-01,18,swing,Friday,2002,1,16,14,83,1,3,1,15,3,0,1999,added_packers_and_work_diverted,17,35857,433,15,0,1245,1245,34612,1.0,34612,1,34983.0,1
2026-06-19 22:00:00,2026-06-19,22,PACK-LINE-01,18,night,Friday,1565,0,10,8,84,3,270,3,11,270,0,1295,added_packers_and_work_diverted,18,35907,428,11,0,924,924,34983,1.0,34983,1,35016.0,1
2026-06-19 23:00:00,2026-06-19,23,PACK-LINE-01,18,night,Friday,906,0,10,8,82,2,53,2,10,53,0,853,added_packers_and_work_diverted,18,35836,438,10,0,820,820,35016,1.0,35016,1,34553.0,1
2026-06-20 00:00:00,2026-06-20,0,PACK-LINE-01,18,night,Saturday,688,0,10,9,78,4,254,4,13,137,0,551,added_packers_and_work_diverted,18,35567,456,13,0,1014,1014,34553,1.0,34553,1,33896.0,1
2026-06-20 01:00:00,2026-06-20,1,PACK-LINE-01,18,night,Saturday,809,0,10,10,87,5,302,5,15,161,0,648,added_packers_and_work_diverted,18,35201,405,15,0,1305,1305,33896,1.0,33896,1,33862.0,1
2026-06-20 02:00:00,2026-06-20,2,PACK-LINE-01,18,night,Saturday,675,2,10,7,82,0,143,0,7,135,0,540,work_diverted,16,34436,420,7,0,574,574,33862,1.0,33862,1,33305.0,1
2026-06-20 03:00:00,2026-06-20,3,PACK-LINE-01,18,night,Saturday,822,1,10,10,85,5,104,5,15,104,0,718,added_packers_and_work_diverted,17,34580,407,15,0,1275,1275,33305,1.0,33305,1,32674.0,1
2026-06-20 04:00:00,2026-06-20,4,PACK-LINE-01,18,night,Saturday,751,3,10,9,88,5,293,5,14,150,0,601,added_packers_and_work_diverted,15,33906,386,14,0,1232,1232,32674,1.0,32674,1,32587.0,1
2026-06-20 05:00:00,2026-06-20,5,PACK-LINE-01,18,night,Saturday,1241,1,10,9,90,3,292,3,12,248,0,993,added_packers_and_work_diverted,17,33667,375,12,0,1080,1080,32587,1.0,32587,1,32481.0,1
2026-06-20 06:00:00,2026-06-20,6,PACK-LINE-01,18,day,Saturday,1399,1,18,16,87,0,113,0,16,113,0,1286,work_diverted,17,33873,390,16,0,1392,1392,32481,1.0,32481,1,32286.0,1
2026-06-20 07:00:00,2026-06-20,7,PACK-LINE-01,18,day,Saturday,1424,3,18,18,89,3,345,0,18,284,0,1140,work_diverted,15,33621,378,15,3,1335,1335,32286,1.0,32286,1,33077.0,1
2026-06-20 08:00:00,2026-06-20,8,PACK-LINE-01,18,day,Saturday,2207,2,18,16,84,4,72,0,16,72,0,2135,work_diverted,16,34421,410,16,0,1344,1344,33077,1.0,33077,1,32691.0,1
2026-06-20 09:00:00,2026-06-20,9,PACK-LINE-01,18,day,Saturday,1111,3,18,17,85,4,314,0,17,222,0,889,work_diverted,15,33966,400,15,2,1275,1275,32691,1.0,32691,1,33339.0,1
2026-06-20 10:00:00,2026-06-20,10,PACK-LINE-01,18,day,Saturday,1990,4,18,18,85,4,152,0,18,152,0,1838,work_diverted,14,34529,407,14,4,1190,1190,33339,1.0,33339,1,33743.0,1
2026-06-20 11:00:00,2026-06-20,11,PACK-LINE-01,18,day,Saturday,1802,1,18,16,78,2,72,1,17,72,0,1730,added_packers_and_work_diverted,17,35069,450,17,0,1326,1326,33743,1.0,33743,1,34172.0,1
2026-06-20 12:00:00,2026-06-20,12,PACK-LINE-01,18,day,Saturday,1920,0,18,15,87,2,12,2,17,12,0,1908,added_packers_and_work_diverted,18,35651,410,17,0,1479,1479,34172,1.0,34172,1,34317.0,1
2026-06-20 13:00:00,2026-06-20,13,PACK-LINE-01,18,day,Saturday,1891,0,18,18,85,3,216,0,18,216,0,1675,work_diverted,18,35847,422,18,0,1530,1530,34317,1.0,34317,1,33781.0,1
2026-06-20 14:00:00,2026-06-20,14,PACK-LINE-01,18,swing,Saturday,951,2,16,13,83,5,159,3,16,159,0,792,added_packers_and_work_diverted,16,35109,423,16,0,1328,1328,33781,1.0,33781,1,33493.0,1
2026-06-20 15:00:00,2026-06-20,15,PACK-LINE-01,18,swing,Saturday,1346,3,16,15,91,3,279,0,15,269,0,1077,work_diverted,15,34858,384,15,0,1365,1365,33493,1.0,33493,1,33437.0,1
2026-06-20 16:00:00,2026-06-20,16,PACK-LINE-01,18,swing,Saturday,1555,0,16,13,87,3,219,3,16,219,0,1336,added_packers_and_work_diverted,18,34829,401,16,0,1392,1392,33437,1.0,33437,1,34066.0,1
2026-06-20 17:00:00,2026-06-20,17,PACK-LINE-01,18,swing,Saturday,1999,3,16,14,89,1,35,1,15,35,0,1964,added_packers_and_work_diverted,15,35401,398,15,0,1335,1335,34066,1.0,34066,1,34179.0,1
2026-06-20 18:00:00,2026-06-20,18,PACK-LINE-01,18,swing,Saturday,1681,0,16,15,87,0,263,0,15,263,0,1418,work_diverted,18,35484,408,15,0,1305,1305,34179,1.0,34179,1,33910.0,1
2026-06-20 19:00:00,2026-06-20,19,PACK-LINE-01,18,swing,Saturday,1122,2,16,14,89,0,145,0,14,145,0,977,work_diverted,16,35156,396,14,0,1246,1246,33910,1.0,33910,1,33562.0,1
2026-06-20 20:00:00,2026-06-20,20,PACK-LINE-01,18,swing,Saturday,1233,3,16,15,89,4,341,0,15,246,0,987,work_diverted,15,34897,393,15,0,1335,1335,33562,1.0,33562,1,32914.0,1
2026-06-20 21:00:00,2026-06-20,21,PACK-LINE-01,18,swing,Saturday,1147,0,16,15,87,3,343,3,18,229,0,918,added_packers_and_work_diverted,18,34480,397,18,0,1566,1566,32914,1.0,32914,1,32772.0,1
2026-06-20 22:00:00,2026-06-20,22,PACK-LINE-01,18,night,Saturday,847,0,10,7,82,3,343,3,10,169,0,678,added_packers_and_work_diverted,18,33592,410,10,0,820,820,32772,1.0,32772,1,32934.0,1
2026-06-20 23:00:00,2026-06-20,23,PACK-LINE-01,18,night,Saturday,1336,3,10,8,89,5,17,5,13,17,0,1319,added_packers_and_work_diverted,15,34091,384,13,0,1157,1157,32934,1.0,32934,1,32857.0,1
2026-06-21 00:00:00,2026-06-21,0,PACK-LINE-01,18,night,Sunday,742,4,10,7,84,1,147,1,8,147,0,595,added_packers_and_work_diverted,14,33529,400,8,0,672,672,32857,1.0,32857,1,33019.0,1
2026-06-21 01:00:00,2026-06-21,1,PACK-LINE-01,18,night,Sunday,917,4,10,8,81,0,107,0,8,107,0,810,work_diverted,14,33667,416,8,0,648,648,33019,1.0,33019,1,33167.0,1
2026-06-21 02:00:00,2026-06-21,2,PACK-LINE-01,18,night,Sunday,943,1,10,7,82,1,139,1,8,139,0,804,added_packers_and_work_diverted,17,33823,413,8,0,656,656,33167,1.0,33167,1,33147.0,1
2026-06-21 03:00:00,2026-06-21,3,PACK-LINE-01,18,night,Sunday,913,0,10,8,85,2,83,2,10,83,0,830,added_packers_and_work_diverted,18,33997,400,10,0,850,850,33147,1.0,33147,1,33256.0,1
2026-06-21 04:00:00,2026-06-21,4,PACK-LINE-01,18,night,Sunday,1142,2,10,10,89,1,54,1,11,54,0,1088,added_packers_and_work_diverted,16,34235,385,11,0,979,979,33256,1.0,33256,1,33239.0,1
2026-06-21 05:00:00,2026-06-21,5,PACK-LINE-01,18,night,Sunday,1283,0,10,9,87,3,284,3,12,256,0,1027,added_packers_and_work_diverted,18,34283,395,12,0,1044,1044,33239,1.0,33239,1,33419.0,1
2026-06-21 06:00:00,2026-06-21,6,PACK-LINE-01,18,day,Sunday,1547,3,18,17,87,2,62,0,17,62,0,1485,work_diverted,15,34724,400,15,2,1305,1305,33419,1.0,33419,1,33463.0,1
2026-06-21 07:00:00,2026-06-21,7,PACK-LINE-01,18,day,Sunday,1607,0,18,15,85,1,203,1,16,203,0,1404,added_packers_and_work_diverted,18,34823,410,16,0,1360,1360,33463,1.0,33463,1,33535.0,1
2026-06-21 08:00:00,2026-06-21,8,PACK-LINE-01,18,day,Sunday,1738,0,18,15,86,5,118,3,18,118,0,1620,added_packers_and_work_diverted,18,35083,408,18,0,1548,1548,33535,1.0,33535,1,33672.0,1
2026-06-21 09:00:00,2026-06-21,9,PACK-LINE-01,18,day,Sunday,1837,1,18,16,89,0,276,0,16,276,0,1561,work_diverted,17,35096,395,16,0,1424,1424,33672,1.0,33672,1,34751.0,1
2026-06-21 10:00:00,2026-06-21,10,PACK-LINE-01,18,day,Sunday,2385,4,18,16,89,1,60,0,16,60,0,2325,work_diverted,14,35997,405,14,2,1246,1246,34751,1.0,34751,1,35227.0,1
2026-06-21 11:00:00,2026-06-21,11,PACK-LINE-01,18,day,Sunday,2076,3,18,18,87,0,295,0,18,295,0,1781,work_diverted,15,36532,420,15,3,1305,1305,35227,1.0,35227,1,35138.0,1
2026-06-21 12:00:00,2026-06-21,12,PACK-LINE-01,18,day,Sunday,1570,0,18,17,83,5,165,1,18,165,0,1405,added_packers_and_work_diverted,18,36632,442,18,0,1494,1494,35138,1.0,35138,1,34824.0,1
2026-06-21 13:00:00,2026-06-21,13,PACK-LINE-01,18,day,Sunday,1542,0,18,17,86,1,312,1,18,308,0,1234,added_packers_and_work_diverted,18,36372,423,18,0,1548,1548,34824,1.0,34824,1,34718.0,1
2026-06-21 14:00:00,2026-06-21,14,PACK-LINE-01,18,swing,Sunday,1259,3,16,14,79,1,180,1,15,180,0,1079,added_packers_and_work_diverted,15,35903,455,15,0,1185,1185,34718,1.0,34718,1,35388.0,1
2026-06-21 15:00:00,2026-06-21,15,PACK-LINE-01,18,swing,Sunday,2212,0,16,14,82,2,230,2,16,230,0,1982,added_packers_and_work_diverted,18,36700,448,16,0,1312,1312,35388,1.0,35388,1,35718.0,1
2026-06-21 16:00:00,2026-06-21,16,PACK-LINE-01,18,swing,Sunday,1587,4,16,14,85,2,67,0,14,67,0,1520,work_diverted,14,36908,435,14,0,1190,1190,35718,1.0,35718,1,36298.0,1
2026-06-21 17:00:00,2026-06-21,17,PACK-LINE-01,18,swing,Sunday,2074,3,16,16,77,1,339,0,16,339,0,1735,work_diverted,15,37453,487,15,1,1155,1155,36298,1.0,36298,1,36443.0,1
2026-06-21 18:00:00,2026-06-21,18,PACK-LINE-01,18,swing,Sunday,1695,0,16,14,87,2,158,2,16,158,0,1537,added_packers_and_work_diverted,18,37835,435,16,0,1392,1392,36443,1.0,36443,1,36545.0,1
2026-06-21 19:00:00,2026-06-21,19,PACK-LINE-01,18,swing,Sunday,1357,0,16,14,81,1,40,1,15,40,0,1317,added_packers_and_work_diverted,18,37760,467,15,0,1215,1215,36545,1.0,36545,1,36517.0,1
2026-06-21 20:00:00,2026-06-21,20,PACK-LINE-01,18,swing,Sunday,1177,3,16,13,78,2,35,2,15,35,0,1142,added_packers_and_work_diverted,15,37687,484,15,0,1170,1170,36517,1.0,36517,1,36327.0,1
2026-06-21 21:00:00,2026-06-21,21,PACK-LINE-01,18,swing,Sunday,1609,0,16,15,85,5,269,3,18,269,0,1340,added_packers_and_work_diverted,18,37857,446,18,0,1530,1530,36327,1.0,36327,1,36201.0,1
2026-06-21 22:00:00,2026-06-21,22,PACK-LINE-01,18,night,Sunday,1052,4,10,7,88,4,213,4,11,210,0,842,added_packers_and_work_diverted,14,37169,423,11,0,968,968,36201,1.0,36201,1,35901.0,1
2026-06-21 23:00:00,2026-06-21,23,PACK-LINE-01,18,night,Sunday,675,0,10,9,84,1,287,1,10,135,0,540,added_packers_and_work_diverted,18,36741,438,10,0,840,840,35901,1.0,35901,1,35852.0,1
2026-06-22 00:00:00,2026-06-22,0,PACK-LINE-01,18,night,Monday,933,2,10,9,91,0,163,0,9,163,0,770,work_diverted,16,36671,403,9,0,819,819,35852,1.0,35852,1,35459.0,1
2026-06-22 01:00:00,2026-06-22,1,PACK-LINE-01,18,night,Monday,709,3,10,9,93,2,79,2,11,79,0,630,added_packers_and_work_diverted,15,36482,393,11,0,1023,1023,35459,1.0,35459,1,35175.0,1
2026-06-22 02:00:00,2026-06-22,2,PACK-LINE-01,18,night,Monday,621,0,10,7,71,4,165,4,11,124,0,497,added_packers_and_work_diverted,18,35956,507,11,0,781,781,35175,1.0,35175,1,35451.0,1
2026-06-22 03:00:00,2026-06-22,3,PACK-LINE-01,18,night,Monday,1120,0,10,8,77,1,151,1,9,151,0,969,added_packers_and_work_diverted,18,36144,470,9,0,693,693,35451,1.0,35451,1,35844.0,1
2026-06-22 04:00:00,2026-06-22,4,PACK-LINE-01,18,night,Monday,1111,3,10,8,85,0,38,0,8,38,0,1073,work_diverted,15,36524,430,8,0,680,680,35844,1.0,35844,1,35195.0,1
2026-06-22 05:00:00,2026-06-22,5,PACK-LINE-01,18,night,Monday,616,1,10,10,84,4,89,4,14,89,0,527,added_packers_and_work_diverted,17,36371,433,14,0,1176,1176,35195,1.0,35195,1,35024.0,1
2026-06-22 06:00:00,2026-06-22,6,PACK-LINE-01,18,day,Monday,1058,3,18,17,80,0,29,0,17,29,0,1029,work_diverted,15,36224,453,15,2,1200,1200,35024,1.0,35024,1,34221.0,1
2026-06-22 07:00:00,2026-06-22,7,PACK-LINE-01,18,day,Monday,908,0,18,18,85,5,209,0,18,181,0,727,work_diverted,18,35751,421,18,0,1530,1530,34221,1.0,34221,1,34433.0,1
2026-06-22 08:00:00,2026-06-22,8,PACK-LINE-01,18,day,Monday,1526,0,18,15,79,1,50,1,16,50,0,1476,added_packers_and_work_diverted,18,35697,452,16,0,1264,1264,34433,1.0,34433,1,34157.0,1
2026-06-22 09:00:00,2026-06-22,9,PACK-LINE-01,18,day,Monday,1195,0,18,17,80,2,31,1,18,31,0,1164,added_packers_and_work_diverted,18,35597,445,18,0,1440,1440,34157,1.0,34157,1,33754.0,1
2026-06-22 10:00:00,2026-06-22,10,PACK-LINE-01,18,day,Monday,1290,0,18,18,89,5,91,0,18,91,0,1199,work_diverted,18,35356,398,18,0,1602,1602,33754,1.0,33754,1,33843.0,1
2026-06-22 11:00:00,2026-06-22,11,PACK-LINE-01,18,day,Monday,1656,0,18,17,83,1,73,1,18,73,0,1583,added_packers_and_work_diverted,18,35337,426,18,0,1494,1494,33843,1.0,33843,1,33682.0,1
2026-06-22 12:00:00,2026-06-22,12,PACK-LINE-01,18,day,Monday,1658,0,18,18,91,4,181,0,18,181,0,1477,work_diverted,18,35320,389,18,0,1638,1638,33682,1.0,33682,1,33388.0,1
2026-06-22 13:00:00,2026-06-22,13,PACK-LINE-01,18,day,Monday,1396,1,18,16,83,5,282,1,17,279,0,1117,added_packers_and_work_diverted,17,34799,420,17,0,1411,1411,33388,1.0,33388,1,33682.0,1
2026-06-22 14:00:00,2026-06-22,14,PACK-LINE-01,18,swing,Monday,1474,4,16,15,80,5,60,0,15,60,0,1414,work_diverted,14,34802,436,14,1,1120,1120,33682,1.0,33682,1,33257.0,1
2026-06-22 15:00:00,2026-06-22,15,PACK-LINE-01,18,swing,Monday,1134,3,16,15,92,3,179,0,15,179,0,955,work_diverted,15,34637,377,15,0,1380,1380,33257,1.0,33257,1,32752.0,1
2026-06-22 16:00:00,2026-06-22,16,PACK-LINE-01,18,swing,Monday,1191,0,16,15,88,2,200,2,17,200,0,991,added_packers_and_work_diverted,18,34248,390,17,0,1496,1496,32752,1.0,32752,1,33054.0,1
2026-06-22 17:00:00,2026-06-22,17,PACK-LINE-01,18,swing,Monday,1701,2,16,16,86,1,23,0,16,23,0,1678,work_diverted,16,34430,401,16,0,1376,1376,33054,1.0,33054,1,33118.0,1
2026-06-22 18:00:00,2026-06-22,18,PACK-LINE-01,18,swing,Monday,1411,0,16,14,88,1,27,1,15,27,0,1384,added_packers_and_work_diverted,18,34438,392,15,0,1320,1320,33118,1.0,33118,1,33230.0,1
2026-06-22 19:00:00,2026-06-22,19,PACK-LINE-01,18,swing,Monday,1501,4,16,16,87,3,171,0,16,171,0,1330,work_diverted,14,34448,396,14,2,1218,1218,33230,1.0,33230,1,32594.0,1
2026-06-22 20:00:00,2026-06-22,20,PACK-LINE-01,18,swing,Monday,1162,0,16,15,87,3,331,3,18,232,0,930,added_packers_and_work_diverted,18,34160,393,18,0,1566,1566,32594,1.0,32594,1,32089.0,1
2026-06-22 21:00:00,2026-06-22,21,PACK-LINE-01,18,swing,Monday,815,3,16,13,80,2,120,2,15,120,0,695,added_packers_and_work_diverted,15,33289,417,15,0,1200,1200,32089,1.0,32089,1,32040.0,1
2026-06-22 22:00:00,2026-06-22,22,PACK-LINE-01,18,night,Monday,992,0,10,9,87,2,84,2,11,84,0,908,added_packers_and_work_diverted,18,32997,380,11,0,957,957,32040,1.0,32040,1,31483.0,1
2026-06-22 23:00:00,2026-06-22,23,PACK-LINE-01,18,night,Monday,653,4,10,10,90,2,188,2,12,130,0,523,added_packers_and_work_diverted,14,32563,362,12,0,1080,1080,31483,1.0,31483,1,31320.0,1
2026-06-23 00:00:00,2026-06-23,0,PACK-LINE-01,18,night,Tuesday,741,0,10,7,84,2,263,2,9,148,0,593,added_packers_and_work_diverted,18,32076,382,9,0,756,756,31320,1.0,31320,1,30864.0,1
2026-06-23 01:00:00,2026-06-23,1,PACK-LINE-01,18,night,Tuesday,647,1,10,10,83,2,107,2,12,107,0,540,added_packers_and_work_diverted,17,31860,384,12,0,996,996,30864,1.0,30864,1,30158.0,1
2026-06-23 02:00:00,2026-06-23,2,PACK-LINE-01,18,night,Tuesday,594,0,10,10,91,4,26,4,14,26,0,568,added_packers_and_work_diverted,18,31432,346,14,0,1274,1274,30158,1.0,30158,1,30284.0,1
2026-06-23 03:00:00,2026-06-23,3,PACK-LINE-01,18,night,Tuesday,857,0,10,7,80,0,183,0,7,171,0,686,work_diverted,18,30844,386,7,0,560,560,30284,1.0,30284,1,30143.0,1
2026-06-23 04:00:00,2026-06-23,4,PACK-LINE-01,18,night,Tuesday,533,4,10,7,82,1,18,1,8,18,0,515,added_packers_and_work_diverted,14,30799,376,8,0,656,656,30143,1.0,30143,1,29881.0,1
2026-06-23 05:00:00,2026-06-23,5,PACK-LINE-01,18,night,Tuesday,1072,4,10,10,80,4,253,4,14,214,0,858,added_packers_and_work_diverted,14,31001,388,14,0,1120,1120,29881,1.0,29881,1,29533.0,1
2026-06-23 06:00:00,2026-06-23,6,PACK-LINE-01,18,day,Tuesday,1132,1,18,18,79,5,137,0,18,137,0,995,work_diverted,17,30876,391,17,1,1343,1343,29533,1.0,29533,1,28965.0,1
2026-06-23 07:00:00,2026-06-23,7,PACK-LINE-01,18,day,Tuesday,864,2,18,15,84,0,185,0,15,172,0,692,work_diverted,16,30225,360,15,0,1260,1260,28965,1.0,28965,1,28300.0,1
2026-06-23 08:00:00,2026-06-23,8,PACK-LINE-01,18,day,Tuesday,880,0,18,16,79,4,123,2,18,123,0,757,added_packers_and_work_diverted,18,29722,377,18,0,1422,1422,28300,1.0,28300,1,27844.0,1
2026-06-23 09:00:00,2026-06-23,9,PACK-LINE-01,18,day,Tuesday,901,3,18,16,80,4,157,0,16,157,0,744,work_diverted,15,29044,364,15,1,1200,1200,27844,1.0,27844,1,28332.0,1
2026-06-23 10:00:00,2026-06-23,10,PACK-LINE-01,18,day,Tuesday,2115,1,18,16,84,1,199,1,17,199,0,1916,added_packers_and_work_diverted,17,29760,355,17,0,1428,1428,28332,1.0,28332,1,28524.0,1
2026-06-23 11:00:00,2026-06-23,11,PACK-LINE-01,18,day,Tuesday,1795,0,18,15,91,0,238,0,15,238,0,1557,work_diverted,18,29889,329,15,0,1365,1365,28524,1.0,28524,1,28274.0,1
2026-06-23 12:00:00,2026-06-23,12,PACK-LINE-01,18,day,Tuesday,1399,1,18,18,87,0,170,0,18,170,0,1229,work_diverted,17,29753,342,17,1,1479,1479,28274,1.0,28274,1,28221.0,1
2026-06-23 13:00:00,2026-06-23,13,PACK-LINE-01,18,day,Tuesday,1439,2,18,16,90,3,52,0,16,52,0,1387,work_diverted,16,29661,330,16,0,1440,1440,28221,1.0,28221,1,27563.0,1
2026-06-23 14:00:00,2026-06-23,14,PACK-LINE-01,18,swing,Tuesday,817,0,16,14,82,2,255,2,16,163,0,654,added_packers_and_work_diverted,18,28875,353,16,0,1312,1312,27563,1.0,27563,1,27510.0,1
2026-06-23 15:00:00,2026-06-23,15,PACK-LINE-01,18,swing,Tuesday,1431,0,16,15,90,0,134,0,15,134,0,1297,work_diverted,18,28860,321,15,0,1350,1350,27510,1.0,27510,1,28090.0,1
2026-06-23 16:00:00,2026-06-23,16,PACK-LINE-01,18,swing,Tuesday,1905,0,16,15,82,1,13,1,16,13,0,1892,added_packers_and_work_diverted,18,29402,359,16,0,1312,1312,28090,1.0,28090,1,27509.0,1
2026-06-23 17:00:00,2026-06-23,17,PACK-LINE-01,18,swing,Tuesday,914,0,16,14,87,2,103,2,16,103,0,811,added_packers_and_work_diverted,18,28901,333,16,0,1392,1392,27509,1.0,27509,1,27067.0,1
2026-06-23 18:00:00,2026-06-23,18,PACK-LINE-01,18,swing,Tuesday,1189,0,16,16,91,0,175,0,16,175,0,1014,work_diverted,18,28523,314,16,0,1456,1456,27067,1.0,27067,1,26628.0,1
2026-06-23 19:00:00,2026-06-23,19,PACK-LINE-01,18,swing,Tuesday,1172,0,16,15,81,2,264,2,17,234,0,938,added_packers_and_work_diverted,18,28005,346,17,0,1377,1377,26628,1.0,26628,1,26383.0,1
2026-06-23 20:00:00,2026-06-23,20,PACK-LINE-01,18,swing,Tuesday,1286,0,16,14,87,2,139,2,16,139,0,1147,added_packers_and_work_diverted,18,27775,320,16,0,1392,1392,26383,1.0,26383,1,26319.0,1
2026-06-23 21:00:00,2026-06-23,21,PACK-LINE-01,18,swing,Tuesday,1402,0,16,16,88,0,58,0,16,58,0,1344,work_diverted,18,27727,316,16,0,1408,1408,26319,1.0,26319,1,26227.0,1
2026-06-23 22:00:00,2026-06-23,22,PACK-LINE-01,18,night,Tuesday,874,0,10,7,88,2,191,2,9,174,0,700,added_packers_and_work_diverted,18,27019,308,9,0,792,792,26227,1.0,26227,1,25991.0,1
2026-06-23 23:00:00,2026-06-23,23,PACK-LINE-01,18,night,Tuesday,593,4,10,9,79,0,259,0,9,118,0,475,work_diverted,14,26702,338,9,0,711,711,25991,1.0,25991,1,25903.0,1
2026-06-24 00:00:00,2026-06-24,0,PACK-LINE-01,18,night,Wednesday,839,2,10,10,76,0,176,0,10,167,0,672,work_diverted,16,26663,351,10,0,760,760,25903,1.0,25903,1,26141.0,1
2026-06-24 01:00:00,2026-06-24,1,PACK-LINE-01,18,night,Wednesday,865,0,10,8,72,0,51,0,8,51,0,814,work_diverted,18,26717,372,8,0,576,576,26141,1.0,26141,1,26321.0,1
2026-06-24 02:00:00,2026-06-24,2,PACK-LINE-01,18,night,Wednesday,1205,0,10,10,78,1,167,1,11,167,0,1038,added_packers_and_work_diverted,18,27179,349,11,0,858,858,26321,1.0,26321,1,26035.0,1
2026-06-24 03:00:00,2026-06-24,3,PACK-LINE-01,18,night,Wednesday,723,2,10,10,88,0,129,0,10,129,0,594,work_diverted,16,26915,306,10,0,880,880,26035,1.0,26035,1,25463.0,1
2026-06-24 04:00:00,2026-06-24,4,PACK-LINE-01,18,night,Wednesday,953,1,10,10,89,5,294,5,15,190,0,763,added_packers_and_work_diverted,17,26798,302,15,0,1335,1335,25463,1.0,25463,1,25388.0,1
2026-06-24 05:00:00,2026-06-24,5,PACK-LINE-01,18,night,Wednesday,862,0,10,7,85,2,219,2,9,172,0,690,added_packers_and_work_diverted,18,26153,308,9,0,765,765,25388,1.0,25388,1,25643.0,1
2026-06-24 06:00:00,2026-06-24,6,PACK-LINE-01,18,day,Wednesday,1646,1,18,17,80,4,31,0,17,31,0,1615,work_diverted,17,27003,338,17,0,1360,1360,25643,1.0,25643,1,25251.0,1
2026-06-24 07:00:00,2026-06-24,7,PACK-LINE-01,18,day,Wednesday,1170,2,18,16,83,1,249,0,16,234,0,936,work_diverted,16,26579,321,16,0,1328,1328,25251,1.0,25251,1,25378.0,1
2026-06-24 08:00:00,2026-06-24,8,PACK-LINE-01,18,day,Wednesday,1872,0,18,17,81,1,287,1,18,287,0,1585,added_packers_and_work_diverted,18,26836,332,18,0,1458,1458,25378,1.0,25378,1,25392.0,1
2026-06-24 09:00:00,2026-06-24,9,PACK-LINE-01,18,day,Wednesday,1439,2,18,17,79,5,161,0,17,161,0,1278,work_diverted,16,26656,338,16,1,1264,1264,25392,1.0,25392,1,25005.0,1
2026-06-24 10:00:00,2026-06-24,10,PACK-LINE-01,18,day,Wednesday,1253,1,18,17,83,5,229,0,17,229,0,1024,work_diverted,17,26416,319,17,0,1411,1411,25005,1.0,25005,1,25599.0,1
2026-06-24 11:00:00,2026-06-24,11,PACK-LINE-01,18,day,Wednesday,2228,3,18,17,90,1,284,0,17,284,0,1944,work_diverted,15,26949,300,15,2,1350,1350,25599,1.0,25599,1,25314.0,1
2026-06-24 12:00:00,2026-06-24,12,PACK-LINE-01,18,day,Wednesday,1203,0,18,16,78,0,256,0,16,240,0,963,work_diverted,18,26562,341,16,0,1248,1248,25314,1.0,25314,1,24672.0,1
2026-06-24 13:00:00,2026-06-24,13,PACK-LINE-01,18,day,Wednesday,1152,1,18,15,92,5,322,2,17,230,0,922,added_packers_and_work_diverted,17,26236,286,17,0,1564,1564,24672,1.0,24672,1,24577.0,1
2026-06-24 14:00:00,2026-06-24,14,PACK-LINE-01,18,swing,Wednesday,1596,0,16,16,89,3,89,2,18,89,0,1507,added_packers_and_work_diverted,18,26179,295,18,0,1602,1602,24577,1.0,24577,1,25031.0,1
2026-06-24 15:00:00,2026-06-24,15,PACK-LINE-01,18,swing,Wednesday,1889,1,16,16,85,0,75,0,16,75,0,1814,work_diverted,17,26391,311,16,0,1360,1360,25031,1.0,25031,1,25586.0,1
2026-06-24 16:00:00,2026-06-24,16,PACK-LINE-01,18,swing,Wednesday,2161,1,16,16,83,0,278,0,16,278,0,1883,work_diverted,17,26914,325,16,0,1328,1328,25586,1.0,25586,1,26504.0,1
2026-06-24 17:00:00,2026-06-24,17,PACK-LINE-01,18,swing,Wednesday,2382,1,16,13,83,5,53,4,17,53,0,2329,added_packers_and_work_diverted,17,27915,337,17,0,1411,1411,26504,1.0,26504,1,26209.0,1
2026-06-24 18:00:00,2026-06-24,18,PACK-LINE-01,18,swing,Wednesday,1371,0,16,16,84,3,154,2,18,154,0,1217,added_packers_and_work_diverted,18,27721,331,18,0,1512,1512,26209,1.0,26209,1,25966.0,1
2026-06-24 19:00:00,2026-06-24,19,PACK-LINE-01,18,swing,Wednesday,1389,0,16,14,82,5,156,4,18,156,0,1233,added_packers_and_work_diverted,18,27442,335,18,0,1476,1476,25966,1.0,25966,1,25767.0,1
2026-06-24 20:00:00,2026-06-24,20,PACK-LINE-01,18,swing,Wednesday,1362,0,16,14,91,1,196,1,15,196,0,1166,added_packers_and_work_diverted,18,27132,299,15,0,1365,1365,25767,1.0,25767,1,25470.0,1
2026-06-24 21:00:00,2026-06-24,21,PACK-LINE-01,18,swing,Wednesday,1412,0,16,14,88,3,213,3,17,213,0,1199,added_packers_and_work_diverted,18,26966,307,17,0,1496,1496,25470,1.0,25470,1,25557.0,1
2026-06-24 22:00:00,2026-06-24,22,PACK-LINE-01,18,night,Wednesday,1114,0,10,8,82,3,125,3,11,125,0,989,added_packers_and_work_diverted,18,26459,323,11,0,902,902,25557,1.0,25557,1,25688.0,1
2026-06-24 23:00:00,2026-06-24,23,PACK-LINE-01,18,night,Wednesday,1044,3,10,9,81,0,184,0,9,184,0,860,work_diverted,15,26417,327,9,0,729,729,25688,1.0,25688,1,25884.0,1
2026-06-25 00:00:00,2026-06-25,0,PACK-LINE-01,18,night,Thursday,1585,0,10,10,83,5,144,5,15,144,0,1441,added_packers_and_work_diverted,18,27129,327,15,0,1245,1245,25884,1.0,25884,1,26251.0,1
2026-06-25 01:00:00,2026-06-25,1,PACK-LINE-01,18,night,Thursday,1467,2,10,10,88,2,44,2,12,44,0,1423,added_packers_and_work_diverted,16,27307,311,12,0,1056,1056,26251,1.0,26251,1,26605.0,1
2026-06-25 02:00:00,2026-06-25,2,PACK-LINE-01,18,night,Thursday,1570,0,10,9,82,2,322,2,11,314,0,1256,added_packers_and_work_diverted,18,27507,336,11,0,902,902,26605,1.0,26605,1,26740.0,1
2026-06-25 03:00:00,2026-06-25,3,PACK-LINE-01,18,night,Thursday,965,3,10,7,91,0,323,0,7,193,0,772,work_diverted,15,27377,301,7,0,637,637,26740,1.0,26740,1,26897.0,1
2026-06-25 04:00:00,2026-06-25,4,PACK-LINE-01,18,night,Thursday,1231,1,10,9,92,0,297,0,9,246,0,985,work_diverted,17,27725,302,9,0,828,828,26897,1.0,26897,1,26551.0,1
2026-06-25 05:00:00,2026-06-25,5,PACK-LINE-01,18,night,Thursday,937,1,10,10,87,3,152,3,13,152,0,785,added_packers_and_work_diverted,17,27682,319,13,0,1131,1131,26551,1.0,26551,1,26154.0,1
2026-06-25 06:00:00,2026-06-25,6,PACK-LINE-01,18,day,Thursday,1243,2,18,18,87,1,267,0,18,248,0,995,work_diverted,16,27546,317,16,2,1392,1392,26154,1.0,26154,1,27126.0,1
2026-06-25 07:00:00,2026-06-25,7,PACK-LINE-01,18,day,Thursday,2289,1,18,16,81,0,21,0,16,21,0,2268,work_diverted,17,28422,351,16,0,1296,1296,27126,1.0,27126,1,26887.0,1
2026-06-25 08:00:00,2026-06-25,8,PACK-LINE-01,18,day,Thursday,1311,2,18,16,87,0,158,0,16,158,0,1153,work_diverted,16,28279,326,16,0,1392,1392,26887,1.0,26887,1,26700.0,1
2026-06-25 09:00:00,2026-06-25,9,PACK-LINE-01,18,day,Thursday,1436,0,18,17,79,1,201,1,18,201,0,1235,added_packers_and_work_diverted,18,28122,356,18,0,1422,1422,26700,1.0,26700,1,27186.0,1
2026-06-25 10:00:00,2026-06-25,10,PACK-LINE-01,18,day,Thursday,2302,0,18,17,84,4,304,1,18,304,0,1998,added_packers_and_work_diverted,18,28698,342,18,0,1512,1512,27186,1.0,27186,1,27018.0,1
2026-06-25 11:00:00,2026-06-25,11,PACK-LINE-01,18,day,Thursday,1575,1,18,15,84,2,334,2,17,315,0,1260,added_packers_and_work_diverted,17,28446,339,17,0,1428,1428,27018,1.0,27018,1,26777.0,1
2026-06-25 12:00:00,2026-06-25,12,PACK-LINE-01,18,day,Thursday,1420,0,18,16,85,1,216,1,17,216,0,1204,added_packers_and_work_diverted,18,28222,333,17,0,1445,1445,26777,1.0,26777,1,26869.0,1
2026-06-25 13:00:00,2026-06-25,13,PACK-LINE-01,18,day,Thursday,1670,0,18,15,86,5,30,3,18,30,0,1640,added_packers_and_work_diverted,18,28417,331,18,0,1548,1548,26869,1.0,26869,1,26822.0,1
2026-06-25 14:00:00,2026-06-25,14,PACK-LINE-01,18,swing,Thursday,1668,0,16,13,82,5,239,5,18,239,0,1429,added_packers_and_work_diverted,18,28298,346,18,0,1476,1476,26822,1.0,26822,1,27354.0,1
2026-06-25 15:00:00,2026-06-25,15,PACK-LINE-01,18,swing,Thursday,1777,0,16,13,84,0,153,0,13,153,0,1624,work_diverted,18,28446,339,13,0,1092,1092,27354,1.0,27354,1,28127.0,1
2026-06-25 16:00:00,2026-06-25,16,PACK-LINE-01,18,swing,Thursday,2499,2,16,14,87,4,334,2,16,334,0,2165,added_packers_and_work_diverted,16,29519,340,16,0,1392,1392,28127,1.0,28127,1,29298.0,1
2026-06-25 17:00:00,2026-06-25,17,PACK-LINE-01,18,swing,Thursday,2592,0,16,14,80,0,301,0,14,301,0,2291,work_diverted,18,30418,381,14,0,1120,1120,29298,1.0,29298,1,29459.0,1
2026-06-25 18:00:00,2026-06-25,18,PACK-LINE-01,18,swing,Thursday,2023,0,16,15,86,5,314,3,18,314,0,1709,added_packers_and_work_diverted,18,31007,361,18,0,1548,1548,29459,1.0,29459,1,29200.0,1
2026-06-25 19:00:00,2026-06-25,19,PACK-LINE-01,18,swing,Thursday,1280,1,16,15,83,2,128,2,17,128,0,1152,added_packers_and_work_diverted,17,30611,369,17,0,1411,1411,29200,1.0,29200,1,29779.0,1
2026-06-25 20:00:00,2026-06-25,20,PACK-LINE-01,18,swing,Thursday,2053,4,16,13,88,4,242,1,14,242,0,1811,added_packers_and_work_diverted,14,31011,353,14,0,1232,1232,29779,1.0,29779,1,29998.0,1
2026-06-25 21:00:00,2026-06-25,21,PACK-LINE-01,18,swing,Thursday,1732,3,16,13,81,2,298,2,15,298,0,1434,added_packers_and_work_diverted,15,31213,386,15,0,1215,1215,29998,1.0,29998,1,30010.0,1
2026-06-25 22:00:00,2026-06-25,22,PACK-LINE-01,18,night,Thursday,1396,2,10,10,85,3,330,3,13,279,0,1117,added_packers_and_work_diverted,16,31115,367,13,0,1105,1105,30010,1.0,30010,1,29957.0,1
2026-06-25 23:00:00,2026-06-25,23,PACK-LINE-01,18,night,Thursday,1088,3,10,7,84,4,225,4,11,217,0,871,added_packers_and_work_diverted,15,30881,368,11,0,924,924,29957,1.0,29957,1,29905.0,1
2026-06-26 00:00:00,2026-06-26,0,PACK-LINE-01,18,night,Friday,1046,0,10,7,92,4,86,4,11,86,0,960,added_packers_and_work_diverted,18,30917,337,11,0,1012,1012,29905,1.0,29905,1,29970.0,1
2026-06-26 01:00:00,2026-06-26,1,PACK-LINE-01,18,night,Friday,1144,2,10,9,87,1,209,1,10,209,0,935,added_packers_and_work_diverted,16,30840,355,10,0,870,870,29970,1.0,29970,1,29826.0,1
2026-06-26 02:00:00,2026-06-26,2,PACK-LINE-01,18,night,Friday,796,2,10,10,81,1,49,1,11,49,0,747,added_packers_and_work_diverted,16,30717,380,11,0,891,891,29826,1.0,29826,1,30149.0,1
2026-06-26 03:00:00,2026-06-26,3,PACK-LINE-01,18,night,Friday,1072,0,10,7,82,2,11,2,9,11,0,1061,added_packers_and_work_diverted,18,30887,377,9,0,738,738,30149,1.0,30149,1,30643.0,1
2026-06-26 04:00:00,2026-06-26,4,PACK-LINE-01,18,night,Friday,1477,3,10,7,88,3,103,3,10,103,0,1374,added_packers_and_work_diverted,15,31523,359,10,0,880,880,30643,1.0,30643,1,30640.0,1
2026-06-26 05:00:00,2026-06-26,5,PACK-LINE-01,18,night,Friday,1201,0,10,9,81,3,232,3,12,232,0,969,added_packers_and_work_diverted,18,31612,391,12,0,972,972,30640,1.0,30640,1,30632.0,1
2026-06-26 06:00:00,2026-06-26,6,PACK-LINE-01,18,day,Friday,1380,3,18,17,88,3,68,0,17,68,0,1312,work_diverted,15,31952,364,15,2,1320,1320,30632,1.0,30632,1,31204.0,1
2026-06-26 07:00:00,2026-06-26,7,PACK-LINE-01,18,day,Friday,2028,2,18,16,82,1,144,0,16,144,0,1884,work_diverted,16,32516,397,16,0,1312,1312,31204,1.0,31204,1,31503.0,1
2026-06-26 08:00:00,2026-06-26,8,PACK-LINE-01,18,day,Friday,2098,0,18,16,88,4,215,2,18,215,0,1883,added_packers_and_work_diverted,18,33087,376,18,0,1584,1584,31503,1.0,31503,1,31234.0,1
2026-06-26 09:00:00,2026-06-26,9,PACK-LINE-01,18,day,Friday,1387,0,18,16,89,5,54,2,18,54,0,1333,added_packers_and_work_diverted,18,32836,369,18,0,1602,1602,31234,1.0,31234,1,32297.0,1
2026-06-26 10:00:00,2026-06-26,10,PACK-LINE-01,18,day,Friday,2427,4,18,15,90,2,104,0,15,104,0,2323,work_diverted,14,33557,373,14,1,1260,1260,32297,1.0,32297,1,33194.0,1
2026-06-26 11:00:00,2026-06-26,11,PACK-LINE-01,18,day,Friday,2179,0,18,15,80,0,82,0,15,82,0,2097,work_diverted,18,34394,430,15,0,1200,1200,33194,1.0,33194,1,32922.0,1
2026-06-26 12:00:00,2026-06-26,12,PACK-LINE-01,18,day,Friday,1220,0,18,16,82,2,16,2,18,16,0,1204,added_packers_and_work_diverted,18,34398,420,18,0,1476,1476,32922,1.0,32922,1,32490.0,1
2026-06-26 13:00:00,2026-06-26,13,PACK-LINE-01,18,day,Friday,1372,0,18,18,85,3,337,0,18,274,0,1098,work_diverted,18,34020,401,18,0,1530,1530,32490,1.0,32490,1,32452.0,1
2026-06-26 14:00:00,2026-06-26,14,PACK-LINE-01,18,swing,Friday,1264,0,16,14,84,0,126,0,14,126,0,1138,work_diverted,18,33628,401,14,0,1176,1176,32452,1.0,32452,1,33141.0,1
2026-06-26 15:00:00,2026-06-26,15,PACK-LINE-01,18,swing,Friday,2166,0,16,15,88,1,69,1,16,69,0,2097,added_packers_and_work_diverted,18,34549,393,16,0,1408,1408,33141,1.0,33141,1,32939.0,1
2026-06-26 16:00:00,2026-06-26,16,PACK-LINE-01,18,swing,Friday,1260,1,16,15,80,5,102,2,17,102,0,1158,added_packers_and_work_diverted,17,34299,429,17,0,1360,1360,32939,1.0,32939,1,32920.0,1
2026-06-26 17:00:00,2026-06-26,17,PACK-LINE-01,18,swing,Friday,1815,0,16,16,84,4,322,2,18,322,0,1493,added_packers_and_work_diverted,18,34432,410,18,0,1512,1512,32920,1.0,32920,1,33239.0,1
2026-06-26 18:00:00,2026-06-26,18,PACK-LINE-01,18,swing,Friday,1885,0,16,13,88,1,334,1,14,334,0,1551,added_packers_and_work_diverted,18,34471,392,14,0,1232,1232,33239,1.0,33239,1,32758.0,1
2026-06-26 19:00:00,2026-06-26,19,PACK-LINE-01,18,swing,Friday,1184,0,16,14,85,3,220,3,17,220,0,964,added_packers_and_work_diverted,18,34203,403,17,0,1445,1445,32758,1.0,32758,1,32524.0,1
2026-06-26 20:00:00,2026-06-26,20,PACK-LINE-01,18,swing,Friday,1247,4,16,16,88,3,292,0,16,249,0,998,work_diverted,14,33756,384,14,2,1232,1232,32524,1.0,32524,1,32218.0,1
2026-06-26 21:00:00,2026-06-26,21,PACK-LINE-01,18,swing,Friday,1407,0,16,16,85,3,183,2,18,183,0,1224,added_packers_and_work_diverted,18,33748,398,18,0,1530,1530,32218,1.0,32218,1,32406.0,1
2026-06-26 22:00:00,2026-06-26,22,PACK-LINE-01,18,night,Friday,1277,0,10,7,86,3,229,3,10,229,0,1048,added_packers_and_work_diverted,18,33266,387,10,0,860,860,32406,1.0,32406,1,32389.0,1
2026-06-26 23:00:00,2026-06-26,23,PACK-LINE-01,18,night,Friday,1127,0,10,9,83,4,65,4,13,65,0,1062,added_packers_and_work_diverted,18,33468,404,13,0,1079,1079,32389,1.0,32389,1,32431.0,1
2026-06-27 00:00:00,2026-06-27,0,PACK-LINE-01,18,night,Saturday,790,0,10,9,81,0,19,0,9,19,0,771,work_diverted,18,33160,410,9,0,729,729,32431,1.0,32431,1,32275.0,1
2026-06-27 01:00:00,2026-06-27,1,PACK-LINE-01,18,night,Saturday,1169,2,10,8,84,5,250,5,13,233,0,936,added_packers_and_work_diverted,16,33367,398,13,0,1092,1092,32275,1.0,32275,1,32387.0,1
2026-06-27 02:00:00,2026-06-27,2,PACK-LINE-01,18,night,Saturday,1250,0,10,8,74,4,282,4,12,250,0,1000,added_packers_and_work_diverted,18,33275,450,12,0,888,888,32387,1.0,32387,1,32376.0,1
2026-06-27 03:00:00,2026-06-27,3,PACK-LINE-01,18,night,Saturday,1223,2,10,8,91,4,142,4,12,142,0,1081,added_packers_and_work_diverted,16,33468,368,12,0,1092,1092,32376,1.0,32376,1,31942.0,1
2026-06-27 04:00:00,2026-06-27,4,PACK-LINE-01,18,night,Saturday,790,0,10,10,83,4,62,4,14,62,0,728,added_packers_and_work_diverted,18,33104,399,14,0,1162,1162,31942,1.0,31942,1,31594.0,1
2026-06-27 05:00:00,2026-06-27,5,PACK-LINE-01,18,night,Saturday,810,0,10,8,83,4,341,4,12,162,0,648,added_packers_and_work_diverted,18,32590,393,12,0,996,996,31594,1.0,31594,1,31870.0,1
2026-06-27 06:00:00,2026-06-27,6,PACK-LINE-01,18,day,Saturday,1872,2,18,16,84,1,252,0,16,252,0,1620,work_diverted,16,33214,396,16,0,1344,1344,31870,1.0,31870,1,32398.0,1
2026-06-27 07:00:00,2026-06-27,7,PACK-LINE-01,18,day,Saturday,1791,3,18,17,82,2,33,0,17,33,0,1758,work_diverted,15,33628,411,15,2,1230,1230,32398,1.0,32398,1,32787.0,1
2026-06-27 08:00:00,2026-06-27,8,PACK-LINE-01,18,day,Saturday,1789,0,18,15,90,0,50,0,15,50,0,1739,work_diverted,18,34137,380,15,0,1350,1350,32787,1.0,32787,1,32296.0,1
2026-06-27 09:00:00,2026-06-27,9,PACK-LINE-01,18,day,Saturday,1386,0,18,18,89,3,275,0,18,275,0,1111,work_diverted,18,33898,381,18,0,1602,1602,32296,1.0,32296,1,33263.0,1
2026-06-27 10:00:00,2026-06-27,10,PACK-LINE-01,18,day,Saturday,2550,2,18,17,80,1,303,0,17,303,0,2247,work_diverted,16,34543,432,16,1,1280,1280,33263,1.0,33263,1,33582.0,1
2026-06-27 11:00:00,2026-06-27,11,PACK-LINE-01,18,day,Saturday,1911,0,18,18,83,0,98,0,18,98,0,1813,work_diverted,18,35076,423,18,0,1494,1494,33582,1.0,33582,1,34324.0,1
2026-06-27 12:00:00,2026-06-27,12,PACK-LINE-01,18,day,Saturday,2201,3,18,16,88,3,139,0,16,139,0,2062,work_diverted,15,35644,406,15,1,1320,1320,34324,1.0,34324,1,34894.0,1
2026-06-27 13:00:00,2026-06-27,13,PACK-LINE-01,18,day,Saturday,1841,4,18,16,83,4,109,0,16,109,0,1732,work_diverted,14,36056,435,14,2,1162,1162,34894,1.0,34894,1,34298.0,1
2026-06-27 14:00:00,2026-06-27,14,PACK-LINE-01,18,swing,Saturday,955,0,16,15,80,2,219,2,17,191,0,764,added_packers_and_work_diverted,18,35658,446,17,0,1360,1360,34298,1.0,34298,1,34344.0,1
2026-06-27 15:00:00,2026-06-27,15,PACK-LINE-01,18,swing,Saturday,1739,0,16,13,82,4,299,4,17,299,0,1440,added_packers_and_work_diverted,18,35738,436,17,0,1394,1394,34344,1.0,34344,1,34299.0,1
2026-06-27 16:00:00,2026-06-27,16,PACK-LINE-01,18,swing,Saturday,1276,0,16,13,82,2,91,2,15,91,0,1185,added_packers_and_work_diverted,18,35529,434,15,0,1230,1230,34299,1.0,34299,1,34735.0,1
2026-06-27 17:00:00,2026-06-27,17,PACK-LINE-01,18,swing,Saturday,1946,3,16,13,92,2,130,2,15,130,0,1816,added_packers_and_work_diverted,15,36115,393,15,0,1380,1380,34735,1.0,34735,1,35185.0,1
2026-06-27 18:00:00,2026-06-27,18,PACK-LINE-01,18,swing,Saturday,1918,2,16,14,82,1,238,1,15,238,0,1680,added_packers_and_work_diverted,16,36415,445,15,0,1230,1230,35185,1.0,35185,1,35483.0,1
2026-06-27 19:00:00,2026-06-27,19,PACK-LINE-01,18,swing,Saturday,1913,1,16,13,79,4,272,4,17,272,0,1641,added_packers_and_work_diverted,17,36826,467,17,0,1343,1343,35483,1.0,35483,1,35354.0,1
2026-06-27 20:00:00,2026-06-27,20,PACK-LINE-01,18,swing,Saturday,1374,2,16,16,81,1,207,0,16,207,0,1167,work_diverted,16,36650,453,16,0,1296,1296,35354,1.0,35354,1,34975.0,1
2026-06-27 21:00:00,2026-06-27,21,PACK-LINE-01,18,swing,Saturday,1101,4,16,15,90,5,327,0,15,220,0,881,work_diverted,14,36235,403,14,1,1260,1260,34975,1.0,34975,1,34265.0,1
2026-06-27 22:00:00,2026-06-27,22,PACK-LINE-01,18,night,Saturday,800,0,10,10,90,5,269,5,15,160,0,640,added_packers_and_work_diverted,18,35615,396,15,0,1350,1350,34265,1.0,34265,1,34679.0,1
2026-06-27 23:00:00,2026-06-27,23,PACK-LINE-01,18,night,Saturday,1319,0,10,10,85,0,55,0,10,55,0,1264,work_diverted,18,35529,418,10,0,850,850,34679,1.0,34679,1,34950.0,1
2026-06-28 00:00:00,2026-06-28,0,PACK-LINE-01,18,night,Sunday,1010,0,10,7,81,1,91,1,8,91,0,919,added_packers_and_work_diverted,18,35598,440,8,0,648,648,34950,1.0,34950,1,35423.0,1
2026-06-28 01:00:00,2026-06-28,1,PACK-LINE-01,18,night,Sunday,1360,0,10,7,88,2,95,2,9,95,0,1265,added_packers_and_work_diverted,18,36215,412,9,0,792,792,35423,1.0,35423,1,35811.0,1
2026-06-28 02:00:00,2026-06-28,2,PACK-LINE-01,18,night,Sunday,1165,0,10,7,79,0,224,0,7,224,0,941,work_diverted,18,36364,461,7,0,553,553,35811,1.0,35811,1,35570.0,1
2026-06-28 03:00:00,2026-06-28,3,PACK-LINE-01,18,night,Sunday,873,2,10,10,85,2,94,2,12,94,0,779,added_packers_and_work_diverted,16,36590,431,12,0,1020,1020,35570,1.0,35570,1,35907.0,1
2026-06-28 04:00:00,2026-06-28,4,PACK-LINE-01,18,night,Sunday,1355,0,10,9,83,0,331,0,9,271,0,1084,work_diverted,18,36654,442,9,0,747,747,35907,1.0,35907,1,36142.0,1
2026-06-28 05:00:00,2026-06-28,5,PACK-LINE-01,18,night,Sunday,1306,0,10,9,81,1,263,1,10,261,0,1045,added_packers_and_work_diverted,18,36952,457,10,0,810,810,36142,1.0,36142,1,35910.0,1
2026-06-28 06:00:00,2026-06-28,6,PACK-LINE-01,18,day,Sunday,1558,0,18,18,92,1,134,0,18,134,0,1424,work_diverted,18,37566,409,18,0,1656,1656,35910,1.0,35910,1,35889.0,1
2026-06-28 07:00:00,2026-06-28,7,PACK-LINE-01,18,day,Sunday,1430,0,18,16,89,0,27,0,16,27,0,1403,work_diverted,18,37313,420,16,0,1424,1424,35889,1.0,35889,1,35467.0,1
2026-06-28 08:00:00,2026-06-28,8,PACK-LINE-01,18,day,Sunday,1042,1,18,15,85,0,189,0,15,189,0,853,work_diverted,17,36742,433,15,0,1275,1275,35467,1.0,35467,1,35231.0,1
2026-06-28 09:00:00,2026-06-28,9,PACK-LINE-01,18,day,Sunday,1595,0,18,15,87,4,265,3,18,265,0,1330,added_packers_and_work_diverted,18,36797,423,18,0,1566,1566,35231,1.0,35231,1,34967.0,1
2026-06-28 10:00:00,2026-06-28,10,PACK-LINE-01,18,day,Sunday,1282,3,18,15,86,5,256,0,15,256,0,1026,work_diverted,15,36257,422,15,0,1290,1290,34967,1.0,34967,1,35510.0,1
2026-06-28 11:00:00,2026-06-28,11,PACK-LINE-01,18,day,Sunday,2015,3,18,15,90,3,122,0,15,122,0,1893,work_diverted,15,36860,410,15,0,1350,1350,35510,1.0,35510,1,35942.0,1
2026-06-28 12:00:00,2026-06-28,12,PACK-LINE-01,18,day,Sunday,2067,3,18,15,87,0,330,0,15,330,0,1737,work_diverted,15,37247,429,15,0,1305,1305,35942,1.0,35942,1,35897.0,1
2026-06-28 13:00:00,2026-06-28,13,PACK-LINE-01,18,day,Sunday,1360,3,18,17,78,1,235,0,17,235,0,1125,work_diverted,15,37067,476,15,2,1170,1170,35897,1.0,35897,1,36048.0,1
2026-06-28 14:00:00,2026-06-28,14,PACK-LINE-01,18,swing,Sunday,1328,0,16,13,84,0,85,0,13,85,0,1243,work_diverted,18,37140,443,13,0,1092,1092,36048,1.0,36048,1,36158.0,1
2026-06-28 15:00:00,2026-06-28,15,PACK-LINE-01,18,swing,Sunday,1853,1,16,14,90,4,213,3,17,213,0,1640,added_packers_and_work_diverted,17,37688,419,17,0,1530,1530,36158,1.0,36158,1,35886.0,1
2026-06-28 16:00:00,2026-06-28,16,PACK-LINE-01,18,swing,Sunday,1415,0,16,15,95,0,262,0,15,262,0,1153,work_diverted,18,37311,393,15,0,1425,1425,35886,1.0,35886,1,35895.0,1
2026-06-28 17:00:00,2026-06-28,17,PACK-LINE-01,18,swing,Sunday,1662,2,16,14,84,4,309,2,16,309,0,1353,added_packers_and_work_diverted,16,37239,444,16,0,1344,1344,35895,1.0,35895,1,36074.0,1
2026-06-28 18:00:00,2026-06-28,18,PACK-LINE-01,18,swing,Sunday,1774,4,16,13,89,3,349,1,14,349,0,1425,added_packers_and_work_diverted,14,37320,420,14,0,1246,1246,36074,1.0,36074,1,35732.0,1
2026-06-28 19:00:00,2026-06-28,19,PACK-LINE-01,18,swing,Sunday,1399,0,16,13,86,4,311,4,17,279,0,1120,added_packers_and_work_diverted,18,37194,433,17,0,1462,1462,35732,1.0,35732,1,35263.0,1
2026-06-28 20:00:00,2026-06-28,20,PACK-LINE-01,18,swing,Sunday,918,0,16,13,86,1,334,1,14,183,0,735,added_packers_and_work_diverted,18,36467,425,14,0,1204,1204,35263,1.0,35263,1,35421.0,1
2026-06-28 21:00:00,2026-06-28,21,PACK-LINE-01,18,swing,Sunday,1397,4,16,16,88,1,7,0,16,7,0,1390,work_diverted,14,36653,417,14,2,1232,1232,35421,1.0,35421,1,35103.0,1
2026-06-28 22:00:00,2026-06-28,22,PACK-LINE-01,18,night,Sunday,784,0,10,8,86,3,336,3,11,156,0,628,added_packers_and_work_diverted,18,36049,420,11,0,946,946,35103,1.0,35103,1,34989.0,1
2026-06-28 23:00:00,2026-06-28,23,PACK-LINE-01,18,night,Sunday,837,4,10,9,83,2,38,2,11,38,0,799,added_packers_and_work_diverted,14,35902,433,11,0,913,913,34989,1.0,34989,1,34575.0,1
2026-06-29 00:00:00,2026-06-29,0,PACK-LINE-01,18,night,Monday,760,3,10,8,87,5,43,5,13,43,0,717,added_packers_and_work_diverted,15,35706,411,13,0,1131,1131,34575,1.0,34575,1,33942.0,1
2026-06-29 01:00:00,2026-06-29,1,PACK-LINE-01,18,night,Monday,576,1,10,9,80,5,89,5,14,89,0,487,added_packers_and_work_diverted,17,35062,439,14,0,1120,1120,33942,1.0,33942,1,33933.0,1
2026-06-29 02:00:00,2026-06-29,2,PACK-LINE-01,18,night,Monday,878,3,10,7,77,4,40,4,11,40,0,838,added_packers_and_work_diverted,15,34780,452,11,0,847,847,33933,1.0,33933,1,33465.0,1
2026-06-29 03:00:00,2026-06-29,3,PACK-LINE-01,18,night,Monday,835,0,10,10,86,5,13,5,15,13,0,822,added_packers_and_work_diverted,18,34755,405,15,0,1290,1290,33465,1.0,33465,1,33201.0,1
2026-06-29 04:00:00,2026-06-29,4,PACK-LINE-01,18,night,Monday,855,0,10,9,79,3,282,3,12,171,0,684,added_packers_and_work_diverted,18,34149,433,12,0,948,948,33201,1.0,33201,1,33369.0,1
2026-06-29 05:00:00,2026-06-29,5,PACK-LINE-01,18,night,Monday,1141,0,10,7,86,4,27,4,11,27,0,1114,added_packers_and_work_diverted,18,34315,400,11,0,946,946,33369,1.0,33369,1,33016.0,1
2026-06-29 06:00:00,2026-06-29,6,PACK-LINE-01,18,day,Monday,1142,2,18,17,89,4,71,0,17,71,0,1071,work_diverted,16,34440,387,16,1,1424,1424,33016,1.0,33016,1,32416.0,1
2026-06-29 07:00:00,2026-06-29,7,PACK-LINE-01,18,day,Monday,865,1,18,15,76,2,175,2,17,173,0,692,added_packers_and_work_diverted,17,33708,444,17,0,1292,1292,32416,1.0,32416,1,31879.0,1
2026-06-29 08:00:00,2026-06-29,8,PACK-LINE-01,18,day,Monday,1106,0,18,17,79,3,281,1,18,221,0,885,added_packers_and_work_diverted,18,33301,422,18,0,1422,1422,31879,1.0,31879,1,31412.0,1
2026-06-29 09:00:00,2026-06-29,9,PACK-LINE-01,18,day,Monday,1216,0,18,17,80,5,282,1,18,243,0,973,added_packers_and_work_diverted,18,32852,411,18,0,1440,1440,31412,1.0,31412,1,31633.0,1
2026-06-29 10:00:00,2026-06-29,10,PACK-LINE-01,18,day,Monday,1785,4,18,16,87,2,346,0,16,346,0,1439,work_diverted,14,32851,378,14,2,1218,1218,31633,1.0,31633,1,31576.0,1
2026-06-29 11:00:00,2026-06-29,11,PACK-LINE-01,18,day,Monday,1398,3,18,15,79,4,270,0,15,270,0,1128,work_diverted,15,32761,415,15,0,1185,1185,31576,1.0,31576,1,31754.0,1
2026-06-29 12:00:00,2026-06-29,12,PACK-LINE-01,18,day,Monday,1333,4,18,16,81,1,21,0,16,21,0,1312,work_diverted,14,32888,407,14,2,1134,1134,31754,1.0,31754,1,31599.0,1
2026-06-29 13:00:00,2026-06-29,13,PACK-LINE-01,18,day,Monday,1213,2,18,18,84,2,24,0,18,24,0,1189,work_diverted,16,32943,393,16,2,1344,1344,31599,1.0,31599,1,31498.0,1
2026-06-29 14:00:00,2026-06-29,14,PACK-LINE-01,18,swing,Monday,1252,3,16,16,81,2,138,0,16,138,0,1114,work_diverted,15,32713,404,15,1,1215,1215,31498,1.0,31498,1,31329.0,1
2026-06-29 15:00:00,2026-06-29,15,PACK-LINE-01,18,swing,Monday,1523,0,16,14,89,3,179,3,17,179,0,1344,added_packers_and_work_diverted,18,32842,370,17,0,1513,1513,31329,1.0,31329,1,31314.0,1
2026-06-29 16:00:00,2026-06-29,16,PACK-LINE-01,18,swing,Monday,1594,2,16,14,89,3,185,2,16,185,0,1409,added_packers_and_work_diverted,16,32738,368,16,0,1424,1424,31314,1.0,31314,1,31031.0,1
2026-06-29 17:00:00,2026-06-29,17,PACK-LINE-01,18,swing,Monday,1315,0,16,13,89,2,316,2,15,263,0,1052,added_packers_and_work_diverted,18,32366,364,15,0,1335,1335,31031,1.0,31031,1,30337.0,1
2026-06-29 18:00:00,2026-06-29,18,PACK-LINE-01,18,swing,Monday,852,2,16,14,86,5,310,2,16,170,0,682,added_packers_and_work_diverted,16,31713,369,16,0,1376,1376,30337,1.0,30337,1,30526.0,1
2026-06-29 19:00:00,2026-06-29,19,PACK-LINE-01,18,swing,Monday,1482,2,16,14,82,0,145,0,14,145,0,1337,work_diverted,16,31674,387,14,0,1148,1148,30526,1.0,30526,1,30534.0,1
2026-06-29 20:00:00,2026-06-29,20,PACK-LINE-01,18,swing,Monday,1524,2,16,16,86,5,140,0,16,140,0,1384,work_diverted,16,31910,372,16,0,1376,1376,30534,1.0,30534,1,30293.0,1
2026-06-29 21:00:00,2026-06-29,21,PACK-LINE-01,18,swing,Monday,901,4,16,13,80,5,22,1,14,22,0,879,added_packers_and_work_diverted,14,31413,393,14,0,1120,1120,30293,1.0,30293,1,30146.0,1
2026-06-29 22:00:00,2026-06-29,22,PACK-LINE-01,18,night,Monday,790,0,10,7,79,4,68,4,11,68,0,722,added_packers_and_work_diverted,18,31015,393,11,0,869,869,30146,1.0,30146,1,29847.0,1
